no,title,county,town,address,tel,mobile
1,埔墘福德宮,新北市,板橋區,中山路二段250巷1號(埔墘福德宮),(02)29645591,無
2,新北市板橋區大豐里辦公處,新北市,板橋區,忠孝路48巷5弄4號(大豐市民活動中心),(02)29524458,無
3,新北市板橋區親子服務協會,新北市,板橋區,中正路413巷2弄24、26號(中正市民活動中心),(02)29534297,無
4,新北市板橋區十二埒社區發展協會(原:金華社區發展協會),新北市,板橋區,中正路413巷2弄24號(中正市民活動中心),(02)29608956,無
5,財團法人台灣省私立健順養護中心(新北市板橋頤安公共托老中心),新北市,板橋區,廣權路130號(五權公園活動中心),(02)89533885,無
6,新北市板橋區仁愛里辦公處,新北市,板橋區,國慶路149巷21弄16號(忠孝公園市民活動中心),(02)89533956,無
7,新北市板橋區仁翠里辦公處,新北市,板橋區,裕民街76巷14號,(02)82521582,無
8,新北市板橋區鶴齡服務協會,新北市,板橋區,臨民生路二段56號之6(2樓),(02)22595930,無
9,新北市板橋區文翠里辦公處,新北市,板橋區,文聖街11巷12號,(02)82527372,無
10,新北市板橋區文德里辦公處,新北市,板橋區,新海路72巷4號1樓,(02)22573307,無
11,新北市板橋區正泰里辦公處,新北市,板橋區,三民路二段正泰二巷7號,(02)29570073,無
12,新北市板橋區國光社區發展協會,新北市,板橋區,民權路202巷7弄28號(民安活動中心),無,937002801
13,新北市板橋區民族里辦公處,新北市,板橋區,民族路247巷7弄34號1、2樓,(02)29506999,無
14,新北市板橋區光仁里辦公處,新北市,板橋區,仁街82號,(02)29611761,無
15,新北市板橋區中山社區發展協會,新北市,板橋區,光復街133巷5號,(02)29640347,無
16,新北市板橋區光華里辦公處,新北市,板橋區,光華街1號1-4樓(光華市民活動中心),(02)29601222,無
17,新北市板橋區光榮里辦公處,新北市,板橋區,光華街52號(光榮市民活動中心),(02)29685269,無
18,潮和鶴齡關懷協會(板橋江子翠潮和宮),新北市,板橋區,吳鳳路50巷93號,(02)89552550,無
19,新北市板橋區自立里辦公處,新北市,板橋區,大智街77號(自立市民活動中心),(02)29679914,無
20,新北市板橋區板新社區發展協會,新北市,板橋區,民生路二段89號之1號(西安市民活動中心),(02)29535919,無
21,新北市板橋區和平里辦公處,新北市,板橋區,和平路安樂巷51號,(02)29557838,無
22,新北市板橋區幸福里辦公處,新北市,板橋區,幸福路44號,(02)22574424,無
23,新北市奉獻地方服務協會,新北市,板橋區,雙十路二段191號,(02)22537879,無
24,新北市板橋愛活樂園公共托老中心(社團法人愛福家協會),新北市,板橋區,雙十路二段215號4樓,(02)22506500,無
25,新北市板橋區忠翠里辦公處,新北市,板橋區,雙十路二段47巷2弄33號,(02)22500277,無
26,新北市板橋區宏翠社區發展協會,新北市,板橋區,四維路168號,(02)22561965,無
27,新北市板橋區關懷社會協會,新北市,板橋區,雙十路二段69巷5號,無,910191833
28,新北市板橋區三民社區發展協會,新北市,板橋區,民生路1段30-1號(民生公園活動中心),(02)29561159,無
29,新北市萬福關懷銀髮族協會,新北市,板橋區,民生路1段30-1號(民生公園活動中心),(02)29552532,無
30,新北市板橋區東安里辦公處,新北市,板橋區,長安街331巷59號,(02)89517389,無
31,新北市板橋區松翠里辦公處,新北市,板橋區,松柏街15巷22-1號,(02)22511124,無
32,新北市板橋區老人會,新北市,板橋區,中正路86號,(02)29692100,無
33,板橋北極壇,新北市,板橋區,中正路80巷1弄7號,(02)29680470,無
34,新北市板橋區社後里辦公處,新北市,板橋區,大仁街33巷2號(社後里活動中心),(02)29677989,無
35,新北市板橋區金華里辦公處,新北市,板橋區,金華街10巷4號(金華市民活動中心),(02)29693025,無
36,新北市板橋區長壽里辦公處,新北市,板橋區,三民路二段109巷12號,(02)29612968,無
37,新北市板橋區信義里辦公處,新北市,板橋區,信義路74巷7弄3號,(02)29558215,無
38,新北市板橋區四汴頭社區發展協會,新北市,板橋區,信義路150巷43號(信義公園活動中心),(02)89642428,無
39,新北市板橋區建國里辦公處,新北市,板橋區,建國街59號,(02)29698142,無
40,新北市板橋區後埔里辦公處,新北市,板橋區,重慶路89巷9弄2號(後埔市民活動中心),(02)29565712,無
41,社團法人中華民國愛與希望協會,新北市,板橋區,館前東路96號3樓,(02)29511040,無
42,新北市後埔關懷協會,新北市,板橋區,後埔里館前東路96-3號,(02)29548562,無
43,財團法人台北市基督教台灣貴格會國光教會,新北市,板橋區,東門街30之2號4樓,(02)29694665,無
44,新北市板橋區香丘里辦公處,新北市,板橋區,漢生東路117巷7號,(02)89514121,無
45,新北市板橋區香社里辦公處,新北市,板橋區,中正路275巷69號,(02)29695810,無
46,新北市板橋區香雅里辦公處,新北市,板橋區,南雅西路二段307號,(02)29669675,無
47,新北市板橋區振興里辦公處,新北市,板橋區,振興里9鄰翠華街6巷1弄15號,(02)29635758,無
48,新北市板橋區浮洲里辦公處,新北市,板橋區,大觀路一段28巷111弄10號,無,912837753
49,新北市板橋區國光里辦公處,新北市,板橋區,國光路76號(國光市民活動中心),(02)29694828,無
50,新北市板橋區埤墘里辦公處,新北市,板橋區,縣民大道三段33之1號後門(埤墘第一市民活動中心),(02)89516381,無
51,新北市板橋區溪崑社區發展協會,新北市,板橋區,金門街253巷10弄7號(溪崑第二市民活動中心),(02)86751123,無
52,中華民國紅心字會,新北市,板橋區,存德街29號,(02)26815518,無
53,新北市板橋海山公共托老中心,新北市,板橋區,長安街253號,(02)89520151,無
54,新北市板橋區莊敬里辦公處,新北市,板橋區,民生路二段120號(莊敬市民活動中心),(02)22542199,無
55,新北市板橋區復興里辦公處,新北市,板橋區,大觀路二段32號(警衛室對面),(02)22753934,無
56,國軍退除役官兵輔導委員會板橋榮譽國民之家,新北市,板橋區,大觀路二段32號,(02)22755157,無
57,新北市板橋區朝陽里辦公處,新北市,板橋區,裕民街133巷2號,(02)22573257,無
58,新北市板橋區港尾里辦公處,新北市,板橋區,中正路336之1號(港尾市民活動中心),(02)29690815,無
59,社團法人台灣樂活服務發展協會(板橋港尾站),新北市,板橋區,中山路2段318巷20弄5號1樓,無,926627853
60,新北市板橋區港嘴里辦公處,新北市,板橋區,縣民大道三段245-1號(港嘴市民活動中心),(02)22591380,無
61,新北市板橋區湳興里辦公處,新北市,板橋區,南雅西路一段64號(湳興市民活動中心),(02)29679900,無
62,新北市板橋區華中里辦公處,新北市,板橋區,僑中一街102巷7弄1、3號(華中市民活動中心),(02)29680023,無
63,新北市板橋區埤墘社區發展協會,新北市,板橋區,莊敬路179號(埤墘第二市民活動中心),(02)82536683,無
64,新北市板橋區華江里辦公處,新北市,板橋區,民生路二段226巷17弄9號(巡守隊旁),(02)22528366,無
65,新北市板橋區華貴里辦公處,新北市,板橋區,大明街20巷19弄13號(華貴市民活動中心),(02)29510606,無
66,新北市板橋區華福里辦公處,新北市,板橋區,東興街17號,(02)29580219,無
67,新北市華福關懷協會,新北市,板橋區,大華街居安巷31號,(02)89658171,無
68,新北市板橋區華翠里辦公處,新北市,板橋區,莒光路133巷42號(華翠市民活動中心),(02)22528552,無
69,新北市板橋區華德里辦公處,新北市,板橋區,四川路二段245巷125號(華德公園活動中心),(02)89676580,無
70,新北市板橋區華東社區發展協會,新北市,板橋區,四川路二段245巷125號,無,910080339
71,新北市板橋區鄉雲里辦公處,新北市,板橋區,大華街168號(鄉雲市民活動中心),(02)29531198,無
72,社團法人中華民國天元慈善功德會,新北市,板橋區,四川路二段16巷5號10樓,(02)89673536,無
73,新北市板橋區陽明里辦公處,新北市,板橋區,陽明街166號,(02)22573159,無
74,新北市基督教女青年會,新北市,板橋區,北門街61號,(02)29655100,無
75,新北市板橋區新生里辦公處,新北市,板橋區,新生街23巷17號1樓(新生市民活動中心),(02)29691892,無
76,新北市板橋區新埔里辦公處,新北市,板橋區,文化路一段453巷31弄3號,(02)82510593,無
77,新北市板橋新埔商圈協會,新北市,板橋區,民有街1-2號1樓,(02)82536119,無
78,新北市板橋區新翠里辦公處,新北市,板橋區,陽明街166號,(02)22563351,921145586
79,新北市板橋區新興里辦公處,新北市,板橋區,中興路63號(新興市民活動中心),(02)29680816,無
80,新北市板橋區溪北里辦公處,新北市,板橋區,崑二街45號,(02)26831839,無
81,新北市健康九九輔導關懷促進協會,新北市,板橋區,滿平街69號,(02)26825630,無
82,新北市板橋區滿翠里辦公處,新北市,板橋區,民生路三段270之1號(六里聯合活動中心),(02)22556070,無
83,新北市慈光身心障礙者公益服務協會,新北市,板橋區,建國街132號,(02)22310955,無
84,新北市板橋區福丘里辦公處,新北市,板橋區,中山路一段115號(福丘里辦公處),(02)29539212,無
85,新北市板橋區景福社區發展協會,新北市,板橋區,四川路一段157巷7號(福星區民活動中心),(02)29512625,無
86,新北市板橋區福星里辦公處,新北市,板橋區,校前街39巷1號,(02)29510833,無
87,新北市板橋區福壽里辦公處,新北市,板橋區,三民路二段居仁巷2弄50號,(02)29579873,無
88,新北市板橋區福翠里辦公處,新北市,板橋區,萬板路812-1號(福翠市民活動中心),(02)22511102,無
89,新北市板橋區福泰社區發展協會,新北市,板橋區,忠孝路忠義巷9弄1-1號(福泰市民活動中心),(02)29513625,無
90,新北市板橋區聚安里辦公處,新北市,板橋區,龍興街71巷12號,(02)29600213,無
91,新北市板橋區雙新社區發展協會,新北市,板橋區,太和街6巷3號,(02)89645966,無
92,新北市新住民促進會,新北市,板橋區,永豐街124號(永豐公園市民活動中心),(02)29561159,無
93,新北市板橋區廣德里辦公處,新北市,板橋區,重慶路245巷32弄18號(重慶公園活動中心),(02)29643797,無
94,新北市板橋區德翠社區發展協會,新北市,板橋區,新海路403巷22號(新海里巡守崗亭),無,916207589
95,新北市板橋區德翠里辦公處,新北市,板橋區,中正路372巷(玫瑰公園),無,936284321
96,新北市板橋區龍興社區發展協會,新北市,板橋區,龍興街42號B1,(02)29670787,無
97,新北市板橋區大浮洲發展協進會(龍安站),新北市,板橋區,大觀路二段174巷118弄2號,(02)29589299,無
98,新北市板橋大同長青關懷協會,新北市,板橋區,文聖街209-1號(龍翠市民活動中心),(02)22512275,無
99,新北市板橋區社會奉獻服務協會,新北市,板橋區,富山街100號,(02)22537879,無
100,新北市板橋雙玉環保協會,新北市,板橋區,永豐街251號(雙玉里王聰震里長家),(02)29529786,無
101,新北市新住民促進會,新北市,板橋區,永豐街124號(永豐公園市民活動中心),(02)29561159,無
102,新北市板橋區歡園社區發展協會,新北市,板橋區,大觀路一段38巷1之5號(歡園市民活動中心),(02)29642301,無
103,新北市板橋區中山里辦公處,新北市,板橋區,大觀路二段37巷280號,(02)82752345,無
104,新北市板橋區文化里辦公處,新北市,板橋區,松江街72巷15號,(02)82536211,無
105,新北市板橋區永安里辦公處,新北市,板橋區,雙十路一段25號,(02)22573737,無
106,新北市板橋區溪崑社區發展協會,新北市,板橋區,金門街253巷10弄7號,(02)86751123,無
107,新北市板橋區宏翠里辦公處,新北市,板橋區,長江路一段156巷9弄5號,(02)82585055,無
108,新北市板橋區忠誠里辦公處,新北市,板橋區,陽明街29巷1弄20號,(02)22558859,無
109,新北市板橋區青翠里辦公處,新北市,板橋區,民治街51巷2號,(02)22596936,無
110,新北市板橋區柏翠里辦公處,新北市,板橋區,文化路二段369巷26號,(02)22500232,無
111,新北市板橋區埔墘里辦公處,新北市,板橋區,中山路二段416巷38弄26號,(02)29525320,無
112,新北市板橋區純翠里辦公處,新北市,板橋區,光武街110巷42號,(02)22586898,無
113,新北市板橋區國泰里辦公處,新北市,板橋區,國泰街75巷2弄15號,(02)29627666,無
114,新北市板橋區莒光里辦公處,新北市,板橋區,文化路二段124巷8號,(02)22566699,無
115,新北市板橋區嵐翠里辦公處,新北市,板橋區,仁化街181號,(02)22511104,無
116,新北市板橋區景福社區發展協會,新北市,板橋區,四川路一段157巷7號(福星區民活動中心),(02)29512625,無
117,新北市健康九九輔導關懷促進協會,新北市,板橋區,滿平街69號,(02)26825630,無
118,新北市板橋區溪福里辦公處,新北市,板橋區,金門街336巷7號(溪福市民活動中心),(02)26831254,無
119,新北市板橋區溪頭里辦公處,新北市,板橋區,長江路二段215號9樓,無,936902956
120,新北市板橋區廣福里辦公處,新北市,板橋區,信義路179之1號,(02)89521120,無
121,中華民國紅十字會臺灣省分會板橋老人服務中心,新北市,板橋區,文化路1段301號,(02)22559713,無
122,社團法人玉山菊元協會(板橋新民站),新北市,板橋區,文化路一段120號5樓之1,(02)22542673,無
123,新北市板橋區振義里辦公處,新北市,板橋區,萬安街53巷30號,(02)29512756,923928662
124,新北市板橋區大浮洲發展協進會(大安站),新北市,板橋區,大觀路二段7巷14、9號,(02)29589299,無
125,新北市板橋區歡園社區發展協會,新北市,板橋區,大觀路一段38巷1之5號(歡園市民活動中心),(02)29642301,無
126,新北市板橋區文聖里辦公處,新北市,板橋區,文聖街149巷27號(文聖市民活動中心),(02)22569320,無
127,新北市板橋區板新社區發展協會,新北市,板橋區,民生路二段89號之1號(西安市民活動中心),(02)29535919,無
128,新北市大社后愛心關懷協進會(民權站),新北市,板橋區,民權路202巷9弄39號1樓(民權市民活動中心),(02)29589299,無
129,新北市板橋區玉光里辦公處,新北市,板橋區,玉光里民生路2段臨56號之3(玉光里活動中心),(02)22573307,無
130,新北市板橋區百壽里辦公處,新北市,板橋區,民生路二段臨89之5號(百壽介壽市民活動中心),(02)22561435,無
131,新北市板橋區德翠社區發展協會,新北市,板橋區,新海路403巷22號(新海里巡守崗亭),無,916207589
132,財團法人新北市自強基督教板橋浸禮聖經會,新北市,板橋區,大智街13號,(02)29654997,無
133,新北市板橋區老人會,新北市,板橋區,中正路86號,(02)29692100,無
134,新北市板橋區三民社區發展協會,新北市,板橋區,民生路1段30-1號(民生公園活動中心),(02)29561159,無
135,新北市板橋區三民社區發展協會,新北市,板橋區,民生路1段30-1號(民生公園活動中心),(02)29561159,無
136,新北市板橋區松柏里辦公處,新北市,板橋區,文聖街149巷27號(文聖市民活動中心),(02)82527365,無
137,新北市板橋大後埔文化關懷協進會(重慶站),新北市,板橋區,國慶路149巷3弄7號,(02)29589299,無
138,新北市板橋區老人會,新北市,板橋區,中正路86號,(02)29692100,無
139,新北市板橋區三民社區發展協會,新北市,板橋區,民生路1段30-1號(民生公園活動中心),(02)29561159,無
140,新北市板橋區老人會,新北市,板橋區,中正路86號,(02)29692100,無
141,新北市板橋區留侯里辦公處,新北市,板橋區,福德街2巷5號,(02)29690146,無
142,新北市板橋區十二埒社區發展協會(原:金華社區發展協會),新北市,板橋區,中正路413巷2弄24號(中正市民活動中心),無,912348902
143,新北市新住民促進會,新北市,板橋區,永豐街124號(永豐公園市民活動中心),(02)29561159,無
144,亞東新都廳社區管理委員會,新北市,板橋區,四川路二段98~100號,(02)89674709,無
145,新北市華東關懷服務協會,新北市,板橋區,四川路二段130巷32號(華東市民活動中心),(02)89669361,無
146,財團法人新北市基督教仁愛浸信會,新北市,板橋區,貴興路80號地下一樓,(02)29550629,無
147,新北市板橋區新民里辦公處,新北市,板橋區,漢生東路45號,(02)22565287,無
148,新北市板橋區歡園社區發展協會,新北市,板橋區,大觀路一段38巷1之5號(歡園市民活動中心),(02)29642301,無
149,財團法人中華民國佛教慈濟慈善事業基金會(板橋靜思堂),新北市,板橋區,大觀路二段265巷15號,(02)22187770,無
150,新北市市敏動齡健康關懷協會(板橋文化站),新北市,板橋區,光武街48巷47弄7號2樓,無,963666198
151,新北市板橋區聯翠里辦公處,新北市,板橋區,光武街24巷1號1樓,無,912866985
152,新北市板橋區福祿里辦公處,新北市,板橋區,國泰街39巷7弄15號1、2樓,(02)29570021,無
153,新北市大新板愛心關懷協會(懷翠站),新北市,板橋區,懷德街191巷26弄1號,(02)29589299,無
154,新北市市敏動齡健康關懷協會(板橋文化站),新北市,板橋區,光武街48巷47弄7號2樓,無,963666198
155,新北市三重區老人會,新北市,三重區,信義西街1號一巷信義公園內聯歡聽,(02)29817542,無
156,鎮安宮,新北市,三重區,信義西街1號一巷信義公園內鎮安宮,(02)29857672,無
157,社團法人新北市國度關懷協會,新北市,三重區,重新路四段39-1號4樓,(02)29862747,無
158,財團法人志浩慈善基金會,新北市,三重區,重新路5段609巷10號2樓之2,(02)29998790,無
159,新北市三重區慈祐里辦公處,新北市,三重區,仁愛街425巷9之1號(慈祐市民活動中心),(02)29882975,無
160,新北市三重區永發里辦公處,新北市,三重區,中正北路193巷45號(愛買市民聯誼中心),(02)29845190,無
161,新北市三重區永德里辦公處,新北市,三重區,自強路3段42巷11號(後竹圍市民活動中心),(02)29869999,無
162,新北市三重區田安里辦公處,新北市,三重區,中華路125號(聯邦市民活動中心),(02)89881235,無
163,新北市三重區立德里辦公處,新北市,三重區,忠孝路二段30號(和平市民活動中心),(02)29890227,無
164,新北市三重區光田里辦公處,新北市,三重區,中華路5號(興華市民活動中心),(02)29852477,無
165,新北市三重區福民里辦公處,新北市,三重區,成功路9號1(中興橋市民活動中心),(02)29764185,無
166,新北市三重區福田里辦公處,新北市,三重區,三民街256號(福田市民活動中心),(02)29821513,無
167,新北市三重區福星里辦公處,新北市,三重區,中央北路26號4樓(華錦里民休閒處),(02)29753377,無
168,新北市三重活躍樂齡協會,新北市,三重區,重陽路一段60巷101號(重陽市民活動中心),(02)29891010,無
169,新北市三重區三合社區發展協會,新北市,三重區,自強路四段84號B1(廣一市民活動中心),(02)82873568,無
170,新北市三重區溪美里辦公處,新北市,三重區,自強路四段84號B1(廣一市民活動中心),(02)89850578,無
171,新北市三重溪美公共托老中心,新北市,三重區,溪尾街73號4樓,(02)89859771,無
172,新北市三重區大同社區發展協會,新北市,三重區,大同北路186號(大同市民活動中心),(02)29891987,無
173,新北市福齡松青會,新北市,三重區,大同北路186號(大同市民活動中心B1),(02)29893406,無
174,新北市三重區大智社區發展協會,新北市,三重區,中正北路27-1號(新北市三重區中正北路高架路橋下空間),(02)29850601,無
175,新北市三重區大園里辦公處,新北市,三重區,大同北路186號(大同市民活動中心),(02)89813827,無
176,新北市三重區大德里辦公處,新北市,三重區,台北橋下橋孔(台北橋市民活動中心),(02)29752526,無
177,新北市三重區中山里辦公處,新北市,三重區,大同北路186號(大同市民活動中心),(02)29850601,無
178,新北市三重區中正里辦公處,新北市,三重區,中寮街57巷18號(菜寮市民活動中心),(02)29767086,無
179,新北市三重區五谷里辦公處,新北市,三重區,五谷王北街77號(先嗇宮文教活動中心),(02)29956721,無
180,新北市三重區五華里辦公處,新北市,三重區,仁義街228巷12號(五華市民活動中心),(02)29899369,無
181,新北市三重區五順里辦公處,新北市,三重區,仁義街211巷13號,(02)29809877,無
182,新北市三重區五福里辦公處,新北市,三重區,環河北路三段86號(重陽橋市民活動中心),(02)29886880,無
183,新北市三重區六福里辦公處,新北市,三重區,中正北路145巷8弄13號,(02)89819197,無
184,新北市三重區民俗文化協會,新北市,三重區,秀江街28號(龍濱市民活動中心),(02)89938693,無
185,新北市三重區永吉里辦公處,新北市,三重區,車路頭街133號(永盛市民活動中心),(02)22863864,無
186,新北市三重區永盛里辦公處,新北市,三重區,車路頭街133號(永盛市民活動中心),(02)22808026,無
187,新北市三重區永清里辦公處,新北市,三重區,力行路二段162巷55號(永福市民活動中心),(02)22875312,無
188,新北市三重區永順里辦公處,新北市,三重區,永福街197巷6-1號(永豐市民活動中心),(02)22874945,無
189,新北市三重區永福里辦公處,新北市,三重區,力行路二段162巷55號(永福市民活動中心),(02)22868660,無
190,新北市三重區永興里辦公處,新北市,三重區,台北橋下橋孔(台北橋市民活動中心),(02)89727918,無
191,新北市三重區永豐里辦公處,新北市,三重區,永福街197巷6-1號(永豐市民活動中心),(02)82839236,無
192,新北市三重區田中里辦公處,新北市,三重區,忠孝路三段40巷51號(三民市民活動中心 ),(02)29809555,無
193,新北市三重區田心里辦公處,新北市,三重區,中華路125號B1(聯邦市民活動中心),(02)29881269,無
194,新北市三重區聯邦社區發展協會,新北市,三重區,中華路125號(聯邦市民活動中心),(02)29811910,無
195,新北市三重區光陽里辦公處,新北市,三重區,重陽路一段60巷101號(重陽市民活動中心),(02)29809019,無
196,新北市三重區光榮里辦公處,新北市,三重區,福裕街34號,(02)29721166,無
197,新北市三重區光輝社區發展協會,新北市,三重區,正義南路62-1號B1(光興市民活動中心),(02)29742094,無
198,新北市三重區成功里辦公處,新北市,三重區,成功路9號1(中興橋市民活動中心),(02)89731655,無
199,新北市三重區秀江里辦公處,新北市,三重區,公園街3號,(02)29757317,無
200,新北市三重區幸福里辦公處,新北市,三重區,安慶街322號,(02)29850265,無
201,新北市三重區忠孝里辦公處,新北市,三重區,正義南路89巷16號(里辦公處),(02)29730087,無
202,新北市三重區承德里辦公處,新北市,三重區,仁壽街200號&龍門路274巷36號(三德市民活動中心),(02)29754164,無
203,社團法人中華民國長者照顧關懷協會,新北市,三重區,長江里3鄰長安街112號,無,932295263
204,新北市三重區厚德里辦公處,新北市,三重區,三和路三段170巷49號(厚德市民活動中心),(02)29822008,無
205,新北市三重區崇德里辦公處,新北市,三重區,仁福街64巷22號,(02)89726351,無
206,新北市三重區崇德社區發展協會,新北市,三重區,龍門路274巷36號(三德市民活動中心),(02)29811910,無
207,新北市三重區瑞德里辦公處,新北市,三重區,仁昌街83號,(02)29755360,無
208,新北市三重區清和里辦公處,新北市,三重區,台北橋下橋孔(台北橋市民活動中心),(02)29701895,無
209,新北市三重區富福里辦公處,新北市,三重區,溪尾街327號(慈化市民活動中心),(02)29813097,無
210,新北市三重區順德里辦公處,新北市,三重區,河邊北街256巷28號,(02)29786144,無
211,新北市三重區慈愛里辦公處,新北市,三重區,仁美街108巷13號(慈愛市民活動中心),(02)22879957,無
212,新北市三重區萬壽里辦公處,新北市,三重區,萬全街64號,(02)29762969,無
213,新北市三重區福華社區發展協會,新北市,三重區,溪尾街327號(慈化市民活動中心),(02)29824396,無
214,新北市三重區福隆里辦公處,新北市,三重區,自強路四段84號(廣一市民活動中心),(02)82876666,無
215,新北市三重區福樂里辦公處,新北市,三重區,三和路四段125巷59號,(02)22862250,無
216,中華全齡關懷協會(三重福樂分站),新北市,三重區,三和路四段125巷85號1樓,無,953519101
217,新北市三重區德厚里辦公處,新北市,三重區,重新路五段238號(重新橋第2市民活動中心),(02)29997762,無
218,新北市三重區錦通里辦公處,新北市,三重區,中央北路26號4樓(華錦里民休閒處),(02)29728479,無
219,新北市三重區雙園里辦公處,新北市,三重區,雙園街1號(正義市民活動中心),(02)29883277,無
220,新北市三重區鶴齡協會,新北市,三重區,環河北路三段86號(重陽橋市民活動中心),(02)29805512,無
221,社團法人新北市恩典慈善協會,新北市,三重區,重安街46號,(02)29735089,無
222,新北市三重區光明里辦公處,新北市,三重區,集美街126巷47號1樓,(02)82851391,無
223,新北市愛笑瑜伽協會,新北市,三重區,中正北路20巷3號,(02)89883840,無
224,新北市福祉關懷推廣協會,新北市,三重區,重新路四段254-1號(重新橋第1市民活動中心),(02)29774176,無
225,新北市三重區大有里辦公處,新北市,三重區,中正北路428巷22號(里辦公處),(02)29814448,無
226,新北市三重區親子協會,新北市,三重區,疏洪東路二段131號(二重埔市民活動中心),(02)29885909,無
227,新北市三重區聯邦社區發展協會,新北市,三重區,中華路125號(聯邦市民活動中心),(02)29811910,無
228,新北市歌藝語文發展協會(三重三安站),新北市,三重區,六張街66號(六張市民活動中心),無,956128369
229,社團法人新北市恩典慈善協會,新北市,三重區,重安街46號,(02)29735089,無
230,社團法人新北市恩典慈善協會,新北市,三重區,重安街46號,(02)29735089,無
231,新北市環保志工協會,新北市,三重區,錦安里16鄰長生街1號1樓,無,938286376
232,社團法人新北市恩典慈善協會,新北市,三重區,重安街46號,(02)29735089,無
233,中華全齡關懷協會(三重福樂站),新北市,三重區,三和路四段125巷85號1樓,無,953519101
234,新北市三重區仁忠里辦公處,新北市,三重區,仁愛街327巷49號,(02)29847778,無
235,新北市三重區仁華里辦公處,新北市,三重區,碧華街50號,(02)28578497,無
236,新北市三重區仁義里辦公處,新北市,三重區,重安街160-1號(忠孝橋市民活動中心),(02)29722837,無
237,新北市三重區仁德里辦公處,新北市,三重區,正義北路28巷40號1樓(重新里民活動中心),(02)29755201,無
238,新北市三重區介壽里辦公處,新北市,三重區,萬全街22號,(02)29734120,無
239,新北市三重區平和里辦公處,新北市,三重區,中正南路80巷3號1-2樓,(02)29738536,無
240,新北市三重區正安里辦公處,新北市,三重區,大智街45-2號4樓(正安市民活動中心),(02)29829802,無
241,新北市三重區正義社區發展協會,新北市,三重區,自強路一段158號B1(新北市立圖書館三重分館),(02)29839802,無
242,新北市三重區正義社區發展協會,新北市,三重區,自強路一段158號B1(新北市立圖書館三重分館),(02)29839802,無
243,新北市三重區永安里辦公處,新北市,三重區,車路頭街133號(永盛市民活動中心),(02)22870112,無
244,新北市三重區永春里辦公處,新北市,三重區,中寮街57巷18號(菜寮市民活動中心),(02)29780087,無
245,新北市歌藝語文發展協會(三重永煇站),新北市,三重區,自強路三段42巷11號(後竹圍市民活動中心),無,956128369
246,新北市三重區光正里辦公處,新北市,三重區,環河南路220之3號,(02)29785287,無
247,新北市三重區光華里辦公處,新北市,三重區,重新路一段87號4樓(重新市民活動中心),(02)29753977,無
248,新北市三重區吉利里辦公處,新北市,三重區,中寮街114號1-2樓,(02)29772815,無
249,新北市三重區同安里辦公處,新北市,三重區,重安街160-1號(忠孝橋市民活動中心),(02)29703252,無
250,社團法人中華民國三重中央浸信協會,新北市,三重區,集美街148號2樓、150號4樓,(02)29789262,無
251,新北市玄峯愛心慈善會,新北市,三重區,"仁愛街75號1-2樓、77號1-2樓
新北市三重區三和路3段101巷64號",無,963356789
252,新北市三重區正義社區發展協會,新北市,三重區,自強路一段158號B1(新北市立圖書館三重分館),(02)29839802,無
253,新北市三重區自強里辦公處,新北市,三重區,正義北路256巷133號,(02)29715209,無
254,財團法人志浩慈善基金會,新北市,三重區,重新路5段609巷10號2樓之2,(02)29998790,無
255,新北市玄峯愛心慈善會,新北市,三重區,"仁愛街75號1-2樓、77號1-2樓
新北市三重區三和路3段101巷64號",無,963356789
256,社團法人中華民國長者照顧關懷協會,新北市,三重區,長江里3鄰長安街112號,無,932295263
257,新北市環保志工協會,新北市,三重區,錦安里16鄰長生街1號1樓,無,938286376
258,新北市環保志工協會,新北市,三重區,錦安里16鄰長生街1號1樓,無,938286376
259,社團法人中華民國長者照顧關懷協會,新北市,三重區,長安街112號,無,932295263
260,社團法人中華民國長者照顧關懷協會,新北市,三重區,長江里3鄰長安街112號,無,932295263
261,三重信安宮,新北市,三重區,重陽路四段114巷13號,(02)29866011,無
262,新北市玄峯愛心慈善會,新北市,三重區,"仁愛街75號1-2樓、77號1-2樓
新北市三重區三和路3段101巷64號",無,963356789
263,新北市三重區大同社區發展協會,新北市,三重區,大同北路186號(大同市民活動中心),(02)29891987,無
264,新北市樂來越愛你關懷協會,新北市,三重區,正義北路28巷40號1樓(重新里民活動中心),無,922213490
265,新北市三重區培德里辦公處,新北市,三重區,忠孝路2段35號B1(培德市民活動中心),無,925066800
266,財團法人志浩慈善基金會,新北市,三重區,重新路5段609巷10號2樓之2,(02)29998790,無
267,新北市三重區博愛里辦公處,新北市,三重區,疏洪東路二段131號(二重埔市民活動中心),(02)29817675,無
268,社團法人台灣多元社會福利協會(三重過田站),新北市,三重區,過圳街7巷5號1樓,(02)29711266,無
269,新北市三重區開元里辦公處,新北市,三重區,開元街1號(開元市民活動中心),(02)29739075,無
270,中華全齡關懷協會(三重福樂站),新北市,三重區,三和路四段125巷85號1樓,無,953519101
271,新北市三重區慈惠里辦公處,新北市,三重區,溪尾街218巷40號,(02)22862522,無
272,中華全齡關懷協會(三重福樂站),新北市,三重區,三和路四段125巷85號1樓,無,953519101
273,新北市三重區碧華里辦公處,新北市,三重區,溪尾街327號(慈化市民活動中心),(02)28574627,無
274,新北市三重區福安里辦公處,新北市,三重區,六張街66號(六張市民活動中心),(02)29858098,無
275,中華全齡關懷協會(三重文化站),新北市,三重區,平安街26號,無,953519101
276,社團法人中華躍樂齡創新服務發展協會,新北市,三重區,集美街75巷27號,(02)87733752,無
277,新北市玄峯愛心慈善會,新北市,三重區,"仁愛街75號1-2樓、77號1-2樓
新北市三重區三和路3段101巷64號",無,963356789
278,新北市環保志工協會,新北市,三重區,長生街1號,(02)29723223,無
279,新北市三重區民俗文化協會,新北市,三重區,秀江街28號(龍濱市民活動中心),(02)89938693,無
280,新北市三重區民俗文化協會,新北市,三重區,秀江街28號(龍濱市民活動中心),(02)89938693,無
281,社團法人台灣多元社會福利協會(三重過田站),新北市,三重區,過圳街7巷5號1樓,(02)29711266,無
282,中華全齡關懷協會(三重文化站),新北市,三重區,平安街26號,無,953519101
283,新北市中和區東南里辦公處,新北市,中和區,忠孝街48號2樓(飛駝市民活動中心),(02)29451515,無
284,新北市中和區秀水里辦公處,新北市,中和區,景平路116-2號,(02)29466323,無
285,新北市中和區泰安里辦公處,新北市,中和區,保健路2巷15號,(02)29427002,無
286,新北市中和區宜安里辦公處,新北市,中和區,安樂路143巷3號,無,939818527
287,新北市中和區景本里辦公處,新北市,中和區,景新街399巷12號,(02)29471217,無
288,新北市中和區興南里辦公處,新北市,中和區,信義街41巷12號(興南市民活動中心),(02)29431650,無
289,新北市中和區秀士里辦公處,新北市,中和區,景德街25號(秀峰市民活動中心),(02)29444488,無
290,新北市中和區福和里辦公處,新北市,中和區,中山路二段131巷6號(福和市民活動中心),(02)82455789,無
291,新北市中和區景福里辦公處,新北市,中和區,和平街164巷2號(景福市民活動中心),(02)29497918,無
292,財團法人福智慈善基金會(中和區),新北市,中和區,興南路一段108號2樓,(02)77094750,無
293,社團法人新北市銀髮族協會,新北市,中和區,中山路二段116巷2號,(02)22429899,無
294,新北市中和區民有里辦公處,新北市,中和區,民享街37號2樓,(02)22261299,無
295,新北市中和區連城里辦公處,新北市,中和區,安邦街18號2樓(連成市民活動中心),(02)22470797,無
296,新北市中和區景平里辦公處,新北市,中和區,景平路159巷7號,(02)29411719,無
297,新北市中和區景安里辦公處,新北市,中和區,景新街212號,(02)29476575,無
298,漳和國中,新北市,中和區,廣福路39號,(02)22488616,無
299,新北市中和區連和里辦公處,新北市,中和區,連城路54號(連和市民活動中心),(02)22439566,無
300,新北市中和區明德里辦公處,新北市,中和區,民德路197號2樓(民德市民活動中心),(02)29512201,無
301,新北市中和區安和里辦公處,新北市,中和區,保健路44巷2號(安和市民活動中心),(02)29481727,無
302,新北市中和區福美里辦公處,新北市,中和區,勝利路35巷9弄4號,(02)82459506,無
303,新北市中和區尖山腳社區發展協會,新北市,中和區,成功路97巷7號2樓(尖山腳市民活動中心),(02)29426140,無
304,新北市中和區頂南里辦公處,新北市,中和區,興南路二段159巷28號(頂南市民活動中心),(02)29455511,無
305,新北市中和區中正里辦公處,新北市,中和區,連城路347巷16弄13號,(02)22227846,無
306,社團法人台灣新住民關懷協會(中正站),新北市,中和區,連城路361號2樓,(02)26648575,無
307,新北市中和區碧湖社區發展協會(碧湖市民活動中心),新北市,中和區,圓通路367巷15-5號5樓(錦昌市民活動中心),(02)22421288,無
308,新北市中和區碧湖社區發展協會,新北市,中和區,圓通路367巷7號,(02)22421288,無
309,新北市中和區崇南里辦公處,新北市,中和區,景新街496巷35巷1-1號2樓,(02)29442606,無
310,新北市中和區仁和里辦公處,新北市,中和區,連城路469巷7弄2號,(02)22238312,無
311,新北市中和區秀峰里辦公處,新北市,中和區,景德街25號(秀峰市民活動中心),(02)29416936,無
312,新北市中和區壽德里辦公處,新北市,中和區,華順街138號(壽德市民活動中心),(02)29647071,無
313,新北市中和區民享里辦公處,新北市,中和區,民智街134巷10號,無,983521630
314,新北市中和區明穗里辦公處,新北市,中和區,民享街114巷9號(明穗市民活動中心),(02)22281389,無
315,新北市中和區錦盛里辦公處,新北市,中和區,圓通路335巷37弄12號(錦盛市民活動中心),(02)22473838,無
316,新北市中和大同公共托老中心,新北市,中和區,圓通路121巷5號4樓,(02)22400662,無
317,新北市中和區莒西社區發展協會,新北市,中和區,莒光路莒光路120巷15弄7號(莒西市民活動中心),(02)29576662,無
318,新北市中和區自強里辦公處,新北市,中和區,國光街125號,(02)29520567,無
319,新北市中和區民安里辦公處,新北市,中和區,民安街65巷2號(民安第1市民活動中心),(02)32345533,無
320,新北市中和區慈心關懷協會,新北市,中和區,員山路466巷19號 & 新北市中和區中山路三段120-16號前,(02)82287617,無
321,新北市中和區德行里辦公處,新北市,中和區,中正路211巷13弄4號,(02)22478548,無
322,新北市玉皇宮,新北市,中和區,圓通路367巷臨66之1號,(02)22470607,無
323,中華民國緬甸歸僑協會,新北市,中和區,華新街75號7樓,(02)89417794,無
324,新北市中和區橫路里辦公處,新北市,中和區,興南路3段112號,無,932336215
325,新北市中和區中安里辦公處,新北市,中和區,中安街85號,無,939778896
326,新北市中和區景文里辦公處,新北市,中和區,南華路48號2樓/明禮街46號2樓(景文市民活動中心),(02)22480383,無
327,新北市中和區大統星鑽社區管理委員會,新北市,中和區,南山路421巷1弄16號,(02)29425448,無
328,新北市中和區宜安里辦公處,新北市,中和區,安樂路143巷3號,無,939818527
329,財團法人台北市中國基督教靈糧世界佈道會台北靈糧堂,新北市,中和區,大勇街78號2樓,(02)29437811,無
330,台貿一城公寓大廈管理委員會,新北市,中和區,連城路263巷3號,(02)22494737,無
331,新北市中和區老人會,新北市,中和區,廟美街6巷3號5樓,(02)22492338,無
332,新北市中和區頂南里辦公處,新北市,中和區,興南路二段159巷28號(頂南市民活動中心),(02)29455511,無
333,新北市中和區景南里辦公處,新北市,中和區,景新街399巷12號,(02)29462889,無
334,新北市中和區秀義里辦公處,新北市,中和區,秀朗路三段66巷23號,無,936119594
335,社團法人新北市領杭公益學會,新北市,中和區,秀朗路三段128巷38弄8號1樓,無,936119594
336,社團法人新北市易象推廣協會,新北市,中和區,安樂路51巷8號,(02)29404080,無
337,新北市中和區秀義里辦公處,新北市,中和區,秀朗路三段66巷23號,無,936119594
338,新北市中和區莒西社區發展協會,新北市,中和區,莒光路200號之3(莒西市民活動中心),(02)29576662,無
339,新北市中和區復興里辦公處,新北市,中和區,復興路280巷6號,(02)22425205,無
340,新北市中和區宜安里辦公處,新北市,中和區,安樂路143巷3號,無,939818527
341,新北市中和區原住民族發展協進會,新北市,中和區,南山路236號8樓,無,916079000
342,新北市中和區文元里辦公處,新北市,中和區,員山路82巷4號,(02)22210377,無
343,新北市中和區民安社區發展協會,新北市,中和區,員山路455巷10號2樓(積穗市民活動中心),無,929588883
344,社團法人臺灣腦身心機能認知協會,新北市,中和區,景平路64巷13弄8號,(02)86685760,無
345,財團法人台北市中國基督教靈糧世界佈道會台北靈糧堂,新北市,中和區,大勇街78號2樓,(02)29437811,無
346,新北市多元智能老幼暨兒童教育發展協會(中和站),新北市,中和區,景平路736巷5弄2號,(02)22441688,無
347,新北市中和區民生里辦公處,新北市,中和區,民生街28巷2之1號1樓及B1樓(民生市民活動中心),(02)29572233,無
348,社團法人新北市健安樂活迎老服務協會,新北市,中和區,廟美街6巷3號1-2樓,(02)22460850,無
349,新北市樹墩子先鋒協會,新北市,中和區,連城路236號4樓,無,937462298
350,新北市中和區莒西社區發展協會,新北市,中和區,莒光路200號之3(莒西市民活動中心),(02)29576662,無
351,新北市中和區景文里辦公處,新北市,中和區,南華路48號2樓/明禮街46號2樓(景文市民活動中心),(02)22480383,無
352,新北市中和區老人會,新北市,中和區,廟美街6巷3號5樓,(02)22492338,無
353,新北市中和區南山里辦公處,新北市,中和區,南山路123號,(02)22471155,無
354,財團法人台北市中國基督教靈糧世界佈道會台北靈糧堂,新北市,中和區,大勇街78號2樓,(02)29437811,無
355,社團法人台灣新住民關懷協會(中和瑞穗站),新北市,中和區,莒光路3巷6號,(02)26648575,無
356,比利時社區公寓大廈管理委員會,新北市,中和區,中正路1號,(02)22460562,無
357,南山放生寺,新北市,中和區,忠孝街108號,(02)29421997,無
358,社團法人新北市健安樂活迎老服務協會,新北市,中和區,廟美街6巷3號1-2樓,(02)22460850,無
359,新北市中和區民生里辦公處,新北市,中和區,民生街28巷2之1號1樓及B1樓(民生市民活動中心),(02)29572233,無
360,新北市中和區內南里辦公處,新北市,中和區,興南路2段242巷5號,(02)86686688,無
361,社團法人新北市健安樂活迎老服務協會,新北市,中和區,廟美街6巷3號1-2樓,(02)22460850,無
362,新北市中和區頂南里辦公處,新北市,中和區,興南路二段159巷28號(頂南市民活動中心),(02)29455511,無
363,社團法人新北市健安樂活迎老服務協會,新北市,中和區,廟美街6巷3號1-2樓,(02)22460850,無
364,新北市中和區莒西社區發展協會,新北市,中和區,莒光路200號之3(莒西市民活動中心),(02)29576662,無
365,社團法人台灣新住民關懷協會(瑞穗站),新北市,中和區,莒光路3巷6號,(02)26648575,無
366,新北市中和區民安社區發展協會,新北市,中和區,員山路455巷10號2樓(積穗市民活動中心),無,929588883
367,新北市中和區嘉慶里辦公處,新北市,中和區,員山路143巷48號之5,(02)22214414,無
368,社團法人台灣新住民關懷協會(瑞穗站),新北市,中和區,莒光路3巷6號,(02)26648575,無
369,新北市中和區錦中里辦公處,新北市,中和區,圓通路294巷13號(錦中市民活動中心),(02)22437097,無
370,新北市中和區世紀皇家管理委員會,新北市,中和區,連勝街9號,(02)22466189,無
371,台北瑞士琉森社區管理委員會,新北市,中和區,華新街109巷30號,無,926914366
372,新北市中和區老人會,新北市,中和區,廟美街6巷3號5樓,(02)22492338,無
373,新北市中和區積穗里辦公處,新北市,中和區,員山路455巷10號(積穗市民活動中心),(02)22216408,無
374,新北市中和區安穗里辦公處,新北市,中和區,員山路294巷7號(安穗市民活動中心),(02)22229736,無
375,新北市中和區老人會,新北市,中和區,廟美街6巷3號5樓,(02)22492338,無
376,新北市中和區復興里辦公處,新北市,中和區,復興路280巷6號,(02)22425205,無
377,社團法人臺北市社區照護發展促進協會,新北市,中和區,中正路1206巷2號,(02)77467520,無
378,新北市中和區莒西社區發展協會,新北市,中和區,莒光路200號之3(莒西市民活動中心),(02)29576662,無
379,青年市社區管理委員會,新北市,中和區,橋和路162號,(02)22443545,無
380,新北市中和區復興里辦公處,新北市,中和區,復興路280巷6號,(02)22425205,無
381,新北市中和區碧湖社區發展協會,新北市,中和區,圓通路367巷7號,(02)22421288,無
382,新北市樹墩子先鋒協會,新北市,中和區,連城路236號4樓,無,937462298
383,新北市中和區平河里辦公處,新北市,中和區,民樂路65號,(02)22233989,無
384,新北市永和區雙和里辦公處,新北市,永和區,區中和路335巷14號  2.新北市永和區中和路335巷18弄1號,(02)89234548,無
385,新北市永和區大新里辦公處,新北市,永和區,大新街45巷1-1號(大新光明市民活動中心),(02)29211945,無
386,新北市永和區店街里辦公處,新北市,永和區,中正路465巷18號1樓、2樓,無,922225885
387,新北市永和區光明里辦公處,新北市,永和區,中正路654巷58號1、2樓,(02)29286288,無
388,台灣基督長老教會雙和教會,新北市,永和區,中和路389巷5號,(02)29210855,無
389,台灣基督長老教會永和教會,新北市,永和區,中興街65巷3號,(02)29216289,無
390,新北市永和區中溪里辦公處,新北市,永和區,仁愛路244-1號2樓(保安中溪市民活動中心 ),(02)29298555,無
391,新北市永和區中溪里辦公處,新北市,永和區,仁愛路244-1號2樓(保安中溪市民活動中心 ),(02)29298555,無
392,新北市永和區中溪里辦公處,新北市,永和區,仁愛路244-1號2樓(保安中溪市民活動中心 ),(02)29298555,無
393,新北市永和區永安里辦公處,新北市,永和區,仁愛路244-1號2樓(保安中溪市民活動中心),(02)29273136,無
394,新北市永和區仁愛里辦公處,新北市,永和區,文化路113巷16號,(02)29292637,無
395,新北市永和區新廍里辦公處,新北市,永和區,文化路142號1樓(新廍市民活動中心),(02)29236366,無
396,社團法人中華長照協會,新北市,永和區,文化路155號,(02)29212212,無
397,社團法人台灣多元社會福利協會(永和禧德站),新北市,永和區,文化路90巷33號,(02)29251469,無
398,社團法人台灣多元社會福利協會,新北市,永和區,文化路90巷33號,(02)29251469,無
399,新北市永和區民權社區發展協會,新北市,永和區,民權路60號4樓(民權市民活動中心),(02)29433377,無
400,新北市永和區民權社區發展協會,新北市,永和區,民權路60號4樓(民權市民活動中心),(02)29433377,無
401,新北市永和區民權社區發展協會,新北市,永和區,民權路60號4樓(民權市民活動中心),(02)29433377,無
402,財團法人台灣省私立健順養護中心(新北市永和民權公共托老中心),新北市,永和區,民權路60號5樓,(02)29451169,無
403,新北市永和區大同社區發展協會,新北市,永和區,永平路368號(永平市民活動中心),無,928062092
404,社團法人台灣恩朵關懷協會,新北市,永和區,永亨路9號,(02)29214000,無
405,新北市永和區永安社區發展協會,新北市,永和區,永和區安樂路431號2樓(永安市民活動中心),無,928253189
406,新北市永和區永樂里辦公處,新北市,永和區,永和路1段18巷8號,無,989641423
407,中華民國基督教生命樹全人關懷協會,新北市,永和區,永和路2段92巷1號,無,913585699
408,財團法人新北市永和區中華基督教浸信會中和堂,新北市,永和區,永和路一段153號,(02)29213407,無
409,新北市永和區潭墘社區發展協會,新北市,永和區,安樂路102號(潭墘社區活動中心),(02)29413636,無
410,新北市永和區潭墘社區發展協會,新北市,永和區,安樂路102號(潭墘社區活動中心),(02)29413636,無
411,新北市永和區民樂里辦公處,新北市,永和區,安樂路431號2樓(永安市民活動中心),(02)22319635,無
412,新北市永和區秀朗社區發展協會,新北市,永和區,成功路1段20-1號(秀朗市民活動中心),(02)22553119,無
413,新北市永和區秀朗社區發展協會,新北市,永和區,成功路1段20-1號(秀朗市民活動中心),(02)22553119,無
414,新北市永和區秀朗社區發展協會,新北市,永和區,成功路一段20-1號(秀朗市民活動中心),(02)22553119,無
415,新北市永和區秀成里辦公處,新北市,永和區,成功路一段93巷20弄10號,無,975655935
416,新北市永和區民富里辦公處,新北市,永和區,成功路二段102巷2號,(02)86687369,無
417,新北市永和區民富里辦公處,新北市,永和區,成功路二段102巷2號,(02)86687369,無
418,新北市永和區永興里辦公處,新北市,永和區,竹林路124巷30號,(02)29283248,無
419,新北市永和區永興里辦公處,新北市,永和區,竹林路124巷30號,(02)29283248,無
420,新北市永和區公所,新北市,永和區,竹林路202號,(02)29282828,無
421,新北市永和區福林里辦公處,新北市,永和區,福和路122號1樓,無,974313443
422,新北市永和區公所,新北市,永和區,竹林路202號,(02)29282828,無
423,新北市永和區桂林里辦公處,新北市,永和區,竹林路91巷60弄5號,無,909062595
424,新北市永和區上林里辦公處,新北市,永和區,竹林路39巷6弄9號(上林市民活動中心),(02)89269859,無
425,台灣基督長老教會秀朗教會,新北市,永和區,秀林里秀朗路2段94號1樓,(02)29270194,無
426,新北市永和區得和社區發展協會,新北市,永和區,秀朗路2段24巷35號(得和市民活動中心),無,918061479
427,新北市永和區得和社區發展協會,新北市,永和區,秀朗路2段24巷35號(得和市民活動中心),無,918061479
428,新北市永和區忠孝社區發展協會,新北市,永和區,忠孝街26巷8號6樓(忠孝市民活動中心?),無,911297818
429,新北市永和區忠孝社區發展協會,新北市,永和區,忠孝街26巷8號6樓(忠孝市民活動中心?),無,911297818
430,新北市永和區河濱里辦公處,新北市,永和區,林森路10巷18弄6號(河濱第一市民活動中心),(02)29252606,無
431,新北市永和區水源社區發展協會,新北市,永和區,保平路177巷6弄2號(水源市民活動中心),(02)89232312,無
432,新北市永和區和平里辦公處,新北市,永和區,保平路236巷12弄7號,(02)29272429,無
433,新北市永和區和平社區發展協會,新北市,永和區,保平路2號,無,928062092
434,新北市永和區和平社區發展協會,新北市,永和區,保平路2號,無,928062092
435,新北市永和區和平社區發展協會,新北市,永和區,保平路2號,無,928062092
436,新北市健康關懷協會,新北市,永和區,勵行街15號,"(02)89213056
",無
437,中華保福西王母協會,新北市,永和區,保福路二段47號,(02)29298555,無
438,新北市永和區永福里辦公處,新北市,永和區,國中路150號1樓(新北市永和區永福里辦公處),無,952977889
439,新北市永和中興公共托老中心,新北市,永和區,國光路116巷2號,(02)89218765,無
440,新北市永和區民治里辦公處,新北市,永和區,得和路104巷14號,無,958800711
441,新北市永和區光復里辦公處,新北市,永和區,"光復街2巷1號(主場地)
新北市永和區光復街2巷2號(副場地)",(02)29240210,無
442,新北市永和區光復里辦公處,新北市,永和區,"光復街2巷1號(主場地)
新北市永和區光復街2巷2號(副場地)",(02)29240210,無
443,新北市永和區光復里辦公處,新北市,永和區,"光復街2巷1號(主場地)
新北市永和區光復街2巷2號(副場地)",(02)29240210,無
444,新北市永和區中興社區發展協會,新北市,永和區,復興街88號,(02)29205984,無
445,新北市永和區婦女會,新北市,永和區,福和路157號4樓,(02)29293725,無
446,新北市永和區正興里辦公處,新北市,永和區,豫溪街57巷11弄2號,無,983355777
447,新北市新莊區公所,新北市,新莊區,中信街74號2樓(黃愚市民活動中心),(02)29974293,無
448,新北市新莊區中港第三社區發展協會,新北市,新莊區,中信街74號2樓(黃愚市民活動中心),(02)89932985,無
449,社團法人國際奔享體驗教育發展協會,新北市,新莊區,天祥街120巷6號,(02)28210269,無
450,新北市新莊區公所,新北市,新莊區,自由街1號(聯合市民活動中心),(02)29972365,無
451,新北市新莊區仁愛社區發展協會,新北市,新莊區,自由街1號2樓(聯合市民活動中心),(02)29946550,無
452,財團法人新北市台灣基督長老教會幸福教會(幸福俱樂部),新北市,新莊區,福樂街78號,(02)29921041,無
453,新北市新莊區化成社區發展協會,新北市,新莊區,化成路314巷2號(化成市民活動中心),(02)29943838,無
454,新北市新莊區文衡社區發展協會,新北市,新莊區,景德路199號2樓,(02)22012311,無
455,新北市新莊區立功里辦公處,新北市,新莊區,泰順街24號,(02)29922197,無
456,西盛庄福德宮,新北市,新莊區,民安西路410巷6號,(02)82019802,無
457,新北市新莊區公所,新北市,新莊區,新莊路527號(全安市民活動中心),(02)22071610,無
458,佛光山擇善寺,新北市,新莊區,新莊路543巷11號3樓,(02)22070859,無
459,中華民國樂齡生活規劃協會(中港站),新北市,新莊區,中港路288巷53號,(02)85210176,無
460,社團法人台灣認知功能促進協會,新北市,新莊區,樹新路222號4樓(蒙特梭利中心),(02)27167685,無
461,新北市新莊新豐公共托老中心,新北市,新莊區,樹新路226號4樓,(02)22075800,無
462,新北市新莊新樹公共托老中心,新北市,新莊區,新樹路222號,(02)82013888,無
463,新北市新莊區公所,新北市,新莊區,建中街116巷3弄2號(新泰市民活動中心),(02)29924125,無
464,財團法人新北市私立雙連社會福利慈善事業基金會(新北市新莊昌平公共托老中心),新北市,新莊區,中央路51號2-3樓,(02)85217872,無
465,新北市新莊區公所,新北市,新莊區,昌明街1號(褔壽市民活動中心),(02)29940609,無
466,新北市新莊區公所,新北市,新莊區,四維路186巷2號(四維市民活動中心),(02)22033453,無
467,新北市新莊區後港社區發展協會,新北市,新莊區,四維路186巷2號(四維市民活動中心),(02)22032246,無
468,新北市新莊區公所,新北市,新莊區,建安街26巷4號(後港市民活動中心),(02)22057114,無
469,新北市新莊區後港社區發展協會,新北市,新莊區,四維路186巷2號(四維市民活動中心),(02)22032246,無
470,新北市新莊區後港社區發展協會(長青站),新北市,新莊區,後港一路19號B1(新莊區老人文康活動中心),(02)22038195,無
471,財團法人新北市私立雙連社會福利慈善事業基金會(頭前站),新北市,新莊區,長青街30號,(02)29986838,無
472,新北市新莊區海山社區發展協會,新北市,新莊區,瓊泰路211號(海山市民活動中心),(02)22014180,無
473,新北市熱心慈善關懷協會,新北市,新莊區,瓊泰路211號2樓(海山市民活動中心),(02)22058580,無
474,豐年國小,新北市,新莊區,瓊泰路119號(豐年國小),(02)22017102,無
475,新北市新莊區裕民里辦公處,新北市,新莊區,裕民街136號6樓(裕民行政大樓禮堂),(02)29030852,無
476,新北市新莊區頭前社區發展協會,新北市,新莊區,化成路746巷2號(福前市民活動中心),無,918008903
477,社團法人中華培愛全人關懷協會,新北市,新莊區,中正路708-6號3、4樓,(02)29031191,無
478,新北市新莊區牡丹心社區發展協會,新北市,新莊區,新北大道7段718巷45號(丹鳳活動中心),(02)29045533,無
479,新北市新莊區文明社區發展協會,新北市,新莊區,新莊路92號,(02)22772968,無
480,新北市新莊區興漢社區發展協會,新北市,新莊區,32鄰新興街76巷19號1、2樓(興漢長壽俱樂部),(02)29933778,無
481,新北市新莊區興漢社區發展協會,新北市,新莊區,32鄰新興街76巷19號1、2樓(興漢長壽俱樂部),(02)29933778,無
482,新北市熱心慈善關懷協會,新北市,新莊區,瓊泰路211號2樓(海山市民活動中心),(02)22058580,無
483,新北市新莊區新光社區發展協會,新北市,新莊區,民安西路410巷8弄2號(西盛庄各里活動中心),(02)22034597,無
484,新北市光塩愛心關懷協會,新北市,新莊區,立信三街25之3號,(02)29982723,無
485,新北市新莊區後港社區發展協會,新北市,新莊區,四維路186巷2號(四維市民活動中心),(02)22032246,無
486,新北市全能銀色樂活關懷協會,新北市,新莊區,民安西路38巷19號,(02)22028475,無
487,新北市全能銀色樂活關懷協會,新北市,新莊區,民安西路38巷19號,(02)22028475,無
488,新北市全能銀色樂活關懷協會,新北市,新莊區,民安西路38巷19號,(02)22028475,無
489,新北市全能銀色樂活關懷協會,新北市,新莊區,民安西路38巷19號,(02)22028475,無
490,新北市新莊區中港第一社區發展協會,新北市,新莊區,中港路172號(中港第一市民活動中心),無,935543821
491,財團法人台北市基督教台灣貴格會(更新教會),新北市,新莊區,中平路81巷16號,無,989124252
492,新北市新莊區立言里辦公處,新北市,新莊區,中環路2段392號之1(中環市民活動中心),無,933870927
493,新北市新莊區立泰里辦公處,新北市,新莊區,中環路2段392號之1(中環市民活動中心),(02)29963958,無
494,社團法人新北市全民終身教育發展協會,新北市,新莊區,中環路2段392號之1(中環市民活動中心),(02)89943725,無
495,新北市新莊區中港第一社區發展協會,新北市,新莊區,中港路172號(中港第一市民活動中心),無,935543821
496,新北市新莊區新光社區發展協會,新北市,新莊區,民安西路410巷8弄2號(西盛庄各里活動中心),(02)22034597,無
497,新北市新莊區新光社區發展協會,新北市,新莊區,民安西路410巷8弄2號(西盛庄各里活動中心),(02)22034597,無
498,新北市新莊區新光社區發展協會,新北市,新莊區,民安西路410巷8弄2號(西盛庄各里活動中心),(02)22034597,無
499,新北市新莊區牡丹心社區發展協會,新北市,新莊區,新北大道7段718巷45號(丹鳳活動中心),(02)29045533,無
500,財團法人新北市新莊基督教後港主恩教會,新北市,新莊區,八德街113巷3號、5號,(02)22027325,無
501,財團法人新北市台灣基督長老教會幸福教會,新北市,新莊區,福樂街78號,(02)89927648,無
502,新北市新莊區仁愛社區發展協會,新北市,新莊區,自由街1號2樓(聯合市民活動中心),(02)29946550,無
503,財團法人新北市台灣基督長老教會幸福教會,新北市,新莊區,福樂街78號,(02)89927648,無
504,財團法人新北市台灣基督長老教會幸福教會,新北市,新莊區,福樂街78號,(02)89927648,無
505,新北市新莊區後港社區發展協會,新北市,新莊區,四維路186巷2號(四維市民活動中心),(02)22032246,無
506,新北市光塩愛心關懷協會,新北市,新莊區,立信三街25之3號,(02)29982723,無
507,新北市新莊區敬老關愛長青協會,新北市,新莊區,中泰街24巷11號,(02)29910792,無
508,新北市新莊區敬老關愛長青協會,新北市,新莊區,中泰街24巷11號,(02)29910792,無
509,新北市新莊區中和里辦公處,新北市,新莊區,自由街1號2樓(聯合市民活動中心),無,917506868
510,新北市新莊區中港第一社區發展協會,新北市,新莊區,中港路172號(中港第一市民活動中心),無,935543821
511,台灣基督長老教會中港教會,新北市,新莊區,中港路341號,(02)29936271,無
512,新北市新莊區中港第三社區發展協會,新北市,新莊區,中信街74號2樓(黃愚市民活動中心),(02)89932985,無
513,中國青年救國團(新莊站),新北市,新莊區,中安街3號6樓,(02)29924915,無
514,社團法人新北市新莊區愛鄰社區服務協會(佳音站),新北市,新莊區,中華路2段65號2樓,(02)29925314,無
515,新北市新莊區中港第三社區發展協會,新北市,新莊區,中信街74號2樓(黃愚市民活動中心),(02)89932985,無
516,中國青年救國團(新莊站),新北市,新莊區,中安街3號6樓,(02)29924915,無
517,新北市新莊區幸福社區發展協會,新北市,新莊區,昌明街1號B1(福壽市民活動中心),(02)22771768,無
518,新北市新莊區幸福社區發展協會,新北市,新莊區,昌明街1號B1(福壽市民活動中心),(02)22771768,無
519,新北市新莊區幸福社區發展協會,新北市,新莊區,昌明街1號B1(福壽市民活動中心),(02)22771768,無
520,新北市新莊區後港社區發展協會(長青站),新北市,新莊區,後港一路19號B1(新莊區老人文康活動中心),(02)22038195,無
521,新北市新莊悅心公共托老中心,新北市,新莊區,長青街6號,(02)22761136,無
522,新北市新莊區中港第一社區發展協會,新北市,新莊區,中港路172號(中港第一市民活動中心),無,935543821
523,佛光山擇善寺,新北市,新莊區,新莊路543巷11號3樓,(02)22070859,無
524,新北市新莊區牡丹心社區發展協會,新北市,新莊區,新北大道7段718巷45號(丹鳳活動中心),(02)29045533,無
525,新北市新莊區後港社區發展協會(長青站),新北市,新莊區,後港一路19號B1(新莊區老人文康活動中心),(02)22038195,無
526,新北市新莊區後港社區發展協會(長青站),新北市,新莊區,後港一路19號B1(新莊區老人文康活動中心),(02)22038195,無
527,社團法人新北市新莊區愛鄰社區服務協會,新北市,新莊區,富國路100號、102號9樓,(02)22082407,無
528,新北市新莊區興漢社區發展協會,新北市,新莊區,32鄰新興街76巷19號1、2樓(興漢長壽俱樂部),(02)29933778,無
529,新北市新莊區福興里辦公處,新北市,新莊區,五工路68巷2號2樓(興化市民活動中心),無,932134720
530,新北市熱心慈善關懷協會(瓊林站),新北市,新莊區,瓊泰路85號2樓(綜合教室1)(瓊泰市民活動中心),(02)22058580,無
531,財團法人新北市新莊區中華基督教新莊浸信會,新北市,新莊區,建興街4號,(02)29931485,無
532,新北市新莊區化成社區發展協會,新北市,新莊區,化成路314巷2號(化成市民活動中心),(02)29943838,無
533,財團法人新北市私立雙連社會福利慈善事業基金會(新莊三和站),新北市,新莊區,中正路929巷26號,(02)29014783,無
534,財團法人新北市私立雙連社會福利慈善事業基金會(新莊三和站),新北市,新莊區,中正路929巷26號,(02)29014783,無
535,財團法人新北市私立雙連社會福利慈善事業基金會(新莊三和站),新北市,新莊區,中正路929巷26號,(02)29014783,無
536,新北市熱心慈善關懷協會,新北市,新莊區,瓊泰路211號2樓(海山市民活動中心),(02)22058580,無
537,新北市熱心慈善關懷協會(瓊林站),新北市,新莊區,瓊泰路85號2樓(綜合教室1)(瓊泰市民活動中心),(02)22058580,無
538,新北市熱心慈善關懷協會(瓊林站),新北市,新莊區,瓊泰路85號2樓(綜合教室1)(瓊泰市民活動中心),(02)22058580,無
539,中華基督教新店浸信會,新北市,新店區,光明街286巷13號,(02)29116250,無
540,天主教耕莘醫療財團法人耕莘醫院-安康院區,新北市,新店區,車子路15號,(02)22123066,無
541,社團法人中華民國香柏樹長者社區關懷協會(大坪林據點),新北市,新店區,三民路151號1、2樓,(02)29111129,無
542,社團法人中華麥田關懷協會,新北市,新店區,民德路34號,(02)29133936,無
543,社團法人中華麥田關懷協會,新北市,新店區,民德路34號,(02)29133936,無
544,社團法人中華麥田關懷協會,新北市,新店區,民德路34號,(02)29133936,無
545,社團法人中華麥田關懷協會,新北市,新店區,民德路34號,(02)29133936,無
546,社團法人活水泉關懷協會,新北市,新店區,北新路一段10號地下一樓,(02)29133911,無
547,社團法人新北市新店區喜樂心靈關懷協會,新北市,新店區,安康路一段207巷8-1號,(02)86662541,無
548,財團法人新北市中華基督教長老會國語禮拜堂,新北市,新店區,安康路二段234巷1號,(02)29118102,無
549,財團法人新北市私立新希望基金會,新北市,新店區,三民路151號1、2樓,(02)77517718,無
550,財團法人新北市私立新希望基金會,新北市,新店區,三民路151號1、2樓,(02)77517718,無
551,財團法人新北市私立新希望基金會,新北市,新店區,三民路151號1、2樓,(02)77517718,無
552,財團法人福智慈善基金會(新店教室),新北市,新店區,中華路53號1樓,(02)29108906,無
553,新北市奇布施老人養生協會(寶福站),新北市,新店區,寶橋路234號,無,918608832
554,新北市長恩活力協會,新北市,新店區,僑信路19號2樓,(02)22153080,無
555,財團法人台灣省私立健順養護中心(新店柴埕站),新北市,新店區,安民街79號4樓,(02)22121753,無
556,新北市新店區下城社區發展協會,新北市,新店區,安康路一段281巷6號(下城市民活動中心),(02)22119715,無
557,新北市新店區大鵬忠孝社區發展協會,新北市,新店區,中正路700巷26號2-3樓,(02)82181007,無
558,新北市新店區大鵬忠孝社區發展協會(忠孝站),新北市,新店區,中正路663巷1-2號地下室,(02)82181007,無
559,新北市新店區小城里辦公處,新北市,新店區,僑信路19號2樓,(02)22141815,無
560,新北市新店區中央里辦公處,新北市,新店區,中央五街60號2樓(中央市民活動中心),(02)22192161,無
561,新北市新店區公崙社區發展協會,新北市,新店區,安康路二段85巷30號,(02)86665078,無
562,新北市新店區日興里辦公處,新北市,新店區,安康路三段517號,(02)22152321,無
563,新北市新店區北宜社區發展協會,新北市,新店區,北宜路二段80號,(02)22173808,無
564,新北市新店區北宜社區發展協會,新北市,新店區,北宜路二段80號,(02)22173808,無
565,新北市新店區北宜社區發展協會,新北市,新店區,北宜路二段80號,(02)22173808,無
566,新北市新店區北宜社區發展協會,新北市,新店區,北宜路二段80號,(02)22173808,無
567,新北市新店區北新社區發展協會,新北市,新店區,新和街109號(新和市民活動中心),(02)89112380,無
568,新北市新店區平潭社區發展協會,新北市,新店區,新潭路二段140巷37號,(02)86665580,無
569,新北市新店區永安里辦公處,新北市,新店區,新和街109號(新和市民活動中心),(02)86682400,無
570,新北市新店區吉祥里辦公處,新北市,新店區,玫瑰路51巷2號1樓(吉祥市民活動中心),(02)22151115,無
571,新北市新店區安和里辦公處,新北市,新店區,安興路67號(安和市民活動中心),(02)86666527,無
572,新北市新店區安昌里辦公處,新北市,新店區,安成街22號B1,(02)86660365,無
573,新北市新店區江陵里辦公處,新北市,新店區,二十張路42號,無,910223262
574,新北市新店區老人會,新北市,新店區,民族路110號(大豐社福館),(02)22198112,無
575,新北市新店區老人會,新北市,新店區,民族路110號(大豐社福館),(02)22198112,無
576,新北市新店區老人會,新北市,新店區,民族路110號(大豐社福館),(02)22198112,無
577,新北市新店區屈尺社區發展協會,新北市,新店區,屈尺路125號(屈尺市民活動中心),(02)26668365,無
578,新北市新店區明城里辦公處,新北市,新店區,黎明路9號B1,(02)22130575,無
579,新北市新店區玫瑰里辦公處,新北市,新店區,玫瑰路58巷18號B1,(02)22104558,無
580,新北市新店區玫瑰社區發展協會,新北市,新店區,富貴街9巷31號,(02)22155106,無
581,新北市新店區長青會,新北市,新店區,花園一路一段2號B1,(02)26667005,無
582,新北市新店區美城里辦公處,新北市,新店區,永業路81巷7弄1號B1,(02)29148839,無
583,新北市新店區國校里辦公處,新北市,新店區,國校路50號3樓,(02)29117312,無
584,新北市新店區國豐里辦公處,新北市,新店區,建國路58號2樓(建國游泳池2樓教室),(02)29187328,無
585,新北市新店區張南里辦公處,新北市,新店區,新店路207號三樓(碧潭市民活動中心),(02)29117423,無
586,新北市新店區頂城里辦公處,新北市,新店區,安康路一段9-2號(頂城市民活動中心),(02)22117843,無
587,新北市新店區華城里辦公處,新北市,新店區,華城一路18號2樓,(02)22162663,無
588,新北市新店區新生里辦公處,新北市,新店區,達觀路6號,(02)29135295,無
589,新北市新店區新和里辦公處,新北市,新店區,新和街109號(新和市民活動中心),(02)29461653,無
590,新北市新店區達觀里辦公處,新北市,新店區,達觀路6號,(02)22136388,無
591,新北市新店區廣興里辦公處,新北市,新店區,新店路207號3樓,(02)26665969,無
592,新北市新店區德安社區發展協會,新北市,新店區,安一路二段198-1號,(02)22117266,無
593,新北市新店區龜山廣興社區發展協會,新北市,新店區,新烏路三段136號2樓(龜山市民活動中心),(02)26660002,無
594,新北市新店區龜山廣興社區發展協會,新北市,新店區,新烏路三段136號2樓(龜山市民活動中心),(02)26660002,無
595,新北市新店區雙坑里辦公處,新北市,新店區,長峯路7號,(02)22172582,無
596,新北市新店區雙城社區發展協會,新北市,新店區,安康路三段237號B1,無,916281709
597,新北市新店康園公共托老中心,新北市,新店區,安興路91巷31號,(02)86663556,無
598,新北市新店碧潭公共托老中心,新北市,新店區,新店路159號2樓,(02)29121592,無
599,新店玫瑰社區福德宮,新北市,新店區,玫瑰路35號,(02)22155900,無
600,新店客家促進會,新北市,新店區,環河路152號之7(新店褒忠亭),(02)86656188,無
601,新北市新店區老人會,新北市,新店區,民族路110號(大豐社福館),(02)22198112,無
602,新北市歡樂銀髮協會,新北市,新店區,溪園路387號1F,無,915568183
603,新北市新店區北新社區發展協會,新北市,新店區,張北里14鄰德正街23巷25號(張北市民活動中心),(02)89112380,無
604,新北市新店區北新社區發展協會,新北市,新店區,張北里14鄰德正街23巷25號(張北市民活動中心),(02)89112380,無
605,社團法人中華麥田關懷協會(五峯站),新北市,新店區,北新路1段92號2樓(馬公多功能集會中心),(02)29133936,無
606,新北市奇布施老人養生協會(寶福站),新北市,新店區,寶橋路234號,無,918608832
607,新北市新店區玫瑰社區發展協會,新北市,新店區,富貴街9巷31號,(02)22155106,無
608,新北市新店區長春里辦公處,新北市,新店區,新坡一街39號2樓,(02)29109066,無
609,新北市歡樂銀髮協會,新北市,新店區,溪園路387號1F,無,915568183
610,龍林天下公寓大廈管理委員會,新北市,新店區,永平街37巷6號,(02)29479592,無
611,新北市新店區文中里辦公處,新北市,新店區,北宜路一段39巷32號(文中廣明市民活動中心),(02)29122820,無
612,新北市新店區五峯里辦公處,新北市,新店區,北新路1段92號2樓(馬公多功能集會中心),(02)29133939,無
613,新北市全民愛心推廣協會,新北市,樹林區,鎮前街347巷1弄4號,(02)86862807,無
614,新北市樹林區東昇里辦公處,新北市,樹林區,中山路二段80號2樓(東昇市民活動中心),(02)86856377,無
615,新北市畫眉鳥晚香玉協會,新北市,樹林區,鎮前街467號(東陽市民活動中心),(02)26822426,無
616,新北市樹林區原住民族發展協進會(新北市樹林原動力公共托老中心),新北市,樹林區,中山路三段40號3樓,(02)35016895,無
617,新北市樹林區山佳社區發展協會,新北市,樹林區,中山路三段40號2樓(中山市民活動中心),無,937026392
618,新北市樹林區圳民里辦公處,新北市,樹林區,俊英街219-3號(圳安松鶴會館),(02)26885555,無
619,新北市樹林區圳福里辦公處,新北市,樹林區,中正路21-1號,(02)26830921 ,無
620,新北市樹林區坡內里辦公處,新北市,樹林區,備內街10號之1(樹林玉明宮),(02)26867040,無
621,新北市樹林區東山里辦公處,新北市,樹林區,新興街3-3號1樓(山佳市民活動中心),(02)26807777,無
622,新北市樹林區東園里辦公處,新北市,樹林區,柑園街一段60號4樓(東園市民活動中心),(02)26687343,無
623,新北市樹林區保安里辦公處,新北市,樹林區,保順街88號(保安市民活動中心),(02)26821723,無
624,新北市樹林區南園社區發展協會,新北市,樹林區,佳園路三段101巷38弄23號,無,933036158
625,新北市樹林區南園里辦公處,新北市,樹林區,佳園路三段128號(柑園市民活動中心),(02)89700036,無
626,新北市樹林區彭厝里辦公處,新北市,樹林區,彭福里國凱街65號4樓(彭厝市民活動中心),(02)86869288,無
627,新北市樹林區彭厝社區發展協會,新北市,樹林區,太平路56巷43號2樓(大同市民活動中心),(02)86858103,無
628,新北市樹林區獇寮里辦公處 ,新北市,樹林區,保安街二段172號(獇寮市民活動中心),(02)26761194,無
629,新北市樹林區樂山社區發展協會,新北市,樹林區,中和街38號3樓(樂山市民活動中心),(02)26803491,無
630,新北市樹林區潭底里辦公處,新北市,樹林區,保安街一段289巷8號2樓(潭底市民活動中心),(02)26819883,無
631,新北市樹林區樹人里辦公處,新北市,樹林區,復興路308巷2弄6號,(02)86753127,無
632,樹林耶穌聖心堂,新北市,樹林區,中山路一段154號,(02)26811083,無
633,新北市快樂銀髮族協會,新北市,樹林區,復興路222號(樹西市民活動中心),(02)22583550,無
634,新北市樹林區育英里辦公處,新北市,樹林區,文化街15號2樓(文化市民活動中心),(02)26832813,無
635,社團法人中華慈雲慈善利生推廣協會,新北市,樹林區,太平路127巷14號1樓,(02)86845058,無
636,新北市樹林區樹德里辦公處,新北市,樹林區,樹德街136巷13弄2號2樓,(02)26833968,無
637,新北市文化發展協會,新北市,樹林區,備前街36巷3號3樓(中正體育活動中心),(02)26832356,無
638,社團法人中華民國紳士協會,新北市,樹林區,福興街17號(三多市民活動中心),無,927889280
639,社團法人中華民國紳士協會,新北市,樹林區,福興街17號(三多市民活動中心),無,927889280
640,社團法人中華民國紳士協會,新北市,樹林區,福興街17號(三多市民活動中心),無,927889280
641,新北市樹林區三龍里辦公處,新北市,樹林區,三龍街21號,(02)86883570,無
642,新北市樹林區山佳社區發展協會,新北市,樹林區,中山路三段40號2樓(中山市民活動中心),無,937026392
643,全球台北人公寓大廈管理委員會,新北市,樹林區,中華路323號,(02)86863764,無
644,新北市樹林區彭厝社區發展協會,新北市,樹林區,太平路56巷43號2樓(大同市民活動中心),(02)86883570,無
645,新北市樹林區文林里辦公處,新北市,樹林區,潭興街107巷21弄6號,無,910151297
646,新北市樹林區北園里辦公處,新北市,樹林區,柑園街1段60號4樓(東園市民活動中心),無,932124825
647,社團法人中華民國紳士協會,新北市,樹林區,福興街17號(三多市民活動中心),無,927889280
648,新北市樹林區圳生里辦公處,新北市,樹林區,圳生里三俊街287號,無,939096099
649,新北市樹林區圳安里辦公處,新北市,樹林區,俊英街222號,無,933884200
650,新北市樹林區南園里辦公處,新北市,樹林區,佳園路三段128號(柑園市民活動中心),(02)89700036,無
651,新北市樹林區和平里辦公處,新北市,樹林區,仁愛街12巷10號,無,906891865
652,新北市樹林區金寮里辦公處,新北市,樹林區,保安街2段49號,無,933069169
653,新北市樹林區南園里辦公處,新北市,樹林區,佳園路三段128號(柑園市民活動中心),(02)89700036,無
654,新北市樹林區彭興里辦公處,新北市,樹林區,八德街231號,無,933069169
655,新北市畫眉鳥晚香玉協會,新北市,樹林區,鎮前街467號(東陽市民活動中心),(02)26822426,無
656,新北市畫眉鳥晚香玉協會,新北市,樹林區,鎮前街467號(東陽市民活動中心),(02)26822426,無
657,新北市樹林區樹福里辦公處,新北市,樹林區,復興路225巷2號(樹西市民活動中心),無,933037334
658,新北市樹林區樹興里辦公處,新北市,樹林區,文德街29號1樓,無,935504711
659,江山萬里公寓大廈管理委員會,新北市,樹林區,大安路111巷11號,(02)26870916,無
660,新北市原住民族社會服務協會,新北市,鶯歌區,二甲路36-2號(二甲市民活動中心),(02)86872608,無
661,新北市鶯歌區雙和社區發展協會,新北市,鶯歌區,中正三路337號(二橋市民活動中心),(02)86777438﻿,無
662,新北市鶯歌國際新城才藝推廣協進會,新北市,鶯歌區,明圓街43號(大湖市民活動中心),無,937809583
663,新北市鶯歌區大湖社區發展協會,新北市,鶯歌區,明圓街43號(大湖市民活動中心),(02)86777618,無
664,財團法人伊甸社會福利基金會(新北市鶯歌大湖公共托老中心),新北市,鶯歌區,大湖路338巷2號,(02)26776759,無
665,新北市鶯歌區中湖里辦公處,新北市,鶯歌區,中湖街23號(中湖市民活動中心),無,930878340
666,新北市鶯歌區永吉社區發展協會,新北市,鶯歌區,鶯桃路德昌二街3巷1號之1(永吉市民活動中心),無,935569467
667,新北市鶯歌區永昌社區發展協會,新北市,鶯歌區,永昌街36-1號(永昌市民活動中心),無,982024095
668,新北市鶯歌區永昌里辦公處,新北市,鶯歌區,永昌街36-1號(永昌市民活動中心),無,919954187
669,新北市鶯歌區尖山里辦公處,新北市,鶯歌區,尖山路211巷1號(尖山市民活動中心),無,937923006
670,新北市鶯歌區老人會,新北市,鶯歌區,中山路138巷5-1號(鶯歌區休閒活動中心),無,938178780
671,福南宮,新北市,鶯歌區,文化路226巷16-1號(福南宮土地廟),無,956678808
672,新北市鶯歌區建德社區發展協會,新北市,鶯歌區,中正一路建德巷22號,(02)86775281,無
673,新北市鶯歌區鳳鳴社區發展協會,新北市,鶯歌區,永和街34巷8號2樓(鳳鳴市民活動中心),無,921463298
674,新北市鶯歌區鳳祥里辦公處,新北市,鶯歌區,鶯桃路381巷2弄15號(鳳祥市民活動中心),(02)86777028﻿,無
675,新北市多元智能老幼暨兒童教育發展協會(鶯歌站),新北市,鶯歌區,福隆一街14號,(02)22886656,無
676,新北市鶯歌區北鶯社區發展協會,新北市,鶯歌區,仁愛路55號(北鶯市民活動中心),(02)26700076,無
677,新北市鶯歌區建國里辦公處,新北市,鶯歌區,育智路49號,(02)26796063,無
678,新北市鶯歌區大湖社區發展協會,新北市,鶯歌區,明圓街43號(大湖市民活動中心),(02)86777618,無
679,新北市鶯歌區東鶯社區發展協會,新北市,鶯歌區,文化路215號(東鶯市民活動中心),(02)26792501,無
680,新北市鶯歌區同慶里辦公處,新北市,鶯歌區,尖山埔路104號(同慶市民活動中心),(02)26780202,無
681,新北市鶯歌區中鶯里辦公處,新北市,鶯歌區,中正一路62巷7號3樓(中鶯市民活動中心),無,935295916
682,新北市鶯歌區北鶯社區發展協會,新北市,鶯歌區,仁愛路55號(北鶯市民活動中心),(02)26700076,無
683,新北市三峽區二鬮里辦公處,新北市,三峽區,中正路二段449號(大埔二鬮市民活動中心),無,986359839
684,台灣基督長老教會三峽教會,新北市,三峽區,民族街1號,(02)26711981,無
685,新北市托老互照志工協會,新北市,三峽區,信義街15號,(02)26710900,無
686,新北市三峽區大埔里辦公處,新北市,三峽區,中正路二段449號(大埔二鬮市民活動中心),無,922047073
687,社團法人新北市德道慈善會,新北市,三峽區,中正路二段273號,(02)26720800,無
688,新北市三峽區中埔里辦公處,新北市,三峽區,大同路266、268號(自強市民活動中心),(02)26733197﻿,無
689,新北市三峽區介壽里辦公處,新北市,三峽區,永安街9巷5號1樓(介壽中正安溪礁溪市民活動中心),(02)26719658﻿,無
690,新北市三峽區松柏長春會,新北市,三峽區,介壽路一段530號,(02)26713193,無
691,新北市三峽區中正里辦公處,新北市,三峽區,光明路71號6樓(光明市民活動中心),無,921994391
692,三峽松鶴長壽會,新北市,三峽區,民族街122號(八張市民活動中心),(02)26713193,無
693,新北市三峽區鳶山里辦公處,新北市,三峽區,大勇路36巷2、2之1號(鳶山里銀髮俱樂部),(02)26715961,無
694,新北市托老互照志工協會,新北市,三峽區,信義街15號,(02)26689439,無
695,新北市三峽福松老人福利促進會,新北市,三峽區,建安43號,無,935123274
696,新北市三峽區安溪里辦公處,新北市,三峽區,中正路一段108巷14號,無,927379355
697,新北市多元智能老幼暨兒童教育發展協會(三峽站),新北市,三峽區,中正路一段200號,(02)22886656,無
698,新北市三峽區成褔里辦公處,新北市,三峽區,成福路44號(成福市民活動中心),(02)26726087﻿,無
699,新北市三峽區竹崙里辦公處,新北市,三峽區,竹崙路146號(竹崙市民活動中心),(02)26682221﻿,無
700,社團法人新北市德道慈善會,新北市,三峽區,中正路二段273號,(02)26720800,無
701,新北市三峽區溪北里辦公處,新北市,三峽區,溪北街87號(溪北市民活動中心),(02)﻿﻿86762738,無
702,新北市三峽區溪東里辦公處,新北市,三峽區,溪東路218巷1號(溪東市民活動中心),(02)86763543,無
703,新北市三峽區中興社區發展協會,新北市,三峽區,介壽路二段136巷63號(中興市民活動中心),無,922264609
704,中華民國體育運動教練協會,新北市,三峽區,大勇路18之2號3樓、18之3號3樓,無,910315119
705,新北市三峽區龍埔社區發展協會,新北市,三峽區,三樹路214巷9號2樓(龍埔市民活動中心),無,937851300
706,新北市三峽區龍恩里辦公處,新北市,三峽區,學成路396號4樓(龍學龍恩市民活動中心),(02)86721627,無
707,新北市托老互照志工協會,新北市,三峽區,信義街15號,(02)26689439,無
708,新北市三峽區添福里辦公處,新北市,三峽區,添福57-1號(添褔市民活動中心),(02)26717068,無
709,新北市三峽區添福里辦公處,新北市,三峽區,添福57-1號(添褔市民活動中心),(02)26717068,無
710,新北市三峽區大有社區發展協會,新北市,三峽區,插角25-1號(大有市民活動中心),無,939649709
711,新北市三峽區大有社區發展協會,新北市,三峽區,插角25-1號(大有市民活動中心),無,939649709
712,新北市五寮里辦公處,新北市,三峽區,五寮89之7號(五寮市民活動中心),無,972871186
713,新北市三峽區中正里辦公處,新北市,三峽區,光明路71號6樓(光明市民活動中心),無,921994391
714,新北市淡水區大庄里辦公處,新北市,淡水區,淡海路111號(淡海市民活動中心),(02)28053356,無
715,新北市淡水區中和里辦公處,新北市,淡水區,小中寮19-2號,(02)28013232,無
716,新北市淡水區中興里辦公處,新北市,淡水區,水源街一段29號(中興市民活動中心),(02)26226070,無
717,新北市淡水區屯山里辦公處,新北市,淡水區,屯山里石頭厝9-3號,(02)28012408,無
718,新北市淡水區水源里辦公處,新北市,淡水區,北新路二段15號(水源市民活動中心),(02)26211171,無
719,新北市淡水區水碓里辦公處,新北市,淡水區,中山北路一段158號(水碓市民活動中心),(02)26213948,無
720,新北市淡水區正德里辦公處,新北市,淡水區,北新路141巷27號,(02)26250849,無
721,新北市淡水區民生里辦公處,新北市,淡水區,民生路27號(民生市民活動中心),(02)28091583,無
722,新北市淡水區民權里辦公處,新北市,淡水區,民族路112巷32號,(02)28087612,無
723,新北市淡水區坪頂里辦公處,新北市,淡水區,坪頂路710巷1號,無,910667596
724,新北市淡水區幸福里辦公處,新北市,淡水區,學府路51巷3弄10號,(02)26251855,無
725,新北市淡水區忠山里辦公處,新北市,淡水區,後坑子18-1號,(02)26210658,無
726,新北市淡水區忠寮社區發展協會,新北市,淡水區,後寮6號,(02)26212923,無
727,新北市淡水區油車社區發展協會,新北市,淡水區,淡海路32號,無,910031248
728,新北市淡水區竿蓁里辦公處,新北市,淡水區,中正東路一段3巷6號(竿蓁市民活動中心),(02)26221769,無
729,社團法人台灣愛鄰社區服務協會(崁頂站),新北市,淡水區,中山北路二段159~185號,(02)26269995,無
730,新北市淡水區新民里辦公處,新北市,淡水區,新民街120巷60號旁,(02)86310077,無
731,新北市淡水區新生里辦公處,新北市,淡水區,中正路207號2樓(滬尾市民活動中心),(02)26211472,無
732,新北市淡水區新春里辦公處,新北市,淡水區,新春街46之1號,(02)26262568,無
733,新北市淡水區新義里辦公處,新北市,淡水區,大義街5號,(02)26220282,無
734,新北市淡水區新興里辦公處,新北市,淡水區,新春街138號,(02)26205051,無
735,新北市淡水義山公共托老中心,新北市,淡水區,奎柔山路3號,(02)26256017,無
736,新北市淡水區福德里辦公處,新北市,淡水區,自強路58號,無,910809302
737,新北市淡水區賢孝里辦公處,新北市,淡水區,淡金路四段600號,(02)28010288,無
738,新北市淡水區學府社區發展協會,新北市,淡水區,學府路116號,無,912526336
739,新北市淡水區樹興里辦公處,新北市,淡水區,糞箕湖25號(樹興市民活動中心),(02)86260291,無
740,新北市淡水區興仁里辦公處,新北市,淡水區,興仁路101巷5號,(02)26212461,無
741,新北市淡水區蕃薯里辦公處,新北市,淡水區,水碓5號,無,928272085
742,新北市淡水區長庚里辦公處,新北市,淡水區,中山路72巷1弄10號(長庚市民活動中心),無,933119320
743,淡水福佑宮,新北市,淡水區,中正路200號,(02)26211731,無
744,新北市淡水區協元里辦公處,新北市,淡水區,新生街108巷4號,(02)26226162,無
745,淡水清水巖,新北市,淡水區,清水街160號2樓,(02)26212236,無
746,淡水清水巖,新北市,淡水區,清水街160號2樓,(02)26212236,無
747,淡水福佑宮,新北市,淡水區,中正路200號,(02)26211731,無
748,新北市淡水區文化里辦公處,新北市,淡水區,新民街71號,(02)86310333,無
749,新北市淡水區竹圍里辦公處,新北市,淡水區,竹圍里民生路16巷2號2樓(竹圍市民活動中心),(02)28096614,無
750,新北市淡水區竿蓁里辦公處,新北市,淡水區,中正東路一段3巷6號(竿蓁市民活動中心),(02)26221769,無
751,台灣在地安老推展協會(淡水埤島站),新北市,淡水區,埤島7-5號,(02)26412977,無
752,新北市淡水區鄧公社區發展協會,新北市,淡水區,鄧公路32巷7號,(02)26221599,無
753,社團法人台灣愛鄰社區服務協會(幸福站),新北市,淡水區,學府路28號6樓,(02)26269995,無
754,新北市淡水區沙崙里辦公處,新北市,淡水區,淡海路199號,(02)28058128,無
755,新北市淡水區正德里辦公處,新北市,淡水區,北新路141巷27號,(02)26281049,無
756,新北市淡水區北投里辦公處,新北市,淡水區,北新路一段163號,(02)26205789,無
757,新北市原住民家庭關懷協會,新北市,汐止區,樟樹二路302巷10號,(02)26426598,無
758,新北市汐止區北峰國民小學,新北市,汐止區,環河街1號,(02)26941817,無
759,新北市汐止區北山里辦公處,新北市,汐止區,明峰街298巷1-2號,(02)26926255,無
760,新北市汐止區北峰里辦公處,新北市,汐止區,中興路250號2樓(北峰市民活動中心),(02)26953955,無
761,新北市汐止區白雲里辦公處,新北市,汐止區,水源路二段112號(白雲市民活動中心),無,920483759
762,新北市汐止區秀峰社區發展協會,新北市,汐止區,勤進路1號(新北市政府汐止區秀山秀峰福安市民活動中心),無,933204101
763,新北市汐止區保長里辦公處,新北市,汐止區,保長路51巷11、13號(保長市民活動中心),無,921950973
764,新北市汐止區厚德里辦公室,新北市,汐止區,樟樹一路137巷26弄2樓(厚德山光市民活動中心),(02)26481234,無
765,新北市飛頓耐溫馨關懷協會,新北市,汐止區,樟樹二路251巷25號,無,931287016
766,社團法人新北市汐止區基督教全人關懷福音發展協會(建成站),新北市,汐止區,建成路152號B1,(02)26917152,無
767,新北市汐止佳醫公共托老中心,新北市,汐止區,茄苳路296號,(02)86486672,無
768,社團法人新北市汐止區基督教全人關懷福音發展協會(崇德站),新北市,汐止區,茄苳路82號(崇德橋東市民活動中心),(02)26917152,無
769,新北市汐止區復興里辦公處,新北市,汐止區,復興路1之1號(復興市民活動中心),(02)26426123,無
770,新北市汐止區湖蓮里辦公處,新北市,汐止區,湖前街110巷97弄24號B2(中餐廳大廳及才藝教室),(02)26908318,無
771,新北市汐止區鄉長社區發展協會,新北市,汐止區,長江街287-1號(玉泉宮),(02)26419980,無
772,迎旭大愛協會,新北市,汐止區,國興街22巷28號(新雪梨活動中心週邊),無,918031879
773,新北市龍馬湖發展協進會,新北市,汐止區,忠三街8號(忠山市民活動中心),無,982397642
774,新北市汐止區農會,新北市,汐止區,汐萬路三段246號,(02)26416666,無
775,社團法人台灣樂活服務發展協會(汐止信望站),新北市,汐止區,信義路1號2樓(火車站),無,939159495
776,社團法人中華關懷身心促進發展協會-宜興站,新北市,汐止區,橫科路119號2樓(橫科福山市民活動中心),無,980731450
777,社團法人中華關懷身心促進發展協會-仁德站,新北市,汐止區,和平街6巷1弄1號(仁德市民活動中心),無,980731450
778,新北市汐止區禮門里辦公處,新北市,汐止區,中正路285號(禮門市民活動中心),(02)86923954,無
779,新北市汐止區烘內里辦公處,新北市,汐止區,汐萬路三段252巷27號(烘內市民活動中心),(02)26461346,無
780,新北市汐止區農會,新北市,汐止區,汐萬路三段246號,(02)26416666,無
781,社團法人中華關懷身心促進發展協會-仁德站,新北市,汐止區,和平街6巷1弄1號(仁德市民活動中心),無,980731450
782,白雲山莊社區管理委員會,新北市,汐止區,東勢街216巷22弄2-1號,(02)26901132,無
783,新北市汐止區農會,新北市,汐止區,汐萬路三段246號,(02)26416666,無
784,財團法人北部台灣基督長老教會七星中會(康寧街教會),新北市,汐止區,康寧街141巷3號1樓,(02)26953081,無
785,社團法人大中華婦幼關懷成長協會,新北市,汐止區,茄苳路225巷35號1樓、3樓(茄苳市民活動中心),(02)86488662,無
786,新北市汐止區長安里辦公處,新北市,汐止區,長興街一段50號2樓(長安市民活動中心),(02)86483938,無
787,新北市汐止區橫科里辦公處,新北市,汐止區,橫科路119號2樓(橫科福山市民活動中心),(02)26402988,無
788,社團法人台灣信望愛發展協會,新北市,汐止區,大同路1段324號2樓,(02)26419280,無
789,新北市汐止區老人會,新北市,汐止區,忠孝東路9號(汐止區綜合運動場),(02)86481959,無
790,社團法人大中華婦幼關懷成長協會,新北市,汐止區,茄苳路225巷35號1樓、3樓(茄苳市民活動中心),(02)86488662,無
791,社團法人台灣幸扶公益協會,新北市,汐止區,新台五路二段81號1樓,無,975032174
792,財團法人台灣省台北縣基督教汐止讚美浸信會,新北市,汐止區,伯爵街2巷1號,(02)26439822,無
793,新北市汐止區湖光里辦公處,新北市,汐止區,康寧街520號之1(湖光市民活動中心),無,987964009
794,新北市汐止區農會,新北市,汐止區,汐萬路三段246號,(02)26416666#250,無
795,社團法人中華關懷身心促進發展協會(大同站),新北市,汐止區,大同路2段312巷16弄35號(大同市民活動中心),無,980731450
796,新北市汐止區江北里辦公處,新北市,汐止區,汐萬路1段81號(江北市民活動中心),(02)26413009,無
797,社團法人台灣厝邊有愛關懷協會(社后教會),新北市,汐止區,福德一路201巷3號1樓,(02)26941005,無
798,社團法人中華關懷身心促進發展協會(大同站),新北市,汐止區,大同路2段312巷16弄35號(大同市民活動中心),無,980731450
799,社團法人台灣新住民關懷協會(興福站),新北市,汐止區,福德一路141巷52號(興福市民活動中心),(02)26648575,無
800,新北市汐止區金龍里辦公處,新北市,汐止區,湖前街31巷2弄2號(金龍市民活動中心),(02)26925688,無
801,新北市汐止區保新里辦公處,新北市,汐止區,保新街112之1號(保新市民活動中心),無,935740650
802,新北市飛頓耐溫馨關懷協會,新北市,汐止區,樟樹二路251巷25號,無,931287016
803,新北市汐止區自強里辦公處,新北市,汐止區,新興路54號(自強市民活動中心),(02)26432246,無
804,新北市汐止區城中里辦公處,新北市,汐止區,建成路39號(城中建成市民活動中心(2樓)),(02)26472277,無
805,社團法人台灣幸扶公益協會,新北市,汐止區,新台五路二段81號1樓,無,975032174
806,社團法人台灣厝邊有愛關懷協會(水源教會),新北市,汐止區,連興街114號2樓,(02)23640534,無
807,社團法人臺北市心藝社會關懷協會(汐止福安站),新北市,汐止區,仁愛路193號1樓,(02)22398785,無
808,社團法人中華關懷身心促進發展協會-康福站,新北市,汐止區,福德三路9號1樓(康福市民活動中心),無,980731450
809,社團法人大中華婦幼關懷成長協會,新北市,汐止區,茄苳路225巷35號1樓、3樓(茄苳市民活動中心),(02)86488662,無
810,社團法人台灣厝邊有愛關懷協會(水源教會),新北市,汐止區,連興街114號2樓,(02)23640534,無
811,新北市瑞芳區慶平社區發展協會,新北市,瑞芳區,坑尾巷28號之1(慶平市民活動中心),(02)20214000,無
812,新北市瑞芳區猴硐社區發展協會,新北市,瑞芳區,侯硐路25號(猴硐市民活動中心),無,928285516
813,瑞芳國小,新北市,瑞芳區,中山路2號(瑞芳國小),(02)24972058,無
814,新北市瑞芳區龍潭社區發展協會,新北市,瑞芳區,瑞芳街23號(三里市民活動中心),(02)24970512,無
815,新北市瑞芳區東和里辦公處,新北市,瑞芳區,"中山路55號
新北市瑞芳區中山路20號(東和市民活動中心 )",(02)24972704,無
816,新北市瑞芳區龍興社區發展協會,新北市,瑞芳區,民權街10號(龍興市民活動中心),無,928237825
817,財團法人私立廣恩老人養護中心(瑞芳明燈站),新北市,瑞芳區,明燈路三段2號2樓(瑞龍市民活動中心),(02)24063888,無
818,新北市瑞芳區老人會,新北市,瑞芳區,明燈路三段2號3樓(瑞龍市民活動中心),(02)24972250,無
819,新北市瑞芳區保安宮,新北市,瑞芳區,大寮路49巷5之2號,無,935129036
820,新北市瑞芳區柑坪社區發展協會,新北市,瑞芳區,明燈路一段17-1號(柑坪市民活動中心),無,926264389
821,新北市柑松青關懷褔利協會,新北市,瑞芳區,明燈路一段201巷93號,無,955343576
822,社團法人愛福家協會(瑞芳站),新北市,瑞芳區,三爪子坑路18號,(02)24967130,無
823,新北市瑞芳區爪峰社區發展協會,新北市,瑞芳區,三爪子坑路279之1號(爪峰市民活動中心),無,916730662
824,新北市瑞芳區龍安里辦公處,新北市,瑞芳區,瑞芳街112巷7號(龍安市民活動中心),無,910140454
825,新北市瑞芳區龍川社區發展協會,新北市,瑞芳區,一坑路70-7號、8號(龍川市民活動中心),無,937426420
826,新北市瑞芳區吉安里辦公處,新北市,瑞芳區,大埔路23巷20-1號(吉安市民活動中心),(02)24586316,無
827,新北市瑞芳區瑞濱里辦公處,新北市,瑞芳區,建基路一段4之2號(瑞濱市民活動中心),(02)24966599,無
828,新北市瑞芳區傑魚社區發展協會,新北市,瑞芳區,"傑魚坑路195號
新北市瑞芳區傑魚坑路245巷之2號(傑魚市民活動中心)",(02)24973228,無
829,新北市瑞芳區傑魚里辦公處,新北市,瑞芳區,傑魚坑路245巷之2號(傑魚市民活動中心),(02)24973228,無
830,新北市瑞芳區吉慶里辦公處,新北市,瑞芳區,瑞竹路91號,無,933585561
831,新北市瑞芳區新峰社區發展協會,新北市,瑞芳區,三爪子坑路309之2號,無,975129189
832,金瓜石勸濟堂,新北市,瑞芳區,祈堂路74-1號(金瓜石文化館),(02)24961273,無
833,新北市瑞芳區光復里辦公處,新北市,瑞芳區,柴寮路309號(光復里活動中心),(02)24975341,無
834,新北市瑞芳區石山里辦公處,新北市,瑞芳區,五號路170號(石山市民活動中心),(02)24962675,無
835,新北市瑞芳區長樂社區發展協會,新北市,瑞芳區,街頂巷56之1號(長樂市民活動中心),(02)24972179,無
836,臺灣金仔山愛鄉協會,新北市,瑞芳區,洞頂路235之1號(濂洞市民活動中心),(02)24961009,無
837,新北市瑞芳區新山里辦公處,新北市,瑞芳區,金光路241-1號(新山市民活動中心),無,912247628
838,新北市瑞芳區濂新社區發展協會,新北市,瑞芳區,長仁路50之3號(長仁市民活動中心),無,932058424
839,新北市瑞芳區永慶里辦公處,新北市,瑞芳區,崙頂路2之3號(永慶市民活動中心),(02)24976403,無
840,新北市瑞芳區基山里辦公處,新北市,瑞芳區,輕便路194號(基山市民活動中心),無,932074528
841,新北市瑞芳區瓜山里辦公處,新北市,瑞芳區,金光路117-2號(瓜山社區發展協會圖書室),(02)24961283,無
842,新北市瑞芳區福住里辦公處,新北市,瑞芳區,佛堂巷7號(福住市民活動中心),(02)24970372,無
843,新北市瑞芳區碧雲宮,新北市,瑞芳區,深澳路67之1號(深奧市民活動中心),無,911464699
844,新北市瑞芳區碩仁里辦公處,新北市,瑞芳區,柴寮路309號(光復市民活動中心),(02)24061650,無
845,新北市瑞芳區弓橋社區發展協會,新北市,瑞芳區,猴硐里猴硐路55號(猴硐介壽堂),無,912573811
846,新北市瑞芳區龍鎮里辦公處,新北市,瑞芳區,逢甲路274-2號(龍山市民活動中心),無,932302366
847,新北市瑞芳區龍山里辦公處,新北市,瑞芳區,逢甲路274-2號(龍山市民活動中心),無,986940728
848,新北市瑞芳區海濱社區發展協會,新北市,瑞芳區,海濱二路68-1號(海濱集會所),(02)24971620,無
849,新北市瑞芳區南雅里辦公處,新北市,瑞芳區,南雅路41之1號(南雅里民休閒場所),(02)24911369,無
850,新北市瑞芳區鼻頭社區發展協會,新北市,瑞芳區,鼻頭路101號,無,912276226
851,新北市土城區長風社區發展協會,新北市,土城區,順風路27號(長風市民活動中心),(02)22606290,無
852,新北市土城區瑞興里辦公處,新北市,土城區,四川路二段245巷125號(華德公園市民活動中心),(02)89673958,無
853,新北市土城區清化里辦公處(福山天惠堂),新北市,土城區,青雲路486-2號,(02)22615380,無
854,新北市土城區日新里辦公處,新北市,土城區,裕生路100巷5號(日新市民活動中心),(02)82626001,無
855,新北市土城區青山里辦公處,新北市,土城區,明德路一段74之1號(青山市民活動中心),(02)22734192,無
856,新北市土城永寧公共托老中心,新北市,土城區,中央路三段130-5號2樓及之6號2樓,(02)22685596,無
857,新北市土城區媽祖田社區發展協會,新北市,土城區,龍泉路10-2號,無,926080909
858,新北市土城區祖田里辦公處,新北市,土城區,中央路四段283之1號2樓(祖田市民活動中心),(02)22675698,無
859,新北市土城區頂褔里辦公處,新北市,土城區,中州路28巷28號(頂福市民活動中心),(02)22681819,無
860,新北市土城區裕生里辦公處,新北市,土城區,中央路一段118巷1弄13號,(02)22621150,無
861,新北市土城區員林里辦公處,新北市,土城區,員林街15號(員林市民活動中心),(02)22610953,無
862,社團法人中華利仁社會福利協會,新北市,土城區,中正路1號6樓之1,(02)22632256,無
863,新北市土城區頂埔里辦公處,新北市,土城區,中央路四段55之12號(頂埔市民活動中心),(02)22678936,無
864,新北市土城區頂欣社區發展協會,新北市,土城區,中央路四段283-1號(頂新市民活動中心),(02)80763132,無
865,永寧褔德宮,新北市,土城區,永平街1號,(02)22688516,無
866,新北市土城區永豐里辦公處,新北市,土城區,清水路234巷5號(永豐市民活動中心),(02)22614311 ,無
867,新北市土城區中正里辦公處,新北市,土城區,裕民路193-1號(中正市民活動中心),(02)22634905,無
868,新北市土城區雲溪社區發展協會,新北市,土城區,清水路243號(清溪市民活動中心),(02)82603360,無
869,財團法人新北市神明會義塚大墓公,新北市,土城區,忠義路61號,(02)22676225,無
870,新北市土城區延壽里辦公處,新北市,土城區,延和路125巷28號2樓(延壽市民活動中心),(02)22612920,無
871,新北市土城區延吉里辦公處,新北市,土城區,延吉街137巷13號(延吉峯廷市民活動中心),(02)22611190,無
872,新北市土城區青雲里辦公處,新北市,土城區,清水路141巷18號B1(青雲柑林市民活動中心),(02)22659858,無
873,新北市土城區員福里辦公處,新北市,土城區,中正路18號4樓之2(土城員福員信市民活動中心(員福二)),(02)22613836,無
874,新北市土城區土城里辦公處,新北市,土城區,中正路18號4樓之3(土城員福員信市民活動中心(土城三)),(02)82610381 ,無
875,新北市土城區員仁里辦公處,新北市,土城區,中正路18號4樓之2(土城員福員信市民活動中心(員福二)),(02)22705007,無
876,新北市土城區清化里辦公處,新北市,土城區,青雲路368號4樓(清化市民活動中心),(02)22615380,無
877,新北市土城區員信里辦公處,新北市,土城區,中正路18號4樓之1(土城員福員信市民活動中心(員信一)),(02)22702160,無
878,新北市崇德光慧經典推廣協會,新北市,土城區,中華路一段36號6樓,無,955405593
879,新北市土城區樂利里辦公處,新北市,土城區,學府路一段228巷2弄10號(樂利市民活動中心),(02)82628828 ,無
880,新北市土城區延祿里辦公處,新北市,土城區,延和路156巷7號(延和市民活動中心),(02)22605707,無
881,新北市土城區復興里辦公處,新北市,土城區,裕民路193之1號(中正學士埤林市民活動中心),(02)89665786,無
882,新北市土城區日和里辦公室,新北市,土城區,中華路一段225號(日和市民活動中心),(02)22630356,無
883,新北市土城區沛陂社區發展協會,新北市,土城區,福安街55巷19號1F、B1,(02)22684076,無
884,名軒皇城社區管理委員會,新北市,土城區,福安街30號,(02)22694073,無
885,新北市土城區延和里辦公處,新北市,土城區,立德路109號B2(延和市民活動中心 ),(02)22633747,無
886,新北市土城區峯廷里辦公處,新北市,土城區,延吉街253巷20號,(02)22619796,無
887,新北市土城區廷寮里辦公處,新北市,土城區,永豐路240-1號(廷寮市民活動中心),(02)22626089,無
888,新北市土城區永富里辦公處,新北市,土城區,延吉街296巷8號,(02)22644813,無
889,新北市土城區學成里辦公處,新北市,土城區,學成路97巷8號(學成市民活動中心 ),(02)22624411,無
890,財團法人新北市基督教新希望教會(土城清水站),新北市,土城區,明德路一段240巷26弄5號,(02)29598539,無
891,新北市土城區學府里辦公處,新北市,土城區,學府路一段155巷2號B1(學府市民活動中心),(02)82623299,無
892,新北市土城區安和里辦公處,新北市,土城區,延和路88巷10弄3號(安和市民活動中心),無,960569393
893,新北市土城區廣興里辦公處,新北市,土城區,裕民路193-1號(中正學士埤林市民活動中心),(02)22625088,無
894,新北市土城區廣福里辦公處,新北市,土城區,裕民路193-1號(中正學士埤林市民活動中心),無,932051404
895,新北市土城區埤林里辦公處,新北市,土城區,裕民路193-1號(中正學士埤林市民活動中心),(02)22624411,無
896,新北市土城區金城里辦公處,新北市,土城區,金城路三段52巷3號B1(金城峯廷市民活動中心),無,922757749
897,新北市土城區柑林里辦公處,新北市,土城區,清水路141巷18號B1(青雲柑林市民活動中心),(02)82626506,無
898,新北市土城區學士里辦公處,新北市,土城區,裕民路193-1號B1(學士市民活動中心),無,910517891
899,新北市土城區明德里辦公處,新北市,土城區,學士路100號(明德市民活動中心 ),(02)22647844,無
900,社團法人台灣新希望社區關懷協會(本站),新北市,蘆洲區,中正路241號4樓,(02)82832858,無
901,功學社銀髮俱樂部,新北市,蘆洲區,中山二路162號2樓,(02)22825151,無
902,新北市蘆洲區光明里辦公處(白鷺鷥),新北市,蘆洲區,光華路107巷11號,(02)82851391,無
903,新北市蘆洲區仁復社區發展協會,新北市,蘆洲區,中山二路36巷7號,(02)22826399,無
904,新北市蘆洲區仁愛里辦公處,新北市,蘆洲區,民權路143號,(02)28477885,無
905,新北市蘆洲集賢公共托老中心,新北市,蘆洲區,集賢路245號3樓,(02)82853333,無
906,新北市蘆洲區仁義里辦公處,新北市,蘆洲區,集賢路245號7樓,(02)22891048,無
907,財團法人新北市基督徒蘆洲禮拜堂(33銀髮俱樂部),新北市,蘆洲區,三民路26巷71弄2號B1,(02)22816700,無
908,新北市蘆洲區水河里辦公處,新北市,蘆洲區,民族路426巷17號(水湳市民活動中心),無,955599232
909,新北市蘆洲區水湳里辦公處,新北市,蘆洲區,民權路143號,(02)28470836,無
910,新北市蘆洲區正義里辦公處,新北市,蘆洲區,光明路88巷5號,(02)22836349,無
911,新北市蘆洲區民和里辦公處,新北市,蘆洲區,信義路30巷100號1、2樓,(02)22811803,無
912,新北市蘆洲區客家傳統文化協會,新北市,蘆洲區,中正路185巷31弄33號, (02)22882276,無
913,社團法人新北市蘆洲燈塔全人關懷協會,新北市,蘆洲區,長安街220巷14號,(02)82823442,無
914,新北市蘆洲區福祿壽協會,新北市,蘆洲區,永平街1號4樓,(02)22859501,無
915,新北市蘆洲區光明里辦公處,新北市,蘆洲區,中正路185巷31弄33號,(02)82851391,無
916,新北市蘆洲區光明里辦公處(白鷺鷥),新北市,蘆洲區,光華路107巷11號,(02)82851391,無
917,新北市蘆洲區光華里辦公處,新北市,蘆洲區,光華路46巷21弄1號,(02)22828818,無
918,新北市蘆洲區體育會,新北市,蘆洲區,正和街16巷2號2樓,(02)22898822,無
919,新北市蘆洲區成功里辦公處,新北市,蘆洲區,永平街1號4樓,(02)82855838,無
920,新北市蘆洲區忠孝里辦公處,新北市,蘆洲區,民權路143號,無,921998980
921,蘆洲保佑宮,新北市,蘆洲區,中正路192巷8號,(02)22837158,無
922,新北市蘆洲區保佑社區發展協會,新北市,蘆洲區,中正路428號,(02)28487904,無
923,新北市蘆洲區保新里辦公處,新北市,蘆洲區,民權路143號,(02)82821217,無
924,新北市蘆洲區信義里辦公處,新北市,蘆洲區,集賢路255號,(02)22828721,無
925,新北市蘆洲區南港里辦公處,新北市,蘆洲區,三民路611號,(02)28489511,無
926,永安兒童公園,新北市,蘆洲區,永安北路二段42-6號,(02)22811484,無
927,社團法人台灣新希望社區關懷協會(得仁站),新北市,蘆洲區,民生街129巷14號,(02)82832858,無
928,蘆洲護天宮附設鶴齡交誼中心,新北市,蘆洲區,復興路227巷26號,(02)22829437,無
929,新北市蘆洲區樹德社區發展協會,新北市,蘆洲區,信義路65號,(02)82838995,無
930,社團法人台灣多元社會福利協會(蘆洲樓厝),新北市,蘆洲區,復興路274號,(02)82820112,無
931,新北市蘆洲區樓厝里辦公處,新北市,蘆洲區,中興街85號,(02)22813046,無
932,社團法人台灣新希望社區關懷協會(鷺江站),新北市,蘆洲區,民族路7號,(02)82832858,無
933,新北市蘆洲區樹德里辦公處,新北市,蘆洲區,信義路27巷7號,(02)22816794,無
934,永安銀髮俱樂部,新北市,蘆洲區,永安南路二段314號,(02)22811484,無
935,新北市蘆洲區永德里辦公處,新北市,蘆洲區,長安街96號4樓(長安市民活動中心),(02)24848000,無
936,新北市蘆洲區仁復社區發展協會,新北市,蘆洲區,中山二路36巷7號,(02)22826399,無
937,新北市蘆洲區九芎里辦公處,新北市,蘆洲區,長安街68巷19號1樓,(02)28477418,無
938,新北市蘆洲區光明里辦公處(白鷺鷥),新北市,蘆洲區,光華路107巷11號,(02)82851391,無
939,新北市蘆洲區永安里辦公處,新北市,蘆洲區,永安南路二段16巷9號,(02)22885918,無
940,新北市蘆洲區玉清里辦公處,新北市,蘆洲區,中興街31號,無,938153393
941,新北市蘆洲區忠義里辦公處,新北市,蘆洲區,長安街96號4樓(長安市民活動中心),(02)82814561,無
942,新北市蘆洲區長安里辦公處,新北市,蘆洲區,長安街96號4樓(長安市民活動中心),(02)82851500,無
943,社團法人台灣新希望社區關懷協會(三民站),新北市,蘆洲區,三民路96號,(02)82832858,無
944,新北市蘆洲區保和里辦公處,新北市,蘆洲區,中山二路36巷7號,(02)22829598,無
945,新北市五股區水碓里辦公處,新北市,五股區,水碓二路1號2樓(水碓市民活動中心),(02)22933092,無
946,財團法人私立廣恩老人養護中心(新北市五股老人公寓),新北市,五股區,水碓二路1號,(02)22919699,無
947,社團法人中華基督教521福源全人關懷協會(中興據點),新北市,五股區,中興路四段19-1號,(02)22914515,無
948,新北市五股區成州社區發展協會,新北市,五股區,西雲路267號(成州市民活動中心),(02)22933515,無
949,新北市五股區更新社區發展協會,新北市,五股區,更洲路47號(更新市民活動中心),(02)29815101,無
950,新北市五股區陸一里辦公處,新北市,五股區,六合街58號1樓,(02)22933327,無
951,新北市五股區貿商社區發展協會,新北市,五股區,登林路貿商巷8弄10號,(02)22926594,無
952,社團法人中華民國梅門一氣流行養生學會,新北市,五股區,國道路三段22號,(02)22710555,無
953,新北市五股區興珍社區發展協會,新北市,五股區,四維路6號,(02)29889066,無
954,新北市五股賀聖宮,新北市,五股區,新五路三段1號(五股賀聖宮),(02)22953166,無
955,財團法人私立廣恩老人養護中心(新北市五股獅子頭公共托老中心),新北市,五股區,孝義路30號,(02)22932666,無
956,社團法人台北市中國基督教靈糧世界佈道會台北靈糧堂(五股靈糧福音中心),新北市,五股區,成泰路一段237-10號,(02)22910336,無
957,新北市五股區五股社區發展協會,新北市,五股區,工商路127號(五股市民活動中心),無,929004937
958,新北市五股區成功里辦公處,新北市,五股區,西雲路163號2樓(成功市民活動中心),(02)82954913,無
959,新北市五股區五福里辦公處,新北市,五股區,五福路22巷25-1號(里民集會所),無,927219598
960,新北市五股區長青會,新北市,五股區,登林路108號,(02)82958243,無
961,新北市五股區德泰里辦公處,新北市,五股區,成泰路一段8巷4號(德泰里活動中心),無,937094346
962,新北市五股區老人會,新北市,五股區,民義路一段218號,(02)82952699,無
963,新北市五股區六福里辦公處,新北市,五股區,五福路86巷5號,(02)82925773,無
964,新北市五股區老人會,新北市,五股區,民義路一段218號,(02)82952699,無
965,新北市五股區集賢里辦公處,新北市,五股區,天乙路3之1號(集賢里活動中心),(02)22941888,無
966,新北市五股區老人會,新北市,五股區,民義路一段218號,(02)82952699,無
967,新北市五股區五股里辦公處,新北市,五股區,中興路4段67號之1,無,911557859
968,新北市泰山區大科社區發展協會,新北市,泰山區,大科路300號(大科市民活動中心),(02)29092746,無
969,新北市泰山區山腳社區發展協會,新北市,泰山區,福德街14號(大科市民活動中心),(02)29096191,無
970,新北市泰山睦鄰協會,新北市,泰山區,明志路一段354號6樓(泰山基督教會美門堂),(02)29094036,無
971,新北市泰山區同榮社區發展協會,新北市,泰山區,明志路一段427號(同榮市民活動中心),(02)85312129,無
972,新北市泰山區貴子社區發展協會,新北市,泰山區,工專路22號(貴子市民活動中心),無,931559133
973,新北市泰山區中保公共托老中心,新北市,泰山區,明志路三段142巷8號5樓之1(泰山中保公共托老中心),(02)29085168,無
974,新北市泰山區貴和社區發展協會,新北市,泰山區,明志路三段365號(貴和市民活動中心),(02)29065998,無
975,新北市泰山區楓樹里辦公處,新北市,泰山區,楓江路26巷26號1樓(楓樹福泰市民活動中心),(02)29097669,無
976,新北市泰山區義仁社區發展協會,新北市,泰山區,明志路二段177號(義仁市民活動中心),無,917171897
977,新北市泰山區黎明社區發展協會,新北市,泰山區,黎明路23號(黎明市民活動中心),無,963072627
978,新北市泰山區福興里辦公處,新北市,泰山區,楓江路26巷26號1樓(楓樹福泰市民活動中心),(02)22963466,無
979,新北市市敏動齡健康關懷協會(泰山全興站),新北市,泰山區,仁義路11巷1號(歡比屋休閒餐飲),無,963666198
980,財團法人天主教主顧修女會(新北市泰山奇蹟之家公共托老中心),新北市,泰山區,新生路4號(泰山奇蹟之家公共托老中心),(02)29062242,無
981,新北市市敏動齡健康關懷協會(泰山明志站),新北市,泰山區,明志路2段426號4樓(明志市民活動中心),無,963666198
982,新北市泰山區貴子社區發展協會,新北市,泰山區,工專路22號(貴子市民活動中心),無,931559133
983,新北市市敏動齡健康關懷協會(明志站),新北市,泰山區,明志路2段426號4樓(明志市民活動中心),無,963666198
984,泰山區老人會,新北市,泰山區,楓江路26巷26號2樓(楓樹福泰市民活動中心),(02)29000530,無
985,泰山區老人會,新北市,泰山區,楓江路26巷26號2樓(楓樹福泰市民活動中心),(02)29000530,無
986,新北市林口區下福里辦公處,新北市,林口區,下福139-13號(下福市民活動中心),無,932920691
987,新北市林口區中菁社區發展協會,新北市,林口區,菁埔23號,無,939211355
988,財團法人新北市基督教林口靈糧堂,新北市,林口區,文化一路一段93號1樓之2,(02)26097836,無
989,財團法人新北市大樹社會福利基金會(新北市林口仁愛公共托老中心),新北市,林口區,文化一路一段137號1樓,(02)26068117,無
990,新北市林口區太平社區發展協會,新北市,林口區,汕頭32號(太平市民活動中心),無,936094721
991,財團法人華山社會褔利慈善基金會,新北市,林口區,中正路280號,(02)26020469,無
992,新北市林口區西林里辦公處,新北市,林口區,竹林路80-1號(西林市民活動中心),無,988319539
993,新北市林口區東林社區發展協會,新北市,林口區,自強三街33號,(02)26012221,無
994,新北市林口區東南社區發展協會,新北市,林口區,林口區麗園ㄧ街35號2樓,(02)26095928,無
995,新北市林口區林口里辦公處,新北市,林口區,中正路100號3樓(林口市民活動中心),無,935003221
996,新北市林口區南勢里辦公處,新北市,林口區,南勢二街154號,(02)26090168,無
997,新北市林口區頂福里辦公處,新北市,林口區,頂福里5鄰20之16號,無,920977552
998,新北市林口區湖北社區發展協會,新北市,林口區,後湖17之6號(湖北市民活動中心),無,922386766
999,新北市林口區湖南社區發展協會,新北市,林口區,頭湖73號,(02)26030595,無
1000,竹林山觀音寺鶴齡交誼中心,新北市,林口區,竹林路323號,(02)26015304,無
1001,新北市林口區瑞平里辦公處,新北市,林口區,瑞樹坑52號之2,無,958087299
1002,新北市林口區嘉瑞社區發展協會,新北市,林口區,嘉溪雅坑22號,無,933051084
1003,新北市林口區嘉寶里辦公處,新北市,林口區,嘉溪雅坑27號,(02)26051251,無
1004,新北市林口區麗林里辦公處,新北市,林口區,公園路59號3樓(麗林市民活動中心),無,935668013
1005,新北市林口區麗園里辦公室,新北市,林口區,忠孝路569巷17號(麗園市民活動中心),無,910024901
1006,新北市深坑區土庫里辦公處,新北市,深坑區,北深路一段83巷8弄36號3樓(深坑第1市民活動中心),(02)26627777,無
1007,新北市深坑區昇高社區發展協會,新北市,深坑區,旺耽路25號(昇高市民活動中心),無,958282477
1008,新北市深坑區阿柔社區發展協會,新北市,深坑區,阿柔洋66號(阿柔市民活動中心),(02)26647265,無
1009,新北市身心障礙多愛公益推廣協會,新北市,深坑區,北深路二段87號,(02)27331648,無
1010,深坑國小,新北市,深坑區,文化街45號,(02)26624675,無
1011,新北市深坑區深坑社區發展協會,新北市,深坑區,北深路二段166號(深坑第2市民活動中心),無,937816131
1012,新北市深坑區萬順社區發展協會,新北市,深坑區,北深路三段107巷26號(萬順市民活動中心),無,920726033
1013,新北市深坑詠靜公共托老中心,新北市,深坑區,北深路三段105號1樓,(02)26621660,無
1014,深坑慈聖宮,新北市,深坑區,北深路一段300號,(02)26621515,無
1015,新北市石碇區豐田里辦公處,新北市,石碇區,碇坪路二段28號(豐田里民活動中心),(02)29395196,無
1016,新北市石碇區烏塗社區發展協會,新北市,石碇區,烏塗窟23之1號(烏塗市民活動中心),(02)26632663,無
1017,新北市石碇區光明里辦公處,新北市,石碇區,光明路12-1號(光明市民活動中心),(02)26638182,無
1018,新北市石碇區格頭里辦公處,新北市,石碇區,北宜路五段3號(格頭市民活動中心),(02)26651723,無
1019,新北市石碇區潭邊里辦公處,新北市,石碇區,碇坪路一段39號1樓(潭邊市民活動中心),(02)26631217,無
1020,新北市石碇區彭山里辦公處,新北市,石碇區,崩山路33之3號,(02)26631028,無
1021,新北市石碇區隆盛里辦公處,新北市,石碇區,靜安路一段5號,(02)26632113,無
1022,新北市石碇區石碇國小,新北市,石碇區,石碇西街15號,(02)26631244,無
1023,新北市石碇區光明社區發展協會,新北市,石碇區,靜安路一段183號(中民市民活動中心),(02)26632070,無
1024,新北市石碇區永安里辦公處,新北市,石碇區,北宜路六段小金瓜寮巷2-1號,(02)26651786,無
1025,新北市石碇區永定里辦公處,新北市,石碇區,靜安路一段337號,無,938153672
1026,新北市石碇區老人會,新北市,石碇區,楓子林32-1號4樓(石碇區綜合大樓),(02)26632116,無
1027,財團法人老五老基金會(新北市石碇楓子林公共托老中心),新北市,石碇區,楓子林32-1號3樓(石碇區綜合大樓),(02)26632885,無
1028,新北市坪林區漁光社區發展協會,新北市,坪林區,坪雙路二段2號,無,919373068
1029,新北市坪林區石𥕢里辦公處,新北市,坪林區,石𥕢路16號2樓(石𥕢集會所),(02)26656059,無
1030,新北市坪林區粗窟里辦公處,新北市,坪林區,黃櫸皮寮2號,(02)26657868,無
1031,清雲殿,新北市,坪林區,灣潭路4號,(02)26656132,無
1032,新北市坪林區老人會,新北市,坪林區,魚堀33-17號,(02)26656630,無
1033,新北市坪林區大林里辦公處,新北市,坪林區,魚堀55-6號,(02)26657612,無
1034,協德宮,新北市,坪林區,魚堀44-1號,(02)26657887,無
1035,新北市坪林區水德里辦公處,新北市,坪林區,厚德坑8號,(02)26657234,無
1036,新北市坪林區上德里辦公處,新北市,坪林區,九芎坑16號之2,(02)26656549,無
1037,坪林國小,新北市,坪林區,坪林街114號,(02)26656213,無
1038,財團法人伊甸社會福利基金會(坪林水柳腳公共托老中心),新北市,坪林區,坪碇路6號(坪林區市民活動中心),(02)26658373,無
1039,新北市三芝區橫山里辦公處,新北市,三芝區,橫山里86號(橫山國小活動中心),(02)26362111,無
1040,新北市三芝區錫板里辦公處,新北市,三芝區,海尾17號,(02)26362111,無
1041,新北市三芝區八賢里辦公處,新北市,三芝區,八連溪41號(八賢市民活動中心),(02)26362111,無
1042,新北市三芝區店子里辦公處,新北市,三芝區,店子43-5號(店子里辦公處),(02)26362111,無
1043,新北市三芝區後厝里辦公處,新北市,三芝區,北勢子20-6號(後厝市民活動中心),(02)26362536,無
1044,八仙宮,新北市,三芝區,番社后31-1號,(02)26360743,無
1045,新北市三芝區古庄里辦公處,新北市,三芝區,茂興店83號之1,(02)26362111,無
1046,新北市三芝區圓山里辦公處,新北市,三芝區,木屐寮32-2號(圓山市民活動中心),(02)26362111,無
1047,新北市三芝區興華里辦公處,新北市,三芝區,楓子林47號之1(店子興華市民活動中心),(02)26362111,無
1048,新北市三芝區福德里辦公處,新北市,三芝區,埔尾9之1號(福德市民活動中心),(02)26362111,無
1049,文化彌勒佛院,新北市,三芝區,陳厝坑61-8號(彌勒佛院),無,919977767
1050,財團法人新北市智成忠義宮,新北市,三芝區,智成街18號,(02)26362218,無
1051,三芝國民小學,新北市,三芝區,育英街22號,(02)26362005,無
1052,新北市石門區乾華里辦公處,新北市,石門區,茂林里社區1之1號(茂林市民活動中心),(02)26381721,無
1053,新北市石門區嵩山社區發展協會,新北市,石門區,老崩山6-5號(山溪市民活動中心),(02)26382012,無
1054,新北市石門區茂林里辦公處,新北市,石門區,茂林里社區1之1號(茂林市民活動中心),(02)26381721,無
1055,新北市石門區富基里辦公處,新北市,石門區,楓林路37-6號(富基市民活動中心),(02)26381721,無
1056,新北市石門區石門里辦公處,新北市,石門區,公地44號(老人休閒活動中心),(02)26381721,無
1057,石門區老人會,新北市,石門區,公地44號(老人休閒活動中心),(02)26383046,無
1058,新北市石門區老梅社區發展協會,新北市,石門區,老梅路43號(老梅市民活動中心),無,922476363
1059,新北市石門區尖鹿里辦公處,新北市,石門區,中央路9-3號(尖鹿市民活動中心),(02)26381721,無
1060,新北市石門區德茂里辦公處,新北市,石門區,下員坑33之6號(北觀處白沙灣遊客中心),(02)26381721,無
1061,新北市石門區草里里辦公處,新北市,石門區,阿里荖33之1號(草里市民活動中心),(02)26381721,無
1062,新北市八里區長坑里辦公處,新北市,八里區,中華路三段190號(長坑市民活動中心),(02)26104792,無
1063,新北市八里區龍米社區發展協會,新北市,八里區,龍米路一段223之1號(龍米市民活動中心),無,910915321
1064,新北市八里區米倉社區發展協會,新北市,八里區,渡船頭街11巷8號(渡船頭市民活動中心),無,928545937
1065,新北市八里區荖阡里辦公處,新北市,八里區,荖阡坑路2-3號,(02)26102621,無
1066,新北市八里區下罟社區發展協會,新北市,八里區,中山路三段175號(下罟市民活動中心),無,928226276
1067,新北市八里區埤頭里辦公處,新北市,八里區,中山路1段109號3樓(中庄市民活動中心),(02)26102151,無
1068,新北市八里區大崁里辦公處,新北市,八里區,中山路一段21號(大崁老人文康活動中心),(02)26192048,無
1069,無極日月太子宮,新北市,八里區,大崁三街21號,無,913526639
1070,新北市八里區訊塘社區發展協會,新北市,八里區,中山路2段356巷16號(八里市民活動中心),無,910853367
1071,新北市八里區舊城社區發展協會,新北市,八里區,中山路二段251號2樓(文化活動中心),無,918387198
1072,新北市八里區大埤頂社區發展協會,新北市,八里區,中山路一段95號(大埤頂市民活動中心),(02)26102318,無
1073,財團法人一粒麥子社會福利慈善事業基金會(平溪十分公共托老中心),新北市,平溪區,十分街66巷1號,(02)24958073,無
1074,新北市平溪區老人會,新北市,平溪區,靜安路63號3樓,無,925584971
1075,財團法人一粒麥子社會福利慈善事業基金會(嶺腳里),新北市,平溪區,中華街61號(衛生局舊址),(02)24952006,無
1076,新北市平溪區菁桐社區發展協會,新北市,平溪區,菁桐街65-1號(菁桐市民活動中心),(02)24951511,無
1077,新北市平溪區農會,新北市,平溪區,公園街22號4樓,(02)24951052,無
1078,新北市平溪區南山里辦公室,新北市,平溪區,靜安路三段232號(南山市民活動中心),(02)24958902,無
1079,新北市平溪區菁桐社區發展協會,新北市,平溪區,菁桐街65-1號(菁桐市民活動中心),(02)24951511,無
1080,新北市平溪區農會,新北市,平溪區,公園街22號4樓,(02)24951052,無
1081,新北市平溪區老人會,新北市,平溪區,靜安路63號3樓,無,925584971
1082,新北市平溪區紫東社區發展協會,新北市,平溪區,竿蓁林62之1號(東勢市民活動中心),(02)24952468,無
1083,新北市平溪區南山里辦公室,新北市,平溪區,靜安路三段232號(南山市民活動中心),(02)24958902,無
1084,新北市平溪區菁桐社區發展協會,新北市,平溪區,菁桐街65-1號(菁桐市民活動中心),(02)24951511,無
1085,新北市平溪區南山里辦公室,新北市,平溪區,靜安路三段232號(南山市民活動中心),(02)24958902,無
1086,新北市雙溪區三貂里辦公處,新北市,雙溪區,尪子崙坑1-6號,(02)24931111,無
1087,新北市雙溪區上林社區發展協會,新北市,雙溪區,平林60-1號(上林市民活動中心),無,933241864
1088,新北市雙溪區外柑里辦公處,新北市,雙溪區,外柑腳49號(外柑市民活動中心),(02)24932611,無
1089,新北市雙溪區平林社區發展協會,新北市,雙溪區,外平林52號( 平林市民活動中心),無,972230155
1090,雙溪國小,新北市,雙溪區,東榮街54號,(02)24931005,無
1091,新北市雙溪區中正社區發展協會,新北市,雙溪區,中正路64號(中正市民活動中心),(02)24931111,無
1092,新北市雙溪區牡丹社區發展協會,新北市,雙溪區,下坑36號(牡丹市民活動中心),無,919397547
1093,新北市雙溪區長源社區發展協會,新北市,雙溪區,柑腳19號(長源市民活動中心),(02)24934962,無
1094,壽山宮,新北市,雙溪區,溪尾寮46號(泰平市民活動中心),無,919918852
1095,新北市雙溪區魚行社區發展協會,新北市,雙溪區,魚杭1號(保民殿),無,972813872
1096,財團法人天下為公社會福利慈善事業基金會(新北市雙溪建興公共托老中心),新北市,雙溪區,新基西街19號,(02)86488388,無
1097,新北市雙溪區雙溪里辦公處,新北市,雙溪區,太平路50號2樓,(02)24931253,無
1098,新北市雙溪區三港里辦公處,新北市,雙溪區,雙澳路46號之1,(02)24933531,無
1099,新北市貢寮區守望相助協會,新北市,貢寮區,仁義街8號(仁里第一市民活動中心),無,935154745
1100,新北市貢寮區和美里辦公處,新北市,貢寮區,和美街35之2號(和美市民活動中心),(02)24903410,無
1101,新北市貢寮區老人會,新北市,貢寮區,朝陽街67號,(02)24942200,無
1102,社團法人新北市社區工作者協會(貢寮辦事處),新北市,貢寮區,"市貢寮區福隆街60號1樓(福隆青少年活動中心)
龍門站: 新北市貢寮區龍門街64-1號(昭惠廟)
貢寮站: 新北市貢寮區貢寮街29巷14-1號 
1555工作站: 新北市貢寮區貢寮街66號",(02)29534297,無
1103,新北市貢寮區貢寮社區發展協會,新北市,貢寮區,長泰路18之2號(貢寮市民活動中心),(02)24941006,無
1104,新北市貢寮區卯澳社區發展協會,新北市,貢寮區,福興街1號(卯澳市民活動中心),無,910322178
1105,東興宮,新北市,貢寮區,東興街3號(東興宮),(02)24991123,無
1106,社團法人中華民國照顧服務員專業發展協會(新北市貢寮福隆公共托老中心),新北市,貢寮區,福隆街60號2樓(福隆青少年活動中心),(02)22651680,無
1107,新北市貢寮區龍門社區發展協會,新北市,貢寮區,龍門街60-1號2樓(龍門市民活動中心),無,937867206
1108,新北市貢寮區龍崗里辦公處,新北市,貢寮區,嵩陽街41-4號(龍吉市民活動中心),(02)24942666,無
1109,新北市貢寮區雙玉社區發展協會,新北市,貢寮區,田寮洋街12-2號(雙玉第二市民活動中心),(02)24942556,無
1110,新北市貢寮區吉林里辦公處,新北市,貢寮區,枋腳街4號(吉林派出所),(02)24941611,無
1111,新北市貢寮區美豐里辦公處,新北市,貢寮區,丹里街16號之12(五美市民活動中心),(02)24902416,無
1112,新北市貢寮區真理里辦公處,新北市,貢寮區,新港街26巷21-2號(澳底第二市民活動中心),(02)24901957,無
1113,新北市金山區西湖里辦公處,新北市,金山區,尖山子5號,(02)24984519,無
1114,新北市金山區永興里辦公處,新北市,金山區,跳石17號,(02)24082721,無
1115,新北市金山區萬壽里辦公處,新北市,金山區,海興路116號(萬壽市民活動中心),無,988262580
1116,新北市金山區金包里社區發展協會,新北市,金山區,磺港路171號B1(磺港市民活動中心),(02)24982703,無
1117,新北市金山區六三社區發展協會,新北市,金山區,三界壇路101之1號(六三市民活動中心),(02)24985731,無
1118,財團法人新北市金包里慈護宮,新北市,金山區,慈護街1-1號4樓,(02)24982510,無
1119,新北市金山區重和里辦公處,新北市,金山區,六股林口29號(重三市民活動中心),無,939006568
1120,新北市金山區清泉里辦公處,新北市,金山區,清水路49號(清泉市民活動中心),(02)24982619,無
1121,新北市金山區兩湖里辦公處,新北市,金山區,33-2號,(02)24986452,無
1122,新北市金山區豐漁里辦公處,新北市,金山區,民生路190號(豐漁市民活動中心),(02)24982270,無
1123,新北市金山區磺港里辦公處,新北市,金山區,磺港路171之1號2樓(磺港市民活動中心),(02)24081714 ,無
1124,新北市金山區六股里辦公處,新北市,金山區,頂六股3號(六股市民活動中心),(02)24985731,無
1125,財團法人介惠社會福利慈善基金會(金包里公共托老中心),新北市,金山區,中山路257號1樓(藝文暨老人活動中心),(02)24082114,無
1126,新北市金山區老人會,新北市,金山區,中山路277號3樓(新北市金山區公所閒置辦公場域),(02)24988779,無
1127,新北市金山區美田社區發展協會,新北市,金山區,中山路236號2樓(美田市民活動中心),(02)24984659,無
1128,新北市金山區五南社區發展協會,新北市,金山區,南勢27號(五南市民活動中心),無,988690819
1129,新北市萬里區加投社區發展協會,新北市,萬里區,加投路153-1號(加投市民活動中心),(02)24981516,無
1130,新北市快樂姊妹花關懷協會,新北市,萬里區,下社33-2號(加頭社區下社老人活動中心),(02)24927080,無
1131,新北市萬里區頂寮社區發展協會,新北市,萬里區,頂社路18-6號(頂寮市民活動中心),(02)24981951,無
1132,新北市萬里區中幅社區發展協會,新北市,萬里區,中福路112之1號(中幅市民活動中心),(02)24922081,無
1133,新北市萬里區北基社區發展協會,新北市,萬里區,孝五街4號地下室,(02)24924758,無
1134,新北市社區工作者協會(萬里站),新北市,萬里區,孝六街5號,(02)29534297,無
1135,新北市萬里區崁腳里辦公處,新北市,萬里區,崁腳路55號之1(崁腳市民活動中心),(02)24923392,無
1136,新北市萬里區野柳國民小學,新北市,萬里區,港東路167號,(02)24922512,無
1137,新北市萬里區老人會,新北市,萬里區,瑪鋉路261號2樓(老人會活動中心),(02)24923737,無
1138,新北市萬里區萬里社區發展協會,新北市,萬里區,瑪鋉路221號3樓(商業文教綜合大樓),(02)24924758,無
1139,財團法人介惠社會福利慈善基金會(萬里瑪鋉公共托老中心),新北市,萬里區,瑪鋉路221號3樓(商業文教綜合大樓),(02)24928312,無
1140,新北市立仁愛之家,新北市,萬里區,玉田61號,(02)24922511,無
1141,新北市萬里區磺潭社區發展協會,新北市,萬里區,員潭路14-1號(磺潭市民活動中心),(02)24982816,無
1142,新北市萬里區雙興里辦公處,新北市,萬里區,雙興里二坪1-1號,(02)24929299,無
1143,新北市萬里區溪底里辦公處,新北市,萬里區,富士坪路7-1號,(02)22826423,無
1144,新北市烏來區溫泉社區發展協會,新北市,烏來區,烏來街34號1樓(新北市烏來區民代表會),(02)26616860,無
1145,新北市烏來區環山社區發展協會,新北市,烏來區,烏來街34號3樓(新北市烏來區民代表會),(02)26616583,無
1146,財團法人台灣基督長老教會泰雅爾中會烏來教會,新北市,烏來區,環山路82巷3號,(02)26616189,無
1147,有限責任新北市原住民溫馨照顧服務勞動合作社,新北市,烏來區,忠治路76號,(02)26118120,無
1148,財團法人台灣基督教長老教會泰雅爾中會信賢教會,新北市,烏來區,信福路40號,(02)26616189,無
1149,新北市烏來區福山社區發展協會,新北市,烏來區,李茂岸51號(福山市民活動中心),(02)26616539,無
1150,新北市烏來區環山社區發展協會,新北市,烏來區,烏來街34號3樓(新北市烏來區民代表會),(02)26616583,無
1151,台灣樂活社區福田公益協會,新北市,三重區,自由街18巷13號,無,910518655
1152,新北市永和區中興里辦公處,新北市,永和區,勵行街72巷5號,(02)29205984,無
1153,新北市三重區慈生里辦公處,新北市,三重區,三和路4段191巷78號(慈生市民活動中心),(02)82876626,無
1154,新北市三重區富華里辦公處,新北市,三重區,環河北路三段86號(重陽橋市民活動中心),無,932351184
1155,新北市蘆洲區老人會,新北市,蘆洲區,民族路426巷17號(水湳市民活動中心),無,937021838
1156,財團法人新北市基督教新希望教會(環河站),新北市,永和區,環河西路二段9-2號,(02)29598539,無
1157,財團法人新北市基督教新希望教會(環河站),新北市,永和區,環河西路二段9-2號,(02)29598539,無
1158,財團法人新北市基督教新希望教會(環河站),新北市,永和區,環河西路二段9-2號,(02)29598539,無
1159,新北市三重區富貴里辦公處,新北市,三重區,仁義街228巷12號(五華市民活動中心),無,935521715
1160,新北市平溪區嶺腳社區發展協會,新北市,平溪區,嶺腳寮14號(嶺腳市民活動中心),無,970977208
1161,新北市板橋區挹秀里辦公處,新北市,板橋區,文化路1段52巷17號,(02)29694637,無
1162,新北市三芝區福成社區發展協會,新北市,三芝區,中山路1段16號1樓(三芝區埔頭里市民活動中心),無,928289981
1163,新北市板橋區五權里辦公處,新北市,板橋區,五權街13號,(02)29558949,無
1164,新北市土城區大安里辦公處,新北市,土城區,忠承路30號(大安市民活動中心),(02)22672969,無
1165,新北市陽春麵里長銀髮婦幼發展協會,新北市,樹林區,新興街19巷34弄27號1樓,無,908858818
1166,新北市新店區寶興里辦公處,新北市,新店區,寶中路65巷59號(寶興市民活動中心),(02)29137355,無
1167,新北市三貂角文化發展協會,新北市,貢寮區,馬崗街31-6號,無,963826101
1168,新北市貢寮區仁里里辦公處,新北市,貢寮區,仁義街8號1-2樓(仁里里第一市民活動中心),無,952362330
1169,新北市愛笑瑜伽協會(奕壽站),新北市,三重區,介壽路26-1號,(02)29172908,無
1170,新北市永和區上溪里辦公處,新北市,永和區,文化路142號1樓(新廍市民活動中心),無,988354225
1171,新北市永和區永成里辦公處,新北市,永和區,永平路368號(永平市民活動中心),(02)29240546,無
1172,新北市歡樂銀髮協會,新北市,新店區,溪園路387號1F,無,915568183
1173,新北市三重區三民里辦公處,新北市,三重區,重陽路2段34巷38號1樓,無,931131966
1174,新北市板橋區深丘里辦公處,新北市,板橋區,民安街22號,(02)29532869,無
1175,新北市永和區民本里辦公處,新北市,永和區,成功路2段201巷8弄7號1樓,無,928506700
1176,新北市雙溪區新基里辦公處,新北市,雙溪區,朝陽街3號,無,933928555
1177,新北市三重區重新社區發展協會,新北市,三重區,正義北路28巷40號1樓(重新里民活動中心),無,919360087
1178,新北市樹林區山佳里辦公處,新北市,樹林區,新興街3-3號1樓(山佳市民活動中心),無,955219151
1179,新北市新莊區中港里辦公處,新北市,新莊區,中信街74號2樓(黃愚市民活動中心),無,917879133
1180,新北市愛笑瑜珈協會(五谷站),新北市,三重區,五谷王北街48巷18號2樓(神農市民活動中心),無,986164560
1181,新北市土城區平和社區發展協會,新北市,土城區,延和路156巷7號(延和市民活動中心),無,918616932
1182,新北市八里紳士協會,新北市,八里區,中山路1段109號3樓(中庄市民活動中心),無,918683085
1183,新北市板橋區華興里辦公處,新北市,板橋區,貴興路8號1樓,(02)29598803,無
1184,新北市新店區張北里辦公處,新北市,新店區,德正街23巷25號(張北市民活動中心),無,928131093
1185,新北市土城區沛陂里辦公處,新北市,土城區,三民路23巷8弄9號1樓(沛陂市民活動中心),(02)22686607,無
1186,新北市板橋區西安里辦公處,新北市,板橋區,民生路二段89號之1(西安市民活動中心),(02)29543958,無
1187,新北市三峽區老人會(秀川站),新北市,三峽區,忠孝街25之5號1、2樓,無,986198672
1188,新北市三峽區老人會(秀川站),新北市,三峽區,忠孝街25之5號1、2樓,無,986198672
1189,新北市三峽區老人會(秀川站),新北市,三峽區,忠孝街25之5號1、2樓,無,986198672
1190,新北市三重區永煇里辦公處,新北市,三重區,力行路2段9巷6號1樓,無,932083932
1191,新北市三重區過田里辦公處,新北市,三重區,過圳街19號(新北市三重區過圳市民活動中心),無,931325147
1192,新北市三重區六合里辦公處,新北市,三重區,自強路二段50巷22號(新北市三重區六合市民活動中心),無,935525777
1193,新北市新店區直潭里辦公處,新北市,新店區,直潭十街23號(直潭市民活動中心),(02)26666768,無
1194,新北市三峽區礁溪里辦公處,新北市,三峽區,長泰街33巷3號1樓,無,921532677
1195,新北市板橋區懷翠里辦公處,新北市,板橋區,新北市板橋區懷德街235巷2號2樓,(02)2250-5868,無
1196,社團法人台灣新希望社區關懷協會(鷺江站),新北市,蘆洲區,新北市蘆洲區信義路319巷8號1樓,無,922295129
1197,台北市士林區天和社區發展協會,台北市,士林區,臺北市士林區天山里中山北路7段154巷 6號4樓,無,0936-889263
1198,臺北市三樂樂齡關懷協會,台北市,士林區,臺北市士林區社園里社中街226號1樓,無,0937-070078
1199,財團法人陽明山基督教天母禮拜堂,台北市,士林區,臺北市士林區天母里中山北路7段216巷 1號,無,02-28711622
1200,財團法人臺北市松年長春社會福利基金會(士林),台北市,士林區,臺北市士林區天山里中山北路7段122號 3樓,無,02-28723425
1201,臺北市士林區葫蘆里辦公處,台北市,士林區,臺北市士林區葫蘆里葫蘆街137號,無,0958-972685
1202,臺北市士林區德行里里辦公處,台北市,士林區,臺北市士林區德行里德行西路30號,無,02-88662865
1203,臺北市士林區忠義社區發展協會,台北市,士林區,臺北市士林區忠誠里德行東路104巷9弄 8號旁里民活動中心,無,02-28310943
1204,財團法人台北市中華基督教浸信會慈光堂,台北市,士林區,臺北市士林區翠山里中社路1段43巷1號,無,02-28412290
1205,台灣健康社區自主發展協會,台北市,士林區,臺北市士林區三玉里德行東路203巷2號 1樓,無,02-28369493
1206,台北市士林區芝山岩社區發展協會,台北市,士林區,臺北市士林區名山里雨聲街68號(芝山岩區民活動中心),無,0911-328596
1207,社團法人台北市士林全人關懷協會,台北市,士林區,臺北市士林區福德里中正路335巷9號 &11號,無,02-28812746
1208,財團法人台北市華夏婦女文教基金會,台北市,士林區,臺北市士林區岩山里至誠路1段62巷28號,無,02-28318025
1209,財團法人台北市天母基督教會,台北市,士林區,臺北市士林區天母里天玉街63.65號,無,02-28714742
1210,臺北市士林區福中里辦公處,台北市,士林區,臺北市士林區福中里福港街151號10樓,無,02-28838207
1211,臺北市士林區幸福名山社區發展協會,台北市,士林區,臺北市士林區名山里雨聲街68號,無,0936-466316
1212,台北市劍橋有愛全人關懷協會,台北市,士林區,臺北市士林區百齡里福港街244巷3號1樓,無,02-28812424
1213,臺北市士林區福順里辦公處,台北市,士林區,臺北市士林區福順里延平北路5段136巷 24號,無,02-28160989
1214,財團法人天主教遣使會-聖文生之友社區關懷據點,台北市,士林區,臺北市士林區天山里中山北路7段134號,無,02-28763236
1215,財團法人台灣聖公會(牧愛堂),台北市,士林區,臺北市士林區後港里中正路511號,無,02-28816317
1216,臺北市士林區富光里辦公處,台北市,士林區,臺北市士林區富光里葫蘆街62號,無,02-28160879
1217,財團法人新北市基督教新希望教會(百齡長青),台北市,士林區,臺北市士林區前港里承德路4段190號4樓,無,02-28815100
1218,社團法人中華悅齡長照關懷協會,台北市,士林區,臺北市士林區福志里福林路377號(感恩堂),無,02-28327510
1219,財團法人新北市基督教新希望教會(福中),台北市,士林區,臺北市士林區福中里福港街129巷10弄 12號1樓,無,02-28834569
1220,臺北市士林區葫東里辦公處,台北市,士林區,臺北市士林區葫東里中正路589號1樓,無,0933-716265
1221,財團法人福智慈善基金會(天母據點),台北市,士林區,臺北市士林區蘭興里中山北路6段243號 1樓,無,02-28382503#0
1222,臺北市天母全人關懷協會,台北市,士林區,臺北市士林區天玉里中山北路7段81巷7號B2,無,02-28746222#114
1223,社團法人中華仁親社區關懷協會,台北市,士林區,臺北市士林區義信里基河路128號2樓,無,02-77455477
1224,臺北市士林海光社區發展協會,台北市,士林區,臺北市士林區富光里葫蘆街86號1樓,無,02-28162459
1225,台北市朝陽服飾材料街區發展協會,台北市,大同區,臺北市大同區朝陽里重慶北路46巷6號,無,02-25523101
1226,社團法人台北市歐伊寇斯OIKOS社區關懷協會,台北市,大同區,臺北市大同區永樂里延平北路2段60巷2號,無,0975-388979
1227,臺北市大同區國慶社區發展協會,台北市,大同區,臺北市大同區國慶里重慶北路3段136巷 18、20號,無,02-25940089
1228,社團法人中華萌愛關懷協會,台北市,大同區,臺北市大同區蓬萊里承德路3段60號B1,無,02-25931138
1229,財團法人台北市建成基督長老教會,台北市,大同區,臺北市大同區建泰里承德路1段77巷29號,無,02-25580685
1230,臺北市大同信望愛關懷協會(門諾),台北市,大同區,臺北市大同區至聖里重慶北路3段223巷 43、45、47號,無,02-25948855
1231,財團法人臺北市松年長春社會福利基金會(大橋),台北市,大同區,臺北市大同區景星里迪化街2段65號、 67號1樓,無,02-25974784
1232,天主教耕莘醫療財團法人永和耕莘醫院(大龍老人住宅),台北市,大同區,臺北市大同區至聖里民族西路105號4樓及4樓之1,無,02-66178186
1233,台北市大同區慶安社區發展協會,台北市,大同區,臺北市大同區重慶里敦煌路90-92號1樓,無,0931-101838
1234,台北市大同區大有里辦公處,台北市,大同區,臺北市大同區大有里民樂街179號1樓,無,0931-903250
1235,社團法人中華視障安養福利協會,台北市,大同區,臺北市大同區隆和里伊寧街37號1樓,無,02-25952872
1236,臺北市大同區圓環社區發展協會,台北市,大同區,臺北市大同區建功里重慶北路1段83巷 37號,無,02-25564651
1237,臺北市大同區柴寮仔社區發展協會,台北市,大同區,臺北市大同區民權里民權西路172號1樓,無,0932-844756
1238,財團法人臺北市松年長春社會福利基金會(大同),台北市,大同區,臺北市大同區光能里承德路2段33號1樓,無,02-25000261
1239,臺北市大安區新民炤社區發展協會,台北市,大安區,"臺北市大安區民炤里建國南路1段286巷 48號1樓
臺北市大安區民炤里建國南路1段286巷 35號1樓",無,02-27012389
1240,臺北市大安區民炤里辦公處,台北市,大安區,臺北市大安區民炤里信義路3段31巷5號 1樓,無,02-27008406
1241,社團法人台灣厝邊有愛關懷協會 (台北和平),台北市,大安區,臺北市大安區龍安里和平東路1段183巷 9號,無,02-23510087
1242,臺北市長立健康樂活協會,台北市,大安區,臺北市大安區龍陣里瑞安街75號3樓(瑞安區民活動中心),無,0958-918669
1243,財團法人台北市城東基督長老教會,台北市,大安區,臺北市大安區建倫里安和路1段43號2樓及45號1樓(城東教會),無,02-27711282
1244,財團法人福智慈善基金會(安和據點),台北市,大安區,"臺北市大安區光信里信義路4段265巷21弄3號1樓
臺北市大安區信義路4段265巷21弄1號1樓",無,02-77526788
1245,臺北市大安區古莊社區發展協會,台北市,大安區,臺北市大安區古莊里羅斯福路2段81巷 16弄1-2號2樓,無,02-23696262
1246,財團法人台灣基督長老教會大安教會,台北市,大安區,臺北市大安區群賢里和平東路3段1巷51號,無,02-27064477
1247,財團法人成長文教基金會,台北市,大安區,臺北市大安區仁慈里東豐街1號2樓,無,02-27000657
1248,財團法人全成社會福利基金會(大安老人服務暨日間照顧中心),台北市,大安區,臺北市大安區德安里四維路76巷12號,無,02-27086255
1249,社團法人中華生命關愛協會,台北市,大安區,臺北市大安區芳和里和平東路3段212巷 12號,無,0922-407837
1250,臺北市大安區住安社區發展協會,台北市,大安區,臺北市大安區住安里信義路4段30巷27弄24號1、2樓,無,02-27550387
1251,臺北市大安區光明里辦公處,台北市,大安區,臺北市大安區光明里信義路2段86巷26號,無,0919-933237
1252,社團法人台灣愛鄰社區服務協會,台北市,大安區,臺北市大安區龍門里和平東路2段24號愛鄰樓1F、愛鄰樓3F,無,02-23623022
1253,臺北市大安區錦華里辦公處,台北市,大安區,"臺北市大安區杭州南路2段93巷1-1號1樓
臺北市大安區潮州街68號",無,02-23923999
1254,社團法人台灣喜樂家族協會(大安),台北市,大安區,臺北市大安區仁愛里忠孝東路4段126- 19號7樓,無,02-87723092
1255,社團法人中華民國香柏樹長者社區關懷協會(台電),台北市,大安區,臺北市大安區大學里羅斯福路3段275號 3樓,無,02-23636819#14
1256,臺北市大安區錦町社區發展協會,台北市,大安區,臺北市大安區錦安里潮州街130巷3號1樓,無,02-23515967
1257,臺北市大安區大安新龍社區發展協會,台北市,大安區,"臺北市大安區新龍里信義路3段134巷98號1樓
臺北市大安區新龍里信義路3段134巷82號2樓",無,02-27067771
1258,台北市通化玫瑰社會關懷協會,台北市,大安區,臺北市大安區法治里通化街178號,無,02-27383514
1259,社團法人台灣厝邊有愛關懷協會 (六張犁),台北市,大安區,臺北市大安區黎元里臥龍街215號,無,02-27329041
1260,臺北市大安區群英里辦公處,台北市,大安區,臺北市大安區群英里四維路198巷30弄9號,無,02-27549339
1261,社團法人中華民國香柏樹長者社區關懷協會(台大),台北市,大安區,臺北市大安區大學里新生南路3段86號 4、8、9樓(真理堂),無,02-23632096
1262,臺北市大安區永康里辦公處,台北市,大安區,臺北市大安區永康里金華街199巷3弄6號1樓,無,0931-234954
1263,臺北市大安區安東社區發展協會,台北市,大安區,"臺北市大安區誠安里安東街31之1號
臺北市大安區忠孝東路3段251巷12弄14號1樓",無,02-27715532
1264,臺北市大安區法治里辦公處,台北市,大安區,臺北市大安區法治里通化街192號,無,0980-403536
1265,社團法人臺北市永健長青促進協會,台北市,大安區,臺北市大安區龍陣里瑞安街71巷5弄1號 1F,無,02-27097719
1266,中華民國紅十字會臺灣省分會（新生）,台北市,大安區,臺北市大安區龍坡里新生南路3段20-1號4樓,無,02-23630098
1267,臺北市大安區古風社區發展協會,台北市,大安區,臺北市大安區古風里師大路117巷1號,無,02-33651622
1268,台北市大安區龍陣里辦公處,台北市,大安區,臺北市大安區龍陣里瑞安街75號3樓,無,0958-918669
1269,臺北醫學大學展齡服務暨研究中心,台北市,大安區,臺北市大安區法治里基隆路2段172-1號 9樓,無,02-66382736#1062
1270,國立臺灣師範大學學務處全人教育中心,台北市,大安區,臺北市大安區錦安里和平東路1段129號,無,02-77495619
1271,財團法人台北市中山基督長老教會,台北市,中山區,臺北市中山區正得里林森北路62號,無,02-25518480#119
1272,社團法人中華民國明健慈善公益協進會,台北市,中山區,臺北市中山區民安里民生西路6號6樓,無,02-55740079
1273,台北市敬老協會,台北市,中山區,"臺北市中山區中原里新生北路2段41巷7號1樓
臺北市中山區中原里新生北路2段53之3號2樓",無,02-25819955
1274,財團法人味全文化教育基金會,台北市,中山區,臺北市中山區中央里松江路125號4樓,無,02-25065001
1275,臺北市中山區朱厝崙社區發展協會,台北市,中山區,臺北市中山區朱崙里龍江路15號3樓(朱崙區民活動中心),無,02-27815504
1276,財團法人新北市基督教新希望教會(中山五常),台北市,中山區,臺北市中山區下埤里龍江路377巷20號1樓,無,02-28815100
1277,"臺北市復華長青多元服務中心(財
團法人台灣省私立健順養護中心)",台北市,中山區,臺北市中山區復華里遼寧街185巷11號,無,02-27171393#16
1278,財團法人臺北市松年長春社會福利基金會(中山),台北市,中山區,臺北市中山區行仁里龍江路318巷7號1樓,無,02-25000206
1279,財團法人新北市基督教新希望教會(江寧),台北市,中山區,臺北市中山區江寧里龍江路286巷2號,無,02-28815100
1280,社團法人台北市家庭照顧者關懷協會,台北市,中山區,臺北市中山區北安里北安路805巷4弄5號地下,無,0916-780645
1281,臺北市中山區晴光里辦公處,台北市,中山區,臺北市中山區晴光里雙城街18巷20號,無,0981-201026
1282,社團法人臺北市中山區大直社區發展協會(大直一),台北市,中山區,臺北市中山區大直里大直街21巷2號4樓 (大直區民活動中心)及大直街39巷3號1樓,無,02-25329522
1283,社團法人臺北市中山區大直社區發展協會,台北市,中山區,臺北市中山區大直街1號4樓及大直街39巷3號1樓,無,02-25329522
1284,財團法人新北市基督教新希望教會(新喜),台北市,中山區,臺北市中山區新喜里吉林路433巷17號,無,02-28815100
1285,財團法人台北市台北中華基督教會,台北市,中山區,臺北市中山區康樂里中山北路2段45巷 39號,無,02-25118021
1286,財團法人基督教台灣信義會(大直真理堂),台北市,中山區,臺北市中山區金泰里敬業三路162巷109號1樓,無,02-85011754
1287,財團法人政慧發展社會福利慈善事業基金會,台北市,中山區,臺北市中山區朱園里南京東路2段160號 7樓,無,02-25172068
1288,財團法人台灣老人急重症基金會 (聚盛據點),台北市,中山區,"臺北市中山區聚盛里民生東路1段23巷2號
臺北市中山區民生東路1段42號7樓之3",無,02-25224388
1289,財團法人台灣老人急重症基金會 (龍洲據點),台北市,中山區,臺北市中山區龍洲里民生東路3段88巷1號,無,02-25224388
1290,社團法人臺北市生命樹健康關懷協會,台北市,中山區,臺北市中山區永安里北安路458巷41弄 50號,無,02-25327514
1291,財團法人台灣老人急重症基金會 (中山據點),台北市,中山區,臺北市中山區中山里中山北路二段77巷 14號3樓,無,02-25224388
1292,社團法人台灣基督教展翔天地全人發展協會,台北市,中正區,臺北市中正區文盛里汀州路3段101號1樓,無,02-23656123
1293,台北市廣西同鄉會,台北市,中正區,臺北市中正區梅花里忠孝東路1段35號7樓,無,02-23210375
1294,臺北市中正區永寬社區發展協會,台北市,中正區,臺北市中正區永昌里寧波西街181巷8號,無,02-23014838
1295,社團法人臺北市臻佶祥社會服務協會,台北市,中正區,臺北市中正區忠勤里中華路2段315巷 14、16、18號,無,02-23036281
1296,台灣旺齡協會,台北市,中正區,臺北市中正區頂東里羅斯福路3段84巷 13、15號1樓,無,02-23680690
1297,財團法人台北市中國基督教靈糧世界佈道會台北靈糧堂(古亭靈糧福音中心),台北市,中正區,臺北市中正區永功里三元街198號1樓,無,02-23396540
1298,臺北市永昌長青會,台北市,中正區,臺北市中正區永昌里寧波西街181巷24號1樓,無,02-23071068
1299,台北市寶藏巖文化村協會,台北市,中正區,臺北市中正區水源里汀州路3段230巷14弄10號,無,0926-579112
1300,財團法人臺北市松年長春社會福利基金會(中正),台北市,中正區,臺北市中正區南福里羅斯福路1段94、 96號11樓(中央教會),無,02-23948486
1301,財團法人伽耶山基金會,台北市,中正區,臺北市中正區文北里濟南路2段36號2樓、3樓、4樓,無,02-23946800
1302,財團法人環宇國際文化教育基金會,台北市,中正區,臺北市中正區文盛里羅斯福路3段240巷 17弄3號,無,02-23660743
1303,臺北市中正區新林興社區發展協會,台北市,中正區,臺北市中正區林興里水源路21號,無,0933-213180
1304,財團法人耕莘文教基金會,台北市,中正區,臺北市中正區文盛里辛亥路1段22號4樓,無,02-23655615
1305,財團法人中華基督教廈門街浸信會,台北市,中正區,臺北市中正區螢圃里廈門街81巷20號,無,02-23687582
1306,台北市愛羊全人關懷協會,台北市,中正區,臺北市中正區龍光里和平西路2段17號2樓,無,02-23048578
1307,社團法人愛福家協會,台北市,中正區,臺北市中正區新營里金華街20號1樓,無,02-23567317
1308,臺北市內湖區紫雲社區發展協會,台北市,內湖區,臺北市內湖區紫雲里康寧路1段228號,無,02-27913337
1309,臺北市內湖區石潭社區發展協會,台北市,內湖區,臺北市內湖區石潭里成功路2段1號,無,02-27937177
1310,內湖區湖興里辦公處,台北市,內湖區,臺北市內湖區湖興里成功路2段320巷19號3樓,無,02-27914586
1311,臺北市內湖區清白社區發展協會,台北市,內湖區,"臺北市內湖區清白里星雲街168巷29號1樓
臺北市內湖區清白里星雲街161巷3號 (清白區民活動中心)",無,02-27909195
1312,財團法人基督教中國佈道會,台北市,內湖區,臺北市內湖區康寧里康寧路3段99巷39弄66號,無,02-26320867
1313,內湖區寶湖里辦公處,台北市,內湖區,臺北市內湖區寶湖里民權東路6段208號,無,0931-302823
1314,財團法人台北市基督教台灣貴格會內湖慈光堂,台北市,內湖區,臺北市內湖區瑞陽里文德路66巷49弄5號,無,02-27976651
1315,臺北市麗山社區關懷協會,台北市,內湖區,臺北市內湖區港都里麗山街348巷22號 1-2樓及24號2樓(麗山禮拜堂),無,02-26270443#20
1316,財團法人福智慈善基金會(內湖據點),台北市,內湖區,臺北市內湖區內湖里內湖路2段486、 488號3樓,無,02-27963275
1317,財團法人基督教台灣信義會(內湖思恩堂),台北市,內湖區,臺北市內湖區紫星里康寧路1段62號,無,02-27901497
1318,中華民國天使之家全人關懷協會,台北市,內湖區,臺北市內湖區湖興里成功路2段240-242號1樓,無,02-27909454
1319,台北市內湖紳士協會,台北市,內湖區,臺北市內湖區港墘里內湖路1段552號 (港墘區民活動中心),無,0918-819089
1320,財團法人福智慈善基金會(東湖據點),台北市,內湖區,臺北市內湖區五分里東湖路106巷6號1樓,無,0933-922709
1321,臺北市內湖區碧湖社區發展協會,台北市,內湖區,臺北市內湖區金龍里金龍路136-1號2樓,無,02-87926024
1322,台北市內湖永續發展協會,台北市,內湖區,臺北市內湖區金龍里金龍路136-1號2樓臺北市內湖區金龍里金龍路67巷7號1樓,無,02-27908099
1323,臺北市內湖區安泰里社區發展協會,台北市,內湖區,臺北市內湖區安泰里安泰街65巷5號1樓,無,0917-979715
1324,臺北市內湖區灣仔社區發展協會,台北市,內湖區,臺北市內湖區寶湖里民權東路6段208號 6樓(臺北市網球中心6樓),無,0961-365688
1325,財團法人台灣基督教恩惠福音會,台北市,內湖區,臺北市內湖區港墘里內湖路1段608號,無,02-27971000
1326,財團法人基督教救世軍(內湖隊),台北市,內湖區,臺北市內湖區西湖里內湖路1段285巷63弄7號,無,02-27990098
1327,臺北市內湖區大湖里辦公處,台北市,內湖區,臺北市內湖區大湖里大湖山莊街117號4樓,無,0939-020275
1328,臺北市內湖社區安全與健康協進會,台北市,內湖區,臺北市內湖區寶湖里民權東路6段208號,無,02-27934447
1329,社團法人社區大學全國促進會,台北市,內湖區,臺北市內湖區石潭里新明路22號純美樓 3樓,無,02-66050919
1330,社團法人中華民國士林靈糧堂社會福利協會,台北市,內湖區,臺北市內湖區明湖里1鄰康寧路3段99巷 6弄12號1樓,無,02-26335990
1331,康寧學校財團法人康寧大學,台北市,內湖區,臺北市內湖區金湖里康寧路3段75巷137號,無,02-26321181
1332,台北市文山區順興社區發展協會,台北市,文山區,臺北市文山區順興里興隆路4段165巷12號1.2樓&忠順區民活動中心(忠順街2段 22號2樓),無,02-29395932
1333,臺北市文山區老人服務中心(財團法人恆安社會福利慈善事業基金會),台北市,文山區,臺北市文山區萬興里萬壽路27號6樓,無,02-22344893
1334,台灣迦美福音傳播協會,台北市,文山區,臺北市文山區景華里三福街74巷2號1樓,無,02-29348952
1335,臺北市文山區興旺社區發展協會,台北市,文山區,臺北市文山區興旺里福興路5號,無,0936-048808
1336,臺北市文山區順興里辦公處,台北市,文山區,臺北市文山區順興里興隆路4段165巷50號1樓及保儀路138巷26-28號(司法新 村)、木柵忠順廟,無,0934-143675
1337,財團法人台北市活石基督徒團契,台北市,文山區,臺北市文山區萬興里指南路2段45巷24弄17號,無,02-29399784
1338,台北市文山區樟林社區發展協會,台北市,文山區,臺北市文山區樟文里木新路3段310巷4號2樓之1,無,02-29369071
1339,中華民國紅心字會(興隆),台北市,文山區,臺北市文山區明義里興隆路4段105巷47號1樓,無,02-2367119
1340,台北市文山區景慶社區發展協會,台北市,文山區,臺北市文山區景慶里景福街126號， 羅斯福路6段393號6.8樓,無,0922-313747
1341,台北市梘尾關懷互助協會,台北市,文山區,臺北市文山區景慶里萬慶街6號,無,02-89351788
1342,財團法人利伯他茲教育基金會,台北市,文山區,臺北市文山區木新里永安街1號,無,02-29394359
1343,社團法人台北市基督教萬芳浸信會,台北市,文山區,臺北市文山區萬芳里萬美街1段19巷5號,無,02-22303518
1344,財團法人台北市松年長春社會福利基金會(開元),台北市,文山區,"臺北市文山區木新里開元街25,27號",無,02-25000206
1345,台灣美滿家庭社區服務協會,台北市,文山區,臺北市文山區萬興里指南路2段11號,無,02-29390544
1346,台北市文山區德芳社區發展協會,台北市,文山區,"臺北市文山區興邦里興隆路2段153巷6弄5號1樓
臺北市文山區興隆路2段97號4樓",無,0952-858586
1347,台北市文山區萬和社區發展協會,台北市,文山區,臺北市文山區萬和里汀州路4段251、 253號1樓、萬福區民活動中心,無,02-89310117
1348,臺北市文山區忠順社區發展協會,台北市,文山區,"臺北市文山區忠順里興隆路4段145巷9弄3號
臺北市文山區興隆路4段145巷30號",無,02-29399569
1349,臺北市文山區樟新社區發展協會,台北市,文山區,臺北市文山區樟新里一壽街22號9樓教室2,無,02-29376288
1350,社團法人中華民國沐光家園癌友關懷協會,台北市,文山區,臺北市文山區興業里興隆路2段220巷 51-1號,無,02-29305747
1351,社團法人台灣喜樂家族協會(靜心),台北市,文山區,臺北市文山區興福里景華街121巷7弄2號,無,0955-004491
1352,臺北市文山區華興里辦公處,台北市,文山區,"臺北市文山區華興里木柵路1段177號3樓之1
臺北市文山區木柵路1段264號",無,02-29361780
1353,家禾認知社區關懷協會,台北市,文山區,臺北市文山區政大里政大1街3號1樓,無,0928-591139
1354,臺北市文山區景人社區發展協會,台北市,文山區,臺北市文山區景仁里景福街5號1樓,無,0937-939606
1355,社團法人台北市文山區明興社區發展協會,台北市,文山區,"臺北市文山區明興里木柵路2段109巷25弄6號
臺北市文山區明興里興隆路4段61號",無,02-22340391
1356,財團法人臺北市松年長春社會福利基金會(景華),台北市,文山區,臺北市文山區景華里景華街49巷1號,無,02-89311230
1357,臺北市文山區萬盛里辦公處,台北市,文山區,臺北市文山區萬盛里興隆路1段15號3樓 (臺北花木批發市場),無,02-29343389
1358,臺北市文山區興福里辦公處,台北市,文山區,臺北市文山區興福里景華街121巷7弄1號,無,02-29322888
1359,社團法人台灣守護有祢生命關懷協會(守護八禱小站),台北市,北投區,臺北市北投區立農里吉利街231號1樓,無,02-28942293
1360,臺北市北投區硫磺谷社區發展協會,台北市,北投區,臺北市北投區文化里文化三路4、5樓,無,0910-412056
1361,臺北市北投區我愛石牌社區發展協會,台北市,北投區,臺北市北投區石牌里建民路116巷13 號,無,02-28201369
1362,臺北市北投區吉慶社區發展協會,台北市,北投區,臺北市北投區吉慶里致遠二路61巷2-2號,無,02-28282002
1363,社團法人中華仁親社區關懷協會 (北投好厝邊),台北市,北投區,臺北市北投區中心里大業路721號1樓,無,02-28914149
1364,社團法人台灣愛喜樂關懷協會,台北市,北投區,臺北市北投區裕民里明德路161號1樓,無,02-28224466
1365,臺北市北投區振華社區發展協會,台北市,北投區,臺北市北投區振華里裕民一路40巷37號 1樓,無,02-28236110
1366,社團法人台灣守護有祢生命關懷協會(守護復興崗小站),台北市,北投區,臺北市北投區稻香里稻香路81號6樓(第一及二教室),無,02-28942293
1367,台北市北投區榮光社區發展協會,台北市,北投區,臺北市北投區榮光里石牌路1段166巷43弄15號,無,02-28231593
1368,臺北市北投區立群社區發展協會,台北市,北投區,臺北市北投區立賢里尊賢街251巷18號1樓 (里民活動場所),無,02-28225613
1369,臺北市北投區幸福永和社區發展協會,台北市,北投區,臺北市北投區永和里行義路63號,無,02-28753298
1370,社團法人國際奔享體驗教育發展協會(吉利真光),台北市,北投區,臺北市北投區吉利里石牌路1段39巷80弄41號1樓,無,02-28288884
1371,台北市石牌長青會,台北市,北投區,臺北市北投區長安里中央北路1段12號3樓及4樓,無,02-28913812
1372,台北市石牌全人關懷協會,台北市,北投區,臺北市北投區榮華里明德路283號,無,02-28262602#11
1373,社團法人台灣多元社會福利協會 (溫馨園),台北市,北投區,臺北市北投區溫泉里溫泉路68-10號,無,02-28927001
1374,社團法人台灣喜樂家族協會(關渡據點）,台北市,北投區,臺北市北投區關渡里知行路260巷26號,無,0975-661071
1375,財團法人台北市北投文化基金會,台北市,北投區,臺北市北投區林泉里中山路5-12號(據點設於北投社區大學內，同為新民國中後門地址),無,02-28917453
1376,臺北市北投區新石牌社區發展協會,台北市,北投區,臺北市北投區石牌里自強街120巷15弄8號,無,02-28236699
1377,臺北市北投區清江社區發展協會,台北市,北投區,臺北市北投區清江里清江路201號,無,02-28922543
1378,臺北市北投區永和社區發展協會,台北市,北投區,臺北市北投區永和里行義路138-1號1樓,無,02-28765741
1379,台北市北投區福興社區發展協會,台北市,北投區,臺北市北投區福興里自強街5巷22號,無,0955-404968
1380,社團法人中華健康美好生活協會 (洲美),台北市,北投區,臺北市北投區洲美里福美路207號、209號1樓,無,0910-302055
1381,社團法人國際奔享體驗教育發展協會(稻香真光),台北市,北投區,臺北市北投區稻香路81號,無,02-28288884
1382,臺北市北投區裕民里辦公處,台北市,北投區,臺北市北投區裕民里懷德街14巷17號,無,0910-302055
1383,社團法人台北市北投區尊賢社區發展協會,台北市,北投區,臺北市北投區尊賢里尊賢街302巷19號1樓,無,02-28270945
1384,臺北市松山區建源社區發展協會,台北市,松山區,臺北市松山區復建里八德路3段158巷7弄47號,無,02-25791689
1385,財團法人伊甸社會福利基金會,台北市,松山區,臺北市松山區復勢里八德路3段155巷4弄35號1樓,無,02-25702560
1386,社團法人台北市向日葵慈善協會,台北市,松山區,臺北市松山區東勢里南京東路4段133巷 7弄9號1樓,無,02-87706501
1387,臺北市松山區慈祐里辦公處,台北市,松山區,臺北市松山區慈祐里八德路4段580號1樓,無,0988-587216
1388,財團法人雙福社會福利慈善事業基金會(蒙恩),台北市,松山區,臺北市松山區復勢里光復北路112號8樓,無,02-23922993
1389,社團法人中國老人教育協會,台北市,松山區,臺北市松山區自強里三民路35巷9號,無,02-27565010
1390,社團法人台北市二村基石關懷協會,台北市,松山區,臺北市松山區東榮里民生東路5段69巷2弄10、12號,無,02-27632002
1391,世界潘氏宗親總會,台北市,松山區,臺北市松山區東光里南京東路5段29號3樓,無,02-27678497
1392,社團法人愛樂福關懷文創發展協會,台北市,松山區,臺北市松山區莊敬里撫遠街367巷4號,無,02-27649475
1393,財團法人中華基督教衛理公會恩友堂,台北市,松山區,臺北市松山區安平里寶清街123號,無,02-27670760
1394,社團法人台北市光鹽關懷發展協會,台北市,松山區,臺北市松山區東勢里南京東路4段107號 12樓,無,02-27123242
1395,社團法人台北市長期照護發展協會,台北市,松山區,臺北市松山區自強里三民路35巷9號1樓,無,02-27420058
1396,臺北市松山區東勢里辦公處,台北市,松山區,臺北市松山區東勢里南京東路4段133巷 8弄7號、17號,無,02-27170369
1397,財團法人中華民國佛教慈濟慈善事業基金會(松山聯絡處),台北市,松山區,臺北市松山區吉祥里南京東路5段188號 16樓,無,0937-903855
1398,財團法人臺安基金會(基督復臨安息日會松山教會),台北市,松山區,臺北市松山區福成里敦化南路1段78號,無,02-27716823
1399,臺北市體適能指導工作人員職業工會,台北市,松山區,臺北市松山區美仁里敦化北路3號,無,0985-985586
1400,臺北市松山區中正里辦公處,台北市,松山區,臺北市松山區中正里長安東路2段229號 12樓,無,02-27717533
1401,社團法人台北市銀髮族協會(松山),台北市,松山區,臺北市松山區安平里寶清街42號2樓,無,02-87806411
1402,臺北市松山區安平社區發展協會,台北市,松山區,臺北市松山區安平里寶清街42號2樓,無,02-27636898
1403,中華樂活推廣協會,台北市,松山區,臺北市松山區三民路136巷3號,無,0937-073980
1404,財團法人臺北市松年長春社會福利基金會（松山）,台北市,松山區,臺北市松山區慈祐里饒河街105號,無,0983-180401
1405,財團法人台北市私立永年社會福利慈善基金會,台北市,松山區,臺北市松山區復勢里光復北路80巷1號1樓,無,02-25773533
1406,財團法人弘道老人福利基金會(松山),台北市,松山區,臺北市松山區民福里復興北路451號1樓,無,02-66131314
1407,臺北市信義區三犁里辦公處,台北市,信義區,臺北市信義區三犁里信義路5段150巷14弄6號1樓,無,0911-822428
1408,社團法人台灣厝邊有愛關懷協會 (中坡教會),台北市,信義區,臺北市信義區中坡里大道路127-1號,無,02-27260320
1409,臺北市信義松光里辦公處,台北市,信義區,臺北市信義區松光里忠孝東路5段492巷 32號,無,02-27278925
1410,財團法人台北市基督教全人福利事業基金會(吳興教會),台北市,信義區,臺北市信義區三張里吳興街269巷18弄8號,無,02-27589796
1411,社團法人台灣厝邊有愛關懷協會 (永吉教會),台北市,信義區,臺北市信義區廣居里虎林街155、157、 159號,無,02-27238578
1412,財團法人中華民國大同老人福利基金會,台北市,信義區,臺北市信義區興雅里基隆路1段155號3樓之6-9,無,02-27670563
1413,臺北市信義區西村里辦公處,台北市,信義區,臺北市信義區西村里基隆路1段364巷22號,無,02-27586396
1414,臺北市基督教新榮耀堂福音協進會,台北市,信義區,臺北市信義區大道里忠孝東路5段782號,無,02-27276003
1415,臺北市信義區永安社區發展協會,台北市,信義區,臺北市信義區長春里松山路294號4樓,無,0963-763236
1416,台北市紅十字會,台北市,信義區,臺北市信義區中興里信義路4段415號5樓之3,無,02-27583009
1417,臺北市信義區五全里辦公處,台北市,信義區,臺北市信義區五全里永吉路278巷1弄13號,無,02-27620007
1418,臺北市信義區中行里辦公處,台北市,信義區,臺北市信義區中行里福德街268巷32號,無,02-27274777
1419,臺北市信義區惠安里辦公處,台北市,信義區,臺北市信義區惠安里吳興街506巷21號,無,02-27588650
1420,臺北市信義區松友社區發展協會,台北市,信義區,臺北市信義區松友里信義路6段76巷2弄 22號1樓,無,02-23466669
1421,財團法人台北市中華基督教信義會(復興堂),台北市,信義區,臺北市信義區中興里信義路4段375號10樓之2,無,02-27200440
1422,台北市君賀人本關懷協會,台北市,信義區,"臺北市信義區中行里福德街221巷15號
（瑠公國中）",無,02-23278616
1423,中華民國紅心字會(信義),台北市,信義區,臺北市信義區興雅里松隆路36號4樓,無,02-87870300
1424,社團法人臺北市信義區雙和社區發展協會,台北市,信義區,臺北市信義區雙和里吳興街284巷24弄 12號(雙和社區活動中心),無,02-27381447
1425,中華民國老人福利協進會,台北市,信義區,臺北市信義區信安街78-80號2樓,無,02-27382357
1426,財團法人中華民國佛教慈濟慈善事業基金會(東區會所),台北市,信義區,臺北市信義區永吉里松隆路327號,無,0937-903855
1427,臺北市信義區安康里辦公處,台北市,信義區,臺北市信義區安康里虎林街232巷55號,無,02-27273989
1428,社團法人台北市銀髮族協會(信義),台北市,信義區,臺北市信義區中坡里中坡南路277號1樓,無,02-87806411
1429,臺北市信義區挹翠社區發展協會,台北市,信義區,臺北市信義區六合里紫雲街23號1樓,無,02-27228636
1430,臺北市信義區雙春社區發展協會,台北市,信義區,臺北市信義區長春里松山路294號2樓,無,02-27695123
1431,財團法人雙福社會福利慈善事業基金會 (信義),台北市,信義區,"臺北市信義區正和里光復南路443巷9號
／光復南路447-44號",無,02-27299580
1432,臺北市信義區國業里辦公處,台北市,信義區,臺北市信義區國業里虎林街222巷15號,無,02-27262518
1433,臺北醫學大學高齡健康管理學系 (大我新舍),台北市,信義區,臺北市信義區黎安里和平東路3段599號,無,02-27361661
1434,財團法人臺北醫學大學展齡中心 (信義),台北市,信義區,臺北市信義區景勤里吳興街156巷16弄7號1樓,無,02-27365986
1435,臺北市南港區仁福社區發展協會,台北市,南港區,臺北市南港區仁福里福德街373巷61號1樓,無,0908-279069
1436,財團法人台灣基督傳道會復生教會,台北市,南港區,臺北市南港區舊莊里南深路21巷18號,無,02-27822075
1437,社團法人中華基督教加倍愛全人關懷協會,台北市,南港區,臺北市南港區中南里忠孝東路7段625巷 16號,無,02-26538820
1438,"社團法人台灣厝邊有愛關懷協會
（鍚安教會）",台北市,南港區,臺北市南港區玉成里玉成街20號,無,02-27831891
1439,臺北市南港舊莊社區發展協會,台北市,南港區,臺北市南港區舊莊里舊莊街1段91巷11號,無,0935-633688
1440,臺北市南港區仁福里辦公處,台北市,南港區,臺北市南港區仁福里福德街443號1樓,無,0919-619949
1441,社團法人臺灣厝邊有愛關懷協會 (中研教會),台北市,南港區,臺北市南港區中研里研究院路2段11巷5號,無,02-27824636
1442,台北市後山埤文化發展協會,台北市,南港區,臺北市南港區聯成里東新街77巷31號,無,02-27851737
1443,財團法人以琳基督徒中心,台北市,南港區,臺北市南港區合成里中坡北路92號2樓,無,02-26511002
1444,臺北市全人探索協會,台北市,南港區,臺北市南港區玉成里八德路4段768之1號4樓至6樓,無,02-27826939
1445,台北市南港區鴻福社區發展協會,台北市,南港區,臺北市南港區鴻福里成福路92號1樓臺北市南港區鴻福里成福路82號1樓,無,02-27834848
1446,臺北市南港區中研新村社區發展協會,台北市,南港區,"臺北市南港區中研里研究院路2段70巷 47弄4號1樓
臺北市南港區中研里研究院路2段70巷 12號2樓",無,0986-028209
1447,財團法人弘道老人福利基金會,台北市,南港區,臺北市南港區中南里市民大道8段588巷 18號,無,0979-810136
1448,臺北市南港區新富里辦公處,台北市,南港區,臺北市南港區新富里富康街25號,無,02-27828495
1449,臺北市南港區久如社區發展協會,台北市,南港區,臺北市南港區九如里研究院路2段208號 1樓,無,02-26516600
1450,社團法人中華民國我願意全人關懷協會,台北市,南港區,臺北市南港區萬福里東新街64巷7、 11、13號B1,無,02-27826248
1451,臺北市南港區好厝邊社區發展協會,台北市,南港區,臺北市南港區中研里研究院路2段70巷 12號2樓（中研區民活動中心）,無,02-27827592
1452,社團法人台灣多元社會福利協會 (瀞德),台北市,南港區,臺北市南港區西新里成功路1段82巷11號,無,02-26536103
1453,財團法人一粒麥子社會福利慈善事業基金會,台北市,萬華區,臺北市萬華區新和里萬大路237巷13弄3號1樓,無,02-23320669
1454,臺北市萬華區華江社區發展協會,台北市,萬華區,臺北市萬華區華江里長順街127號(長順區民活動中心),無,02-23081454
1455,臺北市萬華區新忠里辦公處,台北市,萬華區,臺北市萬華區新忠里西藏路125巷7號1樓(里民活動場所),無,02-23392806
1456,財團法人環宇國際文化教育基金會(萬華),台北市,萬華區,臺北市萬華區錦德里寶興街136號1樓,無,02-23098844
1457,中華民國雙囍老人義務教育推廣協會,台北市,萬華區,臺北市萬華區壽德里萬大路411號2樓萬青區民活動中心,無,02-23317158#18
1458,財團法人台北市中國基督教靈糧世界佈道會台北靈糧堂(雙園靈糧福音中心),台北市,萬華區,"臺北市萬華區和德里西園路2段362及 364號4樓,與362號5樓",無,02-23077700
1459,財團法人台北市中國基督教靈糧世界佈道會台北靈糧堂(萬華靈糧福音中心),台北市,萬華區,臺北市萬華區仁德里桂林路27號1樓及桂林路31號1樓,無,02-23315658
1460,社團法人台北市艾馨公益慈善會,台北市,萬華區,臺北市萬華區福音里康定路229號6樓,無,02-23366516
1461,財團法人天主教聖母聖心會,台北市,萬華區,臺北市萬華區雙園里興寧街70號,無,02-23028934
1462,臺北市萬華區青年社區發展協會,台北市,萬華區,"臺北市萬華區新和里中華路2段416巷9- 3、9-4號(青年社區)
臺北市萬華區新和里青年社區30巷",無,02-23031537
1463,臺北市萬華區馬場町社區發展協會,台北市,萬華區,臺北市萬華區騰雲里國興路1巷2-4號 (騰雲里里民活動中心),無,0983-372223
1464,中華民國紅十字會,台北市,萬華區,臺北市萬華區糖廍里艋舺大道303號1、 4樓,無,02-23628232#410
1465,臺北市萬華區保德社區發展協會,台北市,萬華區,臺北市萬華區保德里東園街140巷8號臺北市萬華區東園街140巷10號,無,02-23323337
1466,臺北市萬華區萬大社區發展協會,台北市,萬華區,"臺北市萬華區壽德里萬大路329巷25號1樓
台北市萬華區萬大路329巷27弄4號",無,02-23090713
1467,臺北市和德長壽健康促進協會,台北市,萬華區,臺北市萬華區和德里興義街25號,無,02-23395285
1468,臺北市萬華日祥關懷協會,台北市,萬華區,臺北市萬華區日祥里青年路186-1號,無,02-23376359
1469,財團法人天主教單國璽弱勢族群社福基金會,台北市,萬華區,臺北市萬華區日善里西藏路201號,無,02-23045899
