address,lon,lat
臺北市文山區興隆路三段48號1樓,121.555732135454,25.000227054115
臺北市松山區八德路三段12巷5弄14號1樓,121.55105260273,25.047555889491
臺北市信義區永吉路30巷178弄1號1樓,121.568606738732,25.04164941378
臺北市大安區復興南路一段76號1樓,121.543601006988,25.043895470465
臺北市士林區中山北路六段732號1樓,121.528027011793,25.115279026849
臺北市大同區重慶北路三段250之5號,121.513614764773,25.071126964851
臺北市中山區民權東路三段112號,121.545242938001,25.061882154579
臺北市中正區羅斯福路一段102號,121.520056911521,25.02994546901
臺北市大安區和平東路三段40號,121.547704702964,25.024487634666
臺北市士林區天母西路42號,121.525719473849,25.118357196971
臺北市信義區光復南路425號,121.557710767518,25.036050260549
臺北市萬華區桂林路53號,121.503292769894,25.038299502357
臺北市文山區興隆路一段13號,121.539317267732,25.004521396479
臺北市大安區信義路四段374號,121.555456873754,25.032931605835
臺北市北投區承德路七段384號,121.502265232383,25.119296724498
臺北市萬華區萬大路286號,121.500299508451,25.025448703685
臺北市士林區中正路351號,121.522341399231,25.094353060748
臺北市士林區中山北路六段748號,121.528232116964,25.115661367362
臺北市文山區木柵路三段82號,121.566822985917,24.988546746312
臺北市文山區興隆路三段9號,121.554885395595,25.000881471206
臺北市士林區承德路四段12巷35號,121.520310883187,25.08065179227
臺北市大安區羅斯福路四段1號,121.533700638234,25.01698105364
臺北市中山區長安東路一段53巷1之6號,121.526531269189,25.049075294911
臺北市中山區中山北路二段48巷7號B1(4號店鋪),121.521632956033,25.056035958992
臺北市內湖區安泰街31號一樓,121.618226599702,25.073527551756
臺北市內湖區康樂街136巷18弄1號1樓,121.618358866134,25.07179329408
臺北市文山區汀州路四段88號,121.537175859109,25.007838660389
臺北市北投區中央南路二段5號及7號,121.500480743975,25.126031528899
臺北市內湖區民權東路6段296巷68號,121.60888605826,25.070246707215
臺北市內湖區瑞光路５０２號１樓,121.56814891918,25.079246524293
"臺北市士林區社子街142,144號",121.505001472326,25.088451473344
臺北市北投區學園路2號,121.467618048874,25.132789199768
臺北市北投區學園路1號,121.466368139473,25.130085281623
臺北市松山區民權東路五段32號,121.5644213192,25.06284728882
臺北市松山區撫遠街394巷1號、3號,121.56553081318,25.064981732636
臺北市信義區虎林街242巷50號、52號,121.576560242836,25.035812549775
臺北市南港區南港路三段358、360號一樓,121.580339666092,25.051598869982
臺北市中正區北平西路3號 (微風台北車站2樓),121.517057698926,25.04717593782
臺北市中山區長春路176號 (近長春國賓影城),121.534113949879,25.054685201056
臺北市大安區師大路86巷1號1樓及B1,121.528256644476,25.023009731652
臺北市松山區南京東路五段82號,121.561324122158,25.051265719836
臺北市內湖區民善街88號 (家樂福內湖店 1F),121.575364899624,25.060140688466
臺北市中山區敬業三路20號B1 (美麗華B1美食街),121.556711979935,25.08292588642
臺北市文山區萬美街１段47號1+2樓,121.568775550261,25.002272825224
臺北市松山區八德路４段21號1樓,121.559019769337,25.048460422572
臺北市士林區承德路５段80號,121.514230902081,25.094632220033
臺北市中正區凱達格蘭大道2號B1,121.516388795488,25.039207248245
臺北市北投區立農街１段277號1樓,121.505957376913,25.119490681737
臺北市文山區興隆路４段72-2號、74巷2號、74巷4號,121.561721444269,24.984139934461
臺北市內湖區洲子街12號1樓,121.575042447809,25.078221124168
臺北市內湖區瑞光路406號1樓,121.570578832911,25.078081062566
臺北市內湖區基湖路35巷13號1樓,121.565584727361,25.079757191744
臺北市內湖區洲子街70號1樓,121.571943574386,25.079564156513
臺北市內湖區港墘路221巷41號1樓,121.575061223272,25.073310502373
臺北市信義區東興路67號1樓,121.566632465258,25.04693956815
臺北市中山區建國北路三段89號91號1樓,121.536815604911,25.065651412618
臺北市士林區克強路11及11-1號1樓,121.524526459325,25.108758758836
臺北市中山區敬業四路1號1樓,121.558378805201,25.08030981062
臺北市文山區木新路三段54號56號,121.564062399199,24.982568713975
臺北市松山區八德路三段20-2號,121.551219402603,25.048072172817
臺北市信義區基隆路一段141號1樓,121.565843476712,25.042982848847
臺北市士林區天福里天母東路８巷39號天母東路8巷41弄1號,121.531667942894,25.116364692858
臺北市內湖區金龍路219號217巷1號1樓,121.587027630727,25.088274542186
臺北市中正區思源街16號,121.530574020711,25.014307897079
臺北市內湖區星雲街17號17-1號,121.590643999171,25.078144095142
臺北市內湖區瑞光路196號,121.577066593607,25.074871841387
臺北市大同區重慶北路三段258、260、262號1樓,121.513613989531,25.071418612712
臺北市松山區塔悠路31號33號,121.571542454487,25.050679426405
臺北市中山區錦州街263號,121.534969323098,25.060378524969
臺北市內湖區民權東路六段180巷6號1樓,121.592649054524,25.068196284151
臺北市士林區忠誠路一段126號128號,121.529593913214,25.106678255192
臺北市信義區新仁里東興路57號,121.566640092789,25.047457024943
臺北市士林區延平北路五段269號271號1樓,121.509587154938,25.085240283458
臺北市文山區秀明路二段8號10號,121.574125557714,24.991624919241
臺北市文山區木新路二段212號及木新路二段218巷2號4號,121.568141983701,24.984274661798
臺北市內湖區瑞光路76巷59號1樓,121.580304355165,25.070148722767
臺北市大安區基隆路三段85號,121.544947224457,25.017413937029
臺北市內湖區民權東路六段123巷22號22之1號,121.592790496068,25.069744056631
臺北市松山區光復北路11巷44號,121.559552187826,25.049599020299
臺北市信義區大道路9號11號1樓,121.581582008666,25.042601514162
臺北市信義區信義路五段7號35樓,121.564789620025,25.033416708481
臺北市信義區永吉路32號34號,121.568953917161,25.045527175556
臺北市北投區立德路115號3樓,121.470335713341,25.126953760687
臺北市大安區羅斯福路三段333巷18號1樓20號1樓(部分),121.53260954813,25.017623624509
臺北市信義區松山路11號(地下一層商業空間C2號),121.578252465268,25.048455854435
臺北市中正區武昌街一段18號1樓,121.512515964691,25.044010889271
臺北市大安區愛國東路75號,121.527280938591,25.031702693101
臺北市北投區立農街二段155號1樓,121.513309311826,25.11965056654
臺北市大安區樂利路29號29-1號,121.551490935856,25.027421595154
臺北市士林區光華路26巷10號1樓,121.541617094326,25.137312661455
臺北市大安區敦化南路二段99號1樓,121.549183354503,25.028809050577
臺北市松山區南京東路五段206號1樓,121.564915683849,25.051189737884
臺北市中正區南海路50號,121.515313089599,25.032054523487
臺北市信義區松仁路162號164號1樓,121.568208179236,25.028385638738
臺北市內湖區陽光街288號1樓,121.575650806341,25.072861986734
臺北市中山區民生東路一段29、31、33號,121.525050712348,25.058150510324
臺北市士林區延平北路六段229號231號,121.504969256485,25.089351715152
臺北市文山區指南路一段34號36號1樓,121.569690945178,24.987601578704
臺北市大安區敦化南路一段247巷12號1樓,121.549961362756,25.038863311074
臺北市內湖區瑞光路583巷27號1樓,121.567917243376,25.080738880244
臺北市松山區復興北路313巷25號,121.546265614008,25.059059339137
臺北市信義區吳興街346號348號,121.566339517742,25.025831672841
臺北市士林區延平北路五段35號37號39號,121.510874146152,25.079838049212
臺北市萬華區西園路二段281巷29號1樓31號1樓33號1樓,121.492732545339,25.023542195733
臺北市信義區忠孝東路四段500之2號,121.561699966696,25.040967084952
臺北市北投區立德路15號1樓,121.471177424058,25.124974290433
臺北市士林區士東路266巷5弄18號20號1樓,121.537533095822,25.112358185049
臺北市信義區松山路136號138號,121.577608735104,25.047276897844
臺北市內湖區洲子街46號,121.573211756336,25.078814898189
臺北市內湖區瑞光路580號,121.566464491918,25.080059443172
臺北市萬華區西藏路125巷17號及129-9號,121.502386744444,25.029623912948
臺北市南港區重陽路164號,121.600830211118,25.057136069544
臺北市中正區和平西路二段152號152之1號154號154之1號,121.505721420775,25.032918248079
臺北市北投區明德路114號,121.520199739151,25.109856564137
臺北市中山區南京東路三段21號1樓,121.537774243177,25.052181191301
臺北市萬華區寶興街184號186號,121.495311138276,25.023704592547
臺北市萬華區環河南路二段207號,121.491564727152,25.032063575942
臺北市士林區基河路368號370號,121.518123862667,25.095328805684
臺北市內湖區行善路468號1樓新湖二路369號1樓,121.58552364328,25.06478844506
臺北市大同區太原路40號42號44號,121.515155792865,25.050370163724
臺北市松山區八德路四段686號,121.576666860644,25.049875874561
臺北市士林區至誠路二段31號,121.529354453799,25.10177003923
臺北市中山區南京東路二段11號1樓,121.528422553804,25.052336382238
臺北市中山區南京東路二段100號1樓,121.531863911791,25.051856769739
臺北市內湖區環山路二段123號125號1樓,121.576403356711,25.084187251987
臺北市北投區石牌路二段348巷1號3號1樓,121.525160065631,25.122681462729
臺北市文山區永安街22巷23號25號1樓,121.56889943479,24.986703272437
臺北市士林區中正路220號222號,121.526088539557,25.095486116025
臺北市萬華區西昌街177號179號179-1號,121.500666912143,25.038703271571
臺北市北投區文林北路98號100號,121.517578103212,25.105565261572
臺北市大安區復興南路二段82-1及82-2號,121.543368653764,25.030891826741
臺北市中山區林森北路411號,121.525685275684,25.05969799825
臺北市信義區信義路六段21號23號1樓,121.575630186859,25.034525298995
臺北市南港區興華路117號119號121號123號125號,121.605663783763,25.056794919077
臺北市內湖區成功路四段346號,121.599664456025,25.08509700889
臺北市中山區林森北路310巷10號中山北路二段59巷55.55-1~4.57.59,121.523554285322,25.055816472717
臺北市中山區長安東路一段53巷1之3號,121.526531269189,25.049075294911
臺北市萬華區西園路一段278號1樓,121.499305917648,25.033880101998
臺北市南港區福德街373巷25號1樓,121.591759650778,25.039351640753
臺北市中正區漢口街一段36號1樓,121.513835862984,25.045097980204
臺北市中山區一江街11號13號,121.531548646166,25.051180186558
臺北市內湖區行忠路30號,121.577616530274,25.065235502583
臺北市內湖區康寧路三段99巷14號康寧路三段99巷12弄2號,121.610773948302,25.072656936771
臺北市士林區臨溪路70號,121.545751551886,25.094446141782
臺北市信義區福德街247號249號,121.585878991329,25.038745671063
臺北市北投區大興街44號46號1樓,121.499399573731,25.130132414549
臺北市內湖區內湖路三段61號63號樓59巷1號1樓,121.591817144603,25.085718757453
臺北市大同區長安西路271號1樓及273巷2號1樓,121.510697662133,25.052096201589
臺北市內湖區大湖山莊街219巷6號8號1樓,121.599741653353,25.089992752806
臺北市北投區尊賢街247號247號之1號1樓,121.507527879519,25.116219980762
臺北市北投區泉源路30號地下一樓,121.506674197273,25.139856149973
臺北市北投區中庸里大業路715-717號,121.500863275258,25.137234584027
臺北市大安區和平東路三段1巷51號1樓,121.546908925076,25.026601927833
臺北市士林區文林路530號,121.524101850355,25.097267113206
臺北市內湖區新湖二路329號1樓,121.583185131467,25.064548689436
臺北市大同區承德路三段55號57號1樓,121.518470441003,25.065194392962
臺北市士林區中山北路六段18號20號1樓,121.526723961125,25.103949962698
臺北市內湖區康樂街213號,121.622087052847,25.075771219598
臺北市中山區敬業三路11號1樓,121.555910250897,25.083571753969
臺北市信義區大道路115號117號1樓,121.583133750401,25.039623926878
臺北市中山區長安東路二段178號178-1號1樓,121.542399364105,25.04838023453
臺北市內湖區星雲街136號,121.595023228598,25.0798353949
112台灣臺北市北投區東華街二段88號,121.513651293476,25.117736642769
111台灣臺北市士林區天母西路40號,121.525978558476,25.118176231681
"112030台灣臺北市北投區中央南路二段15號, 1樓",121.500525736017,25.125832094404
臺北市北投區清江里三合街二段487號1樓,121.501191426768,25.126231743547
111台灣臺北市士林區華岡路55號,121.540405406403,25.137521287025
112台灣臺北市北投區知行路237號,121.467016982598,25.120387713015
臺北市北投區中央北路三段4號1樓,121.486645388178,25.138412115694
臺北市士林區中山北路六段88號,121.524984967674,25.104987977587
臺北市士林區中山北路六段７２６號北側,121.527866825708,25.115083891042
112018台灣臺北市北投區中央北路二段97號1樓,121.49518336239,25.136844154977
臺北市北投區西安街二段283號,121.506390553669,25.120482302793
112台灣臺北市北投區立德路8號二,121.471862131853,25.126308002197
111台灣臺北市士林區中山北路六段238號壹樓,121.525446642901,25.108950941408
臺北市士林區士東路266巷5弄16號,121.53753762205,25.112308857549
臺北市士林區雨聲街36號1樓,121.529191341963,25.102167048073
111台灣臺北市士林區忠誠路二段52號壹樓及地下室,121.530395486173,25.110839887108
臺北市士林區大東路63號1樓,121.525483858551,25.090091282078
臺北市內湖區堤頂大道2段407巷26號一樓,121.563778762502,25.08114779139
臺北市士林區社中街280號1樓及2樓,121.506292856605,25.092038809725
111台灣臺北市士林區大南路231號,121.52090792615,25.08840568135
臺北市士林區中山北路七段81巷8號1樓,121.530630766196,25.121872944348
臺北市士林區延平北路八段105號1樓,121.483426988816,25.105849637234
臺北市士林區大南路346號1樓,121.51762783598,25.089097356
114台灣臺北市內湖區康寧路一段116號及,121.593402084705,25.079484276976
114台灣臺北市內湖區瑞光路220號,121.576039475191,25.075481163839
114台灣臺北市內湖區瑞光路510號國泰人壽大樓 號1樓,121.567705432683,25.079445091579
114台灣臺北市內湖區瑞光路433號愛因斯坦大樓1樓,121.571183754863,25.07826420715
"114台灣臺北市內湖區瑞光路302號, 1樓",121.574279024067,25.076495122666
114台灣臺北市內湖區康寧路三段189巷12號1樓,121.612477871409,25.070167162954
114台灣臺北市內湖區民權東路六段162號,121.591853444274,25.06862317448
臺北市內湖區石潭路67號1樓,121.587388823548,25.062888779241
114台灣臺北市內湖區瑞光路513巷39號1,121.570286472128,25.080066106785
114台灣臺北市內湖區成功路二段325號,121.591982106488,25.071800418697
11493台灣臺北市內湖區洲子街61號1號樓（部份,121.572941272321,25.079469524827
114臺北市內湖區成功路四段62號及B1,121.592501197752,25.082716045474
104台灣臺北市中山區建國北路二段131號號1樓,121.537338719488,25.06017233015
104-91台灣臺北市中山區農安街249號,121.53492238444,25.064795159299
臺北市中山區興安街57號,121.542266356546,25.056198763222
104台灣臺北市中山區民生東路二段155號1樓,121.535861325234,25.058116291211
"104台灣臺北市中山區龍江路102號, 1樓",121.540354276793,25.052645045823
"10403-9台灣臺北市中山區林森北路630號, 1樓",121.525614113326,25.067596307521
104台灣臺北市中山區建國北路一段146號1樓,121.536393156991,25.051253105072
臺北市中山區松江路473號1樓,121.533492096483,25.06671692015
臺北市中山區民權西路38之1號1樓,121.521261055731,25.06261787613
10404-8台灣臺北市中山區明水路581巷11號1樓,121.551219234965,25.080112249162
104台灣臺北市中山區長春路410號號1樓,121.543744840447,25.054474060915
"104026台灣臺北市中山區民權西路35號, 1樓",121.521200873666,25.062999629911
臺北市中山區復興北路356號1樓,121.543976767708,25.060398809174
104-91台灣臺北市中山區錦西街8號,121.521710325741,25.060237708995
臺北市中山區建國北路三段111號1樓,121.536030388221,25.066358635699
104臺北市中山區松江路127-1號,121.53335379508,25.053576442904
104臺北市中山區中山北路二段59之3號,121.522910209734,25.055946395879
104台灣臺北市中山區民生東路一段36號號1樓,121.524306536431,25.057934236274
104-91台灣臺北市中山區中山北路二段44號部 份,121.522506774181,25.055200269006
103台灣臺北市大同區民權西路110號及,121.517014867401,25.062731534738
臺北市中山區中山北路一段58號,121.520701982789,25.048494034004
臺北市大同區民權西路146號,121.515811393743,25.062764852803
104-91台灣臺北市中山區中山北路二段60號,121.522561508009,25.056571757913
臺北市大同區延平北路四段62號1樓,121.510802703682,25.070518280878
104-91台灣臺北市中山區林森北路149號,121.525346730615,25.05150695101
臺北市大同區庫倫街48之4號,121.518444784785,25.071819909182
104-91台灣臺北市中山區中山北路二段11巷1號,121.523210183495,25.052837745777
10404-9台灣臺北市中山區南京東路二段72號1號72 2 号,121.530648368192,25.051866367018
105018台灣臺北市松山區民生東路三段113巷6弄1號號一樓,121.54554686581,25.058583205127
105台灣臺北市松山區三民路6號,121.56393567173,25.052167654527
臺北市松山區民權東路三段103巷15—1號,121.545048504492,25.063295040762
臺北市松山區民生東路四段95號,121.551993890457,25.058108244584
臺北市松山區民生東路五段159號,121.562505802867,25.059052046882
105台灣臺北市松山區南京東路四段56號,121.553846877792,25.051437213575
臺北市松山區敦化北路153號1樓,121.549439254007,25.054134971022
臺北市松山區吉祥路19號,121.56267260274,25.049410008383
105台灣臺北市松山區南京東路四段47號壹樓,121.550857555843,25.051905594325
臺北市松山區長安東路二段219號,121.544872122605,25.04836273149
105台灣臺北市松山區健康路285號號1樓,121.564084701968,25.054336430065
"105017台灣臺北市松山區敦化北路155巷3號, 1樓",121.54980604609,25.054205923832
106台灣臺北市大安區建國南路一段81號學生宿舍,121.537471572653,25.0435582665
106台灣臺北市大安區仁愛路四段112巷5號一,121.54979045575,25.034453549904
106台灣臺北市大安區四維路170巷4號,121.547801178669,25.028108323472
106台灣臺北市大安區敦化南路二段77號1樓,121.549317464954,25.030188586111
106台灣臺北市大安區新生南路一段1號光華館1樓,121.533176853104,25.044205894249
106台灣臺北市大安區信義路四段88號,121.547502699097,25.033025902246
106台灣臺北市大安區忠孝東路四段170巷6弄2號,121.550599141768,25.040748945922
106台灣臺北市大安區復興南路一段217號,121.543946425218,25.039102404862
臺北市大安區信義路四段265巷8號,121.554205287972,25.033751230237
臺北市大安區和平東路二段311巷32號,121.545073791195,25.025612486073
臺北市大安區忠孝東路四段216巷31號,121.553049255886,25.039582771733
106台灣臺北市大安區光復南路116巷26號,121.556426240856,25.042978615986
106台灣臺北市大安區羅斯福路二段17號1f,121.521926243567,25.028092691222
臺北市信義區吳興街7號,121.55948957501,25.031725156601
110台灣臺北市信義區光復南路133號,121.559737930801,25.043688227909
臺北市信義區基隆路1段147巷7號,121.5661578819,25.042473606319
臺北市信義區中坡北路25號,121.580778016514,25.044982729035
110台灣臺北市信義區吳興街263號,121.563854870183,25.027004426823
臺北市信義區和平東路三段387號,121.557581099476,25.019871385312
臺北市大安區師大路79號,121.528561106663,25.023403645038
106台灣臺北市大安區光復南路292號,121.557454532738,25.039267402626
臺北市大安區信義路二段104號1樓,121.52753382061,25.033852148351
110臺北市信義區市府路45號B1,121.563904071955,25.034026198571
臺北市南港區玉成街52巷2弄7號一樓,121.581413867688,25.047723820921
臺北市信義區莊敬路307號,121.563368384523,25.028437690357
臺北市南港區向陽路256號1樓,121.593692433831,25.058056192965
臺北市南港區舊莊街一段3巷16號,121.618229934574,25.042366052852
"11502-8台灣臺北市南港區興南街39號, 1樓",121.601496237145,25.056178898111
115台灣臺北市南港區福德街373巷63號1樓,121.592030889165,25.039593542479
105台灣臺北市松山區松山路11號,121.577662530895,25.049609238947
臺北市南港區興華路86號,121.605697582292,25.055928111568
臺北市南港區昆陽街145號,121.594202556458,25.050118111563
臺北市文山區指南路二段145號1樓,121.57715636379,24.987476209638
臺北市大安區基隆路四段43號地下一樓第三餐廳,121.540592632438,25.013814158588
臺北市文山區景華街3巷2號1樓及B1,121.542149917275,24.995042216888
116026台灣臺北市文山區萬安街29號一樓,121.570742028566,25.000790150371
臺北市文山區景福街25號,121.538317139045,24.999068717006
臺北市文山區羅斯福路五段218巷38弄2號1樓,121.536877295718,25.002189215739
116台灣臺北市文山區興隆路一段55巷27弄1號,121.541783223647,25.004366959913
116台灣臺北市文山區木柵路三段148號,121.568615288273,24.988812746009
106台灣臺北市大安區安居街76號,121.553297024944,25.019690839117
臺北市文山區木新路三段343號1樓,121.555955010259,24.980378916944
100臺北市中正區衡陽路7號,121.513760928769,25.042413927169
100台灣臺北市中正區重慶南路一段58號,121.513107140322,25.043913449647
100台灣臺北市中正區中山南路7號B1樓,121.518557891957,25.040775726103
臺北市中正區忠孝西路一段45號1F部分,121.517929008484,25.046216121115
100台灣臺北市中正區杭州南路一段19號1f,121.526548276435,25.042540954911
臺北市中正區汀州路三段251號,121.534443526312,25.013647947932
臺北市中正區館前路36號1樓,121.514906734934,25.044565310257
臺北市中正區鄭州路8號B1樓,121.514536003356,25.048789118905
100台灣臺北市中正區博愛路63號,121.51164776716,25.044183556477
臺北市中正區青島西路13號,121.517599169872,25.045024177546
臺北市中正區懷寧街7之1號,121.514267089619,25.046244762875
100004台灣臺北市中正區襄陽路7號1樓,121.515899487546,25.043533707524
臺北市中正區開封街一段41號1樓,121.512526609708,25.046062443892
臺北市萬華區萬大路64號1樓,121.500416016905,25.03097904149
臺北市萬華區康定路99號,121.502039507731,25.039631219134
臺北市萬華區漢口街二段22號,121.50794522907,25.045314233306
100台灣臺北市中正區南海路20號,121.517010844088,25.032492645566
臺北市萬華區青年路48號,121.503890570712,25.025336924736
臺北市萬華區富民路91巷8號1樓,121.499204831896,25.019008007375
臺北市中正區汀州路一段244號,121.510376651543,25.027233210871
臺北市萬華區昆明街173號1樓,121.504320475042,25.039876766987
108台灣臺北市萬華區廣州街235號,121.498637041775,25.036782377882
臺北市士林區士東路123號,121.530676699025,25.112437519763
臺北市士林區中山北路六段77號B1,121.524720977324,25.10531533107
臺北市北投區振興街37號,121.522429325395,25.117707054651
臺北市士林區中山北路六段719號1樓,121.527594254132,25.115122871993
臺北市士林區天玉街38巷18弄1號,121.529767430168,25.119594575427
臺北市士林區國泰街5號,121.542943446684,25.13624564518
臺北市士林區士商路189號,121.515977355426,25.095989292067
臺北市士林區忠誠路二段200號1F,121.534037339284,25.117079794927
臺北市士林區忠誠路二段55號1樓,121.531438194928,25.11181105632
臺北市士林區中正路239號,121.525870599563,25.095150892201
臺北市北投區光明路218之4號,121.504243286177,25.13631362649
臺北市北投區石牌路二段74號1-3樓,121.516203415355,25.116513471639
臺北市士林區承德路四段67號,121.523219571227,25.081704685037
臺北市大同區庫倫街51號,121.519249650426,25.072044625446
臺北市北投區大業路302號,121.498031113994,25.128478345055
臺北市中山區林森北路568&568-1號,121.525634596077,25.064835604285
臺北市北投區承德路七段150號1-2樓,121.509490013825,25.11281172983
臺北市北投區石牌路二段201號,121.519165831394,25.11918226961
臺北市中山區民生西路7號1樓,121.521716695987,25.057918394477
臺北市中山區林森北路247號1樓,121.525560050051,25.054131199165
臺北市大同區承德路一段1號,121.516784113607,25.049090071139
臺北市大同區承德路一段1號(京站百貨4樓),121.516784113607,25.049090071139
臺北市大同區南京西路288號,121.51398858126,25.05391004265
臺北市大同區保安街11號,121.513199425076,25.059261384913
臺北市大同區南京西路36號1樓,121.519575874097,25.052675053036
臺北市中山區民權西路62號,121.520115584843,25.062649517815
臺北市中山區松江路210號,121.532908716022,25.057747697019
臺北市中山區松江路239號1樓,121.533455299928,25.059198436821
臺北市內湖區瑞光路216號1樓,121.576161934797,25.075357740314
臺北市內湖區瑞光路476號1樓,121.569553558514,25.07852216022
臺北市內湖區內湖路一段289號,121.567133367791,25.08231731834
臺北市內湖區基湖路25號,121.565106707423,25.080642278809
臺北市內湖區洲子街48號,121.573307142394,25.079041712489
臺北市內湖區瑞光路583巷28號1樓,121.568243047953,25.080700323489
臺北市內湖區文德路212號,121.584047042571,25.078321246001
臺北市內湖區新湖二路128號,121.578846239289,25.062491225573
臺北市內湖區石潭路153號1樓,121.589542134474,25.063690424461
臺北市內湖區康寧路三段72號1樓,121.61127364338,25.070210204027
臺北市內湖區民權東路六段182號,121.592917526883,25.068613325743
臺北市內湖區民權東路六段312號1樓,121.606042581427,25.072853185736
臺北市內湖區陽光街290號,121.575549972046,25.072835667558
臺北市內湖區成功路四段188號2F,121.594546801222,25.084081331773
臺北市內湖區成功路二段325號B1,121.589894085956,25.072028686098
臺北市北投區大度路三段296巷45號1樓,121.466852613476,25.124620867485
臺北市北投區立德路115號3樓,121.470335713341,25.126953760687
臺北市中山區民權東路三段88號,121.543707960073,25.062110016617
臺北市中山區民權東路三段22號1樓,121.540527949827,25.062136293883
臺北市松山區慶城街1號1樓,121.544632316355,25.052760925634
臺北市中山區南京東路三段1號,121.537186504126,25.052216227656
臺北市中山區南京東路三段224號1F,121.543727741364,25.051659878833
臺北市中山區松江路54號1樓,121.532752477346,25.04868136954
臺北市中山區大直街70號1樓,121.546234181871,25.083586548028
臺北市中山區敬業三路20號1樓,121.556711979935,25.08292588642
臺北市中山區敬業二路115號,121.554221548864,25.083221264688
臺北市中山區樂群二路267號1~2樓,121.560319383424,25.080121511165
臺北市信義區松高路11號6F+7F(戶外區),121.565242326616,25.039515129775
臺北市松山區敦化北路147號,121.549359961203,25.053907737627
臺北市松山區民生東路三段156-1號,121.547680646902,25.057169597157
臺北市松山區南京東路四段56號,121.553846877792,25.051437213575
臺北市松山區八德路三段10號,121.549826917029,25.048039483394
臺北市松山區敦化北路340-9號2樓(一航廈),121.551904623188,25.063648850221
臺北市松山區南京東路三段337號1樓,121.547994632995,25.05196309418
臺北市松山區敦化北路340之10號2樓(二航廈),121.550291913794,25.05987077395
臺北市松山區民生東路五段150之1號,121.562273474214,25.058610535194
臺北市中正區懷寧街10號1-3樓,121.514070028725,25.041960967299
臺北市中正區忠孝東路二段134巷2號1樓,121.53170641583,25.041963777059
臺北市中正區北平西路3號2樓 (台北火車站內),121.517057698926,25.04717593782
臺北市中正區南陽街1號2F,121.516230153626,25.045716103653
臺北市中正區忠孝東路一段31號1樓,121.525336253236,25.044536392691
臺北市中正區市民大道三段2號,121.531021027607,25.045632997083
臺北市中正區忠孝西路一段49號B1F,121.517243441901,25.046481413323
臺北市中正區林森南路7-1號,121.523876544798,25.043966674732
臺北市大安區忠孝東路四段134號1樓,121.548243659338,25.041332745478
臺北市大安區忠孝東路四段201號,121.551773865498,25.04167795416
臺北市大安區忠孝東路四段45號B1,121.544955400039,25.041738438636
臺北市大安區光復南路180巷14號1樓,121.5568968009,25.042530645171
臺北市大安區忠孝東路三段300號B2樓,121.543057105291,25.041211752706
臺北市大安區復興南路一段135巷9號,121.544824597214,25.042724434772
臺北市大安區忠孝東路四段230號,121.553931954109,25.041204208993
臺北市大安區忠孝東路三段300號B1,121.54308765211,25.041491888133
臺北市復興南路一段323號1樓,121.543808207635,25.03376049224
臺北市大安區和平東路二段42-1號,121.537302677304,25.025446314842
臺北市大安區敦化南路二段101號1樓,121.549182600132,25.028753981473
臺北市大安區敦化南路二段59號1樓,121.549194250977,25.03119634233
臺北市大安區復興南路二段275號1樓,121.543647861827,25.025577575446
臺北市大安區敦化南路二段263號,121.549121160782,25.025517183834
臺北市大安區文昌街209號,121.554508880505,25.032456016649
臺北市大安區仁愛路四段304號1樓,121.554540647918,25.037353981769
臺北市萬華區漢中街51號,121.507481290729,25.044113944771
臺北市中正區重慶南路一段104號1樓,121.513085598831,25.042432283537
臺北市中正區館前路26號1樓,121.514906734934,25.044878625798
臺北市萬華區武昌街二段77號,121.505708602027,25.045076815898
臺北市萬華區西藏路123號,121.502505793005,25.029500767137
臺北市信義路五段106號1樓(國泰信義經貿大樓),121.566773281231,25.0325874868
臺北市信義區松壽路11號,121.567280134916,25.036073352693
臺北市信義區松仁路7號1樓,121.568864649892,25.03826459173
臺北市信義區忠孝東路五段297號1樓,121.572849322843,25.041146709137
臺北市松山區南京東路五段171號1樓,121.563521354256,25.051622579364
臺北市信義區松仁路28號B1,121.568124611661,25.039511064552
臺北市信義區松仁路58號B2,121.567967870072,25.036731960735
臺北市信義區東興路37號,121.566384780019,25.048009350453
臺北市南港區忠孝東路五段968號,121.582179554544,25.044209498467
臺北市信義區忠孝東路五段8號2樓,121.565417005478,25.040864616186
臺北市信義區忠孝東路五段8號B2,121.565417005478,25.040864616186
臺北市南港區三重路19-10號,121.613518484688,25.058138587073
臺北市南港區園區街3號2樓之7,121.612627519461,25.05908667834
臺北市信義區松山路11號1樓,121.578252465268,25.048455854435
臺北市南港區忠孝東路7段359號A棟1樓,121.604784484539,25.051968804671
臺北市南港區經貿二路186號1樓,121.615186231963,25.059223289163
臺北市南港區忠孝東路七段371號B2,121.604962130729,25.05199009959
臺北市南港區重陽路269號一樓,121.60389027633,25.057938175769
臺北市南港區經貿二路131號2樓,121.617582534262,25.059344952488
臺北市南港區昆陽街22號,121.592401620742,25.053095740757
臺北市中正區羅斯福路三段301號,121.531858966468,25.017447255094
臺北市大安區和平東路一段2號,121.522907261515,25.026824299724
臺北市中正區信義路二段1號之1,121.52453511093,25.035584562009
臺北市中正區南海路20號,121.517010844088,25.032492645566
臺北市中正區思源街16號,121.530574020711,25.014307897079
臺北市中正區中山南路7號 B1,121.518518220171,25.04130244211
臺北市大安區永康街2號2F & 2F-1,121.529462915626,25.03096952803
臺北市大安區和平東路一段129-1號1樓,121.529658130151,25.026717179002
臺北市大安區羅斯福路二段109號,121.524588671291,25.024522335746
臺北市大安區辛亥路二段175號,121.541245021644,25.021689084834
臺北市文山區興隆路三段111號,121.558330273981,25.0003062631
臺北市文山區指南路二段105號,121.575707384188,24.987833152985
臺北市文山區木柵路三段75號,121.566908732786,24.988720838441
臺北市文山區木新路三段162號,121.561067049187,24.981886695596
臺北市文山區景興路185號1~2樓,121.54435487536,24.99259134987
臺北市大安區基隆路三段85號,121.544947224457,25.017413937029
臺北市信義區松仁路100號2樓,121.568126204222,25.034460003969
臺北市信義區信義路五段5號1樓,121.562339673546,25.033151966069
臺北市信義區松智路17號一樓,121.565774493649,25.034435319265
臺北市萬華區成都路87號,121.504741749496,25.043149397263
臺北市萬華區西園路一段306巷24&26號,121.498554850064,25.033626923579
臺北市萬華區桂林路1號,121.506303549514,25.037675427756
臺北市信義區市府路45號1樓B&C室,121.563904071955,25.034026198571
臺北市信義區莊敬路168號1樓,121.561095128563,25.031771257069
臺北市信義區吳興街252號1樓(第三醫療大樓),121.563637778891,25.026638011926
臺北市信義區吳興街220巷1號,121.562789772128,25.027525158954
臺北市信義區市府路45號B1,121.563904071955,25.034026198571
臺北市大安區羅斯福路4段85號1樓 (台大第2學生活動中心),121.536484687373,25.012893199461
臺北市大安區信義路3段27號 1樓,121.534367334812,25.033773819466
臺北市中正區濟南路2段58-2號1樓,121.531784618987,25.040169002041
臺北市大安區金山南路2段230號,121.52584319074,25.027282957466
臺北市大安區羅斯福路3段241號1樓,121.529894918916,25.019378780862
臺北市中正區延平南路165號1樓,121.507730400892,25.035088688617
臺北市大安區和平東路二段203號1樓,121.542445310178,25.025208268792
臺北市中正區衡陽路23號1樓,121.512903124799,25.042396702358
臺北市大安區敦化南路2段150號1樓,121.54828850252,25.025316101976
臺北市信義區松山路11號地下1樓,121.578252465268,25.048455854435
臺北市內湖區金龍路8號,121.594111026076,25.084551263174
臺北市內湖區瑞光路292號,121.575075640145,25.076114123257
臺北市北投區光明路225號(新北投捷運站),121.504283596851,25.136644890985
臺北市士林區文林路88號(劍潭捷運站),121.525952993671,25.087289840489
臺北市中正區南昌路一段12號,121.516320007628,25.032283433262
臺北市中山區民生西路9號(雙連捷運站),121.521647712924,25.057911940412
臺北市文山區忠順街一段26巷22號24號,121.559400656125,24.98310417928
臺北市中正區信義路二段15號1樓,121.525336337055,25.035179632267
臺北市士林區天母東路8巷96號98號,121.53014685302,25.11435656848
臺北市萬華區西藏路107號107之1號1樓,121.503580608658,25.02982556481
臺北市內湖區行善路35號1F,121.576424958918,25.056831932187
臺北市中山區吉林路97號99號1樓,121.530275637337,25.055934309709
臺北市士林區大東路35號1樓,121.525234413112,25.089475170285
臺北市萬華區漢中街185號187號,121.506800529169,25.041186505758
臺北市內湖區安康路28號1樓,121.593730571491,25.062427104014
臺北市士林區社中街320號322號1樓,121.505223540411,25.092281045144
臺北市內湖區內湖路一段411巷17號19弄1號,121.571212909598,25.082338974142
臺北市內湖區金湖路405號1樓,121.604353292661,25.073335396626
臺北市內湖區成功路四段359號1樓,121.599996882305,25.084509144111
臺北市士林區天母東路50巷25號,121.531862243348,25.118156261752
臺北市內湖區瑞光路335號1樓,121.575080501649,25.077407702374
臺北市中山區建國北路二段13號1樓,121.537231934041,25.053754809803
臺北市內湖區瑞光路583巷30號1樓,121.568283029631,25.080768552181
臺北市內湖區行善路136號1樓,121.577703953524,25.057911772774
臺北市士林區德行東路6之2號1樓,121.525291410054,25.106530583048
臺北市大同區承德路三段240號242號1樓,121.518773580565,25.072644741066
臺北市松山區東興路13-1號1樓15巷3號1樓,121.565586835951,25.050149096904
臺北市信義區永吉路217號1樓2樓及219號1樓,121.573993704083,25.045708350393
臺北市士林區中山北路七段14巷19號Ｂ1,121.532441645403,25.11885830721
臺北市內湖區堤頂大道二段411號1樓,121.563235028444,25.080679159183
臺北市中山區林森北路624號626號1樓,121.52568975573,25.067258182716
臺北市中山區中山北路二段71號1樓,121.523052771354,25.057285560787
臺北市文山區萬安街23號25號27號27-1號1樓,121.570598425391,25.001033734716
臺北市文山區羅斯福路六段235號237號1樓2樓,121.541279096612,24.995680725387
臺北市中正區中山南路20號B1樓,121.516714627629,25.037325273751
臺北市大安區羅斯福路三段193號1樓,121.52812508006,25.021042001909
臺北市內湖區內湖路一段445號1樓,121.572332243236,25.081236639564
臺北市南港區八德路四段778號780號,121.58010386834,25.05047382652
臺北市大安區辛亥路三段157巷32號1樓臥龍街188巷1號1樓,121.550726881299,25.018131614344
臺北市士林區士東路42號1樓,121.52765854333,25.111845296394
臺北市士林區美崙街112號一樓,121.519717276804,25.097098636952
臺北市文山區木新路三段351號353號1樓,121.555742292064,24.980315737234
臺北市文山區木柵路一段111號1樓(世新大管院),121.548009049868,24.987292687868
臺北市內湖區成功路二段252號,121.590353335063,25.066158978765
臺北市內湖區民權東路六段180巷17號19號,121.59282902748,25.068281083643
臺北市北投區公館路259號1樓,121.508217305647,25.125525693933
臺北市中正區廈門街99巷19-2號1樓,121.518944297693,25.023921562836
臺北市中山區林森北路358號360號,121.52545862553,25.057265623685
臺北市信義區福德街84巷52號1樓,121.581123350924,25.039047671034
臺北市中山區建國北路二段127號1樓B1樓,121.537240702216,25.059997919234
臺北市萬華區萬大路245號247號1樓,121.500554515722,25.026150096546
臺北市大安區羅斯福路三段245號,121.529976223377,25.019303218005
臺北市南港區中坡南路47號1樓,121.583759962387,25.042930545771
臺北市文山區興隆路三段42號,121.555548823232,25.000320009422
臺北市中正區廈門街46號1樓,121.517413426897,25.025557039783
臺北市萬華區廣州街148號,121.500590109034,25.036571153922
臺北市中山區龍江路281-1號,121.540845540138,25.060144586051
臺北市文山區汀州路四段88號行政大樓1樓,121.535712562874,25.004526742988
臺北市士林區光華路26巷7-1號,121.541507375213,25.136962800816
臺北市中山區松江路101號,121.53322312121,25.051155078714
臺北市中山區南京東路二段144號1樓,121.533968607678,25.051834515786
臺北市中正區寧波東街17號1樓,121.520230333097,25.033094969128
臺北市內湖區民權東路六段82號1樓,121.585625354939,25.068754309355
臺北市松山區健康路224號,121.561117089149,25.053861637159
臺北市信義區松隆路329巷4號,121.579316799333,25.048427230235
臺北市士林區後港街98之1號2號1樓,121.521702589291,25.086476747219
臺北市信義區松仁路91-1號1樓,121.568896165848,25.036904544121
臺北市大安區建國南路二段151巷6之8號,121.538177144384,25.02871284195
臺北市士林區天母西路85號1樓2樓,121.524901567737,25.118572402335
臺北市大安區大安路一段67號1樓,121.546279025053,25.042476372347
臺北市中正區汀州路一段127號129號,121.509488952058,25.028035852221
臺北市中山區林森北路107巷15號1樓,121.525667086954,25.050253227842
臺北市中山區北安路649號,121.549118143296,25.084062262943
臺北市松山區三民路10號,121.563978167979,25.052387386119
臺北市中正區南昌路二段206號1樓,121.524309637735,25.024036604457
臺北市大安區安和路二段74巷1號,121.551634222992,25.030228442061
臺北市文山區萬和街6號2樓之1,121.567066357227,25.001846630441
臺北市大安區基隆路四段43號1樓,121.540623838799,25.013742998714
臺北市文山區新光路一段97號99號,121.573754790524,24.990901024537
臺北市內湖區東湖路45號,121.614115360013,25.068903046227
臺北市大安區永康街43號,121.529586129603,25.030408862527
臺北市士林區德行東路106號108號1樓,121.52901049916,25.107881968686
臺北市文山區景文里景文街96號98號,121.541004789248,24.990336860475
臺北市松山區慶城街1號1樓,121.544632316355,25.052760925634
臺北市松山區延吉街27-1號1樓,121.553694830068,25.046036250445
臺北市士林區大東路123號125號1樓,121.525443992185,25.091610791563
臺北市大同區寧夏路23號23之1號,121.515120561323,25.055371612714
臺北市大安區和平東路三段228巷45號1樓,121.553285038822,25.020639167643
臺北市士林區承德路四段30號,121.522034118661,25.080464833919
臺北市中山區北安路839-1號,121.557465010117,25.084694845176
臺北市松山區復興北路15-6號1樓,121.544261752416,25.048706054245
臺北市信義區忠孝東路五段6號1樓,121.565152724071,25.040866585933
臺北市北投區光明路132之2號1.2樓,121.50216949548,25.133748160439
臺北市大同區鄭州路145號B1,121.508985820138,25.050588536223
臺北市士林區社子街42號44號1樓,121.507542829774,25.08746016466
臺北市內湖區安泰街26號28號,121.618196379735,25.073396846076
臺北市信義區基隆路一段178號180號1樓,121.564964885621,25.042393726782
臺北市中正區信義路一段21-3號B1樓,121.52326089401,25.036451334616
臺北市中正區中山南路7號1樓,121.518557891957,25.040775726103
臺北市中山區德惠街15號1樓,121.52609682713,25.066749651482
臺北市信義區松德路271號,121.574764168623,25.032878757935
臺北市中山區復興北路348號1樓,121.543938797686,25.059970996836
臺北市信義區松山路455號,121.578006121133,25.039806652367
臺北市文山區忠順街二段10號1樓,121.562364651618,24.98451287159
臺北市中正區杭州南路一段23號,121.52646303248,25.042255593018
臺北市南港區經貿二路2號B1樓,121.61634394043,25.056311080724
臺北市內湖區康樂街125巷2號2之1號,121.619512581923,25.073415772045
臺北市松山區新東街15巷1號,121.565859318509,25.058521723868
臺北市文山區景行里羅斯福路六段391號,121.540804217356,24.99227539403
臺北市松山區敦化北路149號1樓,121.549351746938,25.054041973806
臺北市中正區林森南路4號之3,121.52294171695,25.043938116238
臺北市士林區延平北路五段228號1樓230號1樓2樓,121.510039875379,25.084220369693
臺北市內湖區金龍路5號1F,121.595140156148,25.084415602071
臺北市中山區松江路237號1樓,121.533454377918,25.058983860099
臺北市信義區松仁路246號248號1樓,121.569424477205,25.024493082904
臺北市中山區民權東路二段96號98號1樓,121.531876819922,25.062328490923
臺北市內湖區陽光街349號1樓,121.577597251897,25.073064535425
臺北市大安區辛亥路二段57號,121.53708055687,25.023068159364
臺北市北投區立德路125號1樓,121.472011339605,25.128340546567
臺北市中山區農安街28-1號1樓28-2號1樓,121.526373188606,25.064840918994
臺北市士林區延平北路九段215號,121.471140711322,25.107902365321
臺北市中正區忠孝西路一段49號地下1樓(13號14號15號販賣店),121.517243441901,25.046481413323
臺北市大同區民族西路151號153號155號,121.516093160248,25.068681302736
臺北市北投區立德路150之3號B1F,121.472461834779,25.127984902828
臺北市內湖區成功路四段173號1樓,121.59464562386,25.083634995429
臺北市文山區新光路二段30號1樓,121.581228711447,24.998738763388
臺北市中山區長安東路二段43號45-1號1樓,121.531391698055,25.048558307718
臺北市中正區忠孝東路二段100號1樓,121.530453908039,25.042769822778
臺北市大安區復興南路一段107巷5弄1號1樓,121.544429977212,25.04372271944
臺北市文山區羅斯福路五段218巷28號30號,121.537297602325,25.002113139123
臺北市南港區忠孝東路七段299號,121.604792504387,25.052363497695
臺北市中山區南京東路二段115巷1號,121.533682365685,25.05267991454
臺北市松山區民生東路五段10號1樓,121.55585199667,25.058188082212
臺北市中山區民權東路二段206號1樓,121.536509665445,25.062204899761
臺北市中正區延平南路129巷3號1樓,121.509643486473,25.037898176833
臺北市士林區德行東路109巷106號,121.52886008915,25.110993736941
臺北市中山區新生北路三段35號農安街67號69號,121.527982980919,25.064933811787
臺北市大安區濟南路三段12號1樓,121.533888979598,25.040109113343
臺北市松山區南京東路五段139之4及139之8號,121.56160682463,25.051584560509
臺北市內湖區成功路二段325號1樓,121.591982106488,25.071800418697
臺北市中山區農安街178號180號,121.534839781385,25.064618218286
臺北市大安區敦化南路二段238號,121.548291520005,25.02093974269
臺北市大同區長安西路228號1樓,121.514578331967,25.051365757851
臺北市士林區福港街246號248號,121.517470622144,25.084295202303
臺北市中山區大直街70號1樓,121.546234181871,25.083586548028
臺北市士林區中山北路五段250號,121.527010035481,25.087199232116
臺北市信義區忠孝東路四段559巷24號1樓,121.563781863807,25.042672089787
臺北市信義區吳興街11號1樓,121.559578507002,25.031677756939
臺北市士林區劍潭路21號1樓,121.522672652045,25.084161881862
臺北市士林區華岡路45之1號1樓,121.542014396536,25.137818676949
臺北市中山區明水路581巷15號1樓,121.551014884166,25.080103112888
臺北市士林區延平北路六段122號124號1樓,121.507823124534,25.089211281999
臺北市士林區社中街381號1樓,121.503379774049,25.092064507814
臺北市士林區通河街151號1樓,121.520405682512,25.081160992887
臺北市士林區中山北路六段435號437號,121.52719209188,25.114364720226
臺北市士林區中正路639號1樓,121.508175396131,25.086146423168
臺北市內湖區五分街33號35號1樓,121.613303427447,25.067614414118
臺北市士林區福國路17號17之1號19之1號,121.524639735051,25.102065781453
臺北市內湖區內湖路一段91巷2號,121.561427722481,25.084631477988
臺北市大同區南京西路436號1F,121.508812588411,25.053280435993
臺北市大同區延平北路三段61-5號,121.511137979809,25.065824834195
臺北市中山區中山北路二段40-1號,121.522471486368,25.054539104483
臺北市大同區延平北路四段157號159號,121.51136094588,25.073057118524
臺北市中山區晴光里中山北路三段47號,121.522595622354,25.066532979285
臺北市中山區錦西街16號,121.521257283874,25.060251036221
臺北市中山區長春路67號,121.526492955874,25.055022572659
臺北市中山區錦州街8號,121.523697255889,25.060265243547
臺北市大同區昌吉街72號74號76號及蘭州街135號,121.515766633141,25.065704102061
臺北市中正區中華路二段157號,121.504249983236,25.03108729377
臺北市中正區林森南路12號,121.522593694517,25.042659014018
臺北市信義區松信路148號1樓,121.571879201369,25.04368294731
臺北市萬華區中華路二段602-1、602-2號1樓,121.510070953225,25.024603283818
臺北市大安區建國南路一段274號,121.537342491344,25.036389224714
臺北市大安區仁愛路三段143巷8號,121.542919390622,25.038896335773
臺北市大安區復興南路一段247號,121.543887332801,25.037071302085
臺北市大安區建國南路一段28號30號,121.536278910058,25.044362588412
臺北市大安區信義路三段33號,121.534623653411,25.033765018468
臺北市中山區中山北路一段105巷13號,121.523308419401,25.050795075973
臺北市士林區延平北路五段134號,121.510488130856,25.082049684172
臺北市中山區長春路257號,121.54066532922,25.054771115563
臺北市中山區合江街58巷1號1樓60號1樓60之1號1樓,121.538527086587,25.055853454907
臺北市中山區興安街112號一樓,121.543020141098,25.055952377178
臺北市中山區錦州街229號1樓,121.532479562579,25.060400485555
臺北市中山區龍江路356巷39及41號1樓,121.539253317043,25.066050317633
臺北市中山區龍江路322號,121.540828860151,25.064848384384
臺北市士林區社中街211號1樓,121.508411179068,25.091015303084
臺北市松山區南京東路三段275號1樓,121.545637893279,25.052011793038
臺北市松山區復興南路一段43號1樓,121.544088163201,25.04564800069
臺北市中山區松江路363號,121.533458317413,25.063826253202
臺北市中山區龍江路104號1樓,121.540354779707,25.052745628661
臺北市中正區寧波西街86號1樓,121.515905103421,25.029868062134
臺北市萬華區西園路二段140巷52號52號之1號,121.496248031012,25.030259122946
臺北市萬華區西園路一段153號地下室,121.499460144667,25.035852908639
臺北市中正區廣州街10-2號10-3號10-4部分號1樓,121.508571219123,25.03545126178
臺北市萬華區西寧南路50巷3號5號,121.50592528611,25.044379453136
臺北市萬華區環河南路二段200號1樓,121.493030638198,25.034114376192
臺北市萬華區漢中街51號,121.507481290729,25.044113944771
臺北市萬華區莒光路216號萬大路57號1樓,121.500337210133,25.027068215776
臺北市萬華區桂林路55號,121.503082216486,25.038278757147
臺北市萬華區萬青街168號,121.501468783944,25.023519021936
臺北市萬華區萬大路495號497號,121.497840065991,25.020029671953
臺北市中正區廈門街77號77之1號1樓,121.517513775895,25.024687789163
臺北市中正區信陽街9號11號1樓,121.516615832576,25.044695993518
臺北市內湖區江南街128號,121.575539997581,25.076234319748
臺北市內湖區瑞光路188巷51號1樓,121.57617635167,25.073825654142
臺北市內湖區瑞光路316巷56號1樓,121.573209912317,25.075858978124
臺北市內湖區瑞陽里江南街71巷16弄76號,121.578944139918,25.07626017792
臺北市內湖區紫陽里陽光街159號,121.585313967236,25.074941914098
臺北市內湖區五分街62號,121.615888216354,25.06719908913
臺北市內湖區文德路22巷44弄6號8號1樓,121.580945570758,25.076272373589
臺北市內湖區康寧路一段263號265號1樓,121.59854776598,25.078831521313
臺北市內湖區文德路210巷30弄32號34號1樓,121.584718516834,25.07724186642
臺北市內湖區環山路一段70號,121.566988528505,25.086509652942
臺北市內湖區康寧路一段34號,121.591622606661,25.080355240535
臺北市內湖區民權東路六段212號1樓212之1號1樓,121.597751718812,25.067340685245
臺北市內湖區成功路四段30巷27號29號31號,121.591756494996,25.08229507977
臺北市北投區中和街476號478號480號1樓,121.495197626195,25.145246986984
臺北市士林區天母東路88之1號1樓,121.535801310807,25.117967773749
臺北市北投區中央南路一段114號,121.501042731805,25.130515901898
臺北市北投區立農街二段299號1樓,121.516233925482,25.118700855001
臺北市北投區懷德街85號1樓,121.51967955824,25.11409378383
臺北市北投區致遠一路二段49號51號1樓,121.513659759198,25.111926223669
臺北市北投區知行路282號284號1樓,121.467449452129,25.121560119708
臺北市北投區知行路185號1樓,121.466142163363,25.119084117524
臺北市北投區光明路122號,121.501838342055,25.133295969634
臺北市北投區致遠二路149號,121.512927180861,25.117477013319
臺北市北投區實踐街22號24號,121.508107876201,25.114913724127
臺北市松山區延壽街422號,121.556446441243,25.056222567827
臺北市松山區新東街41-7號,121.565382304399,25.060768493014
臺北市內湖區港華街46號1樓,121.574780848611,25.083020811473
臺北市松山區南京東路三段262號1樓,121.544998354067,25.051627692325
臺北市信義區松山路121號1樓,121.577955159162,25.047388460975
臺北市松山區敦化北路199巷2弄9號,121.550037973351,25.055448247611
臺北市內湖區行善路191號193號,121.582688362975,25.060489944772
臺北市內湖區金莊路80號1樓,121.587397624546,25.063219738688
臺北市大安區延吉街72號,121.554110656285,25.04253332738
臺北市信義區永吉路30巷168弄1號1樓,121.56859994939,25.042023079024
臺北市信義區永吉路30巷103號,121.568876384557,25.043478051686
臺北市信義區吳興街156巷2弄2號4號1樓,121.5610728327,25.029336272287
臺北市信義區虎林街222巷7號9號1樓,121.577167846997,25.037221421971
臺北市南港區研究院路二段152號1樓,121.616870491587,25.038366096578
臺北市信義區忠孝東路四段553巷6弄2號1樓,121.562903188897,25.042221352943
臺北市信義區福德街88號90號,121.582872821755,25.038207343332
臺北市大安區仁愛路四段122巷50號1樓,121.550158756576,25.034433475246
臺北市信義區吳興街284巷18弄2號,121.563507859392,25.024637880281
臺北市信義區信義路五段5號2樓,121.562339673546,25.033151966069
臺北市信義區吳興街486號488號1樓,121.569568310664,25.023434406623
臺北市大安區延吉街175號1樓,121.555456622297,25.038277248404
臺北市大安區安和路一段47號,121.551146563865,25.0386004965
臺北市信義區松仁路213號,121.568511352673,25.02683678876
臺北市信義區惠安里吳興街520號1樓,121.568857106179,25.022105958789
臺北市大安區和平東路一段266號,121.533677504181,25.025984307297
臺北市文山區萬年里羅斯福路五段170巷33及35號,121.536652744532,25.004626547454
臺北市文山區羅斯福路五段216號,121.538620061026,25.002337952611
臺北市文山區興東里景華街130號1樓,121.547055984543,24.995779569263
臺北市文山區興隆路一段125巷1之1號,121.541985705991,25.002374253285
臺北市文山區興旺里福興路20號,121.551357871644,25.002843381373
臺北市大安區辛亥路二段171巷8號,121.540992307263,25.022097367338
臺北市大安區和平東路三段38號1樓,121.547636809548,25.024491364613
臺北市文山區和平東路四段383號385號1樓,121.574199731263,24.999280360061
臺北市文山區景福街252號,121.540151937651,24.993374093898
臺北市文山區羅斯福路五段21號1樓,121.538548647211,25.007906386167
臺北市大安區師大路87號,121.528556412798,25.023209813527
臺北市中正區牯嶺街138號1樓,121.518951925225,25.022321667067
臺北市中正區羅斯福路二段68號,121.521916772016,25.027421845602
臺北市信義區福德街159號161號1樓,121.5833416216,25.037690305634
臺北市南港區研究院路三段72號74號1樓,121.614205381653,25.03468153767
臺北市南港區忠孝東路七段359號1樓,121.606055824834,25.052512444115
臺北市南港區南港路三段8號10號,121.592951060629,25.054494334487
臺北市南港區忠孝東路六段465號1樓,121.594253686068,25.05088618726
臺北市南港區重陽路179號181號1樓,121.598734120151,25.056531033521
臺北市南港區重陽路336號1樓2樓,121.606452035709,25.057987812052
臺北市南港區玉成街66號.66之13號,121.58194305597,25.04685137906
臺北市南港區研究院路一段99號1樓之14,121.616221637549,25.052005290504
臺北市南港區東新街80巷1號108巷2弄30號,121.587863373161,25.046505095793
臺北市文山區木新路三段276號,121.558121313135,24.981213503043
臺北市南港區南港路一段303號305號307號1樓,121.607725488547,25.054464720673
臺北市松山區南京東路五段23巷4號1樓,121.558078984524,25.052052654816
臺北市士林區至誠路二段82號1樓,121.527800951864,25.101560156374
臺北市大安區復興南路一段253巷52號1樓,121.54566982833,25.036722363456
臺北市內湖區新湖一路95號1樓,121.576209041093,25.058612332241
臺北市信義區松智路17號B2樓,121.565774493649,25.034435319265
臺北市萬華區萬大路182號184號,121.500379259394,25.027948922322
臺北市大安區羅斯福路三段29號31號1樓,121.525237095321,25.023665747151
臺北市中正區羅斯福路四段134號1樓,121.535837101534,25.012968091766
臺北市大安區忠孝東路4段175之1號,121.550489527782,25.041605193665
臺北市中山區南京東路三段 17 號,121.537547512696,25.052181107482
臺北市大安區復興南路一段180號1樓,121.543507967863,25.040718393885
臺北市南港區忠孝東路六段392號,121.592330458384,25.049875162099
臺北市萬華區昆明街92-2號,121.505285148278,25.044943753185
臺北市中山區林森北路281號,121.525574969838,25.055446277864
臺北市中正區南福里4鄰南昌路2段3號1樓,121.519279070906,25.028646274017
臺北市內湖區瑞光路283號1樓,121.576594943915,25.075495706441
臺北市大安區新生南路3段88之2號,121.533472996916,25.018291925416
臺北市大安區光復南路286號,121.557442295159,25.039541574679
臺北市中山區長春路172號,121.533850087567,25.054691822759
臺北市中正區公園路30-1號,121.516798195204,25.044291305842
臺北市大安區信義路4段273號1樓,121.554527404511,25.033349192251
臺北市大安區忠孝東路4段73號之-1樓,121.54695971941,25.041810262502
臺北市中正區濟南路2段66號1樓,121.532521370981,25.040126476746
臺北市中正區南昌路1段149號1樓,121.518660821728,25.029431700255
臺北市大同區承德路1段34號1樓,121.516830459183,25.050718779398
臺北市大同區民生西路55號,121.520354133807,25.057744344258
臺北市信義區莊敬路475號1樓,121.568126874775,25.026854642214
臺北市大安區復興南路二段273號,121.543649538208,25.025670321205
臺北市大安區羅斯福路四段1號1樓,121.533700638234,25.01698105364
臺北市大安區羅斯福路四段76-1號1樓及76號B1,121.534601525187,25.014205386403
臺北市中山區南京東路1段86號,121.525617885182,25.051917580446
臺北市松山區民生東路3段135號,121.548428312665,25.057961142183
臺北市萬華區昆明街92之4號,121.505336642376,25.045023903535
臺北市中正區館前路8號,121.514895419364,25.045813962373
臺北市大安區羅斯福路2段45號,121.522347937116,25.027516644927
臺北市中正區林森南路1號,121.523357872629,25.044426422121
臺北市中山區林森北路413號1樓,121.525713019783,25.059774566935
臺北市松山區民權東路3段128號1樓,121.546088504394,25.061824570904
臺北市中山區民權東路2段43號1樓,121.530470923302,25.062758566375
臺北市中山區民權西路68號1樓,121.519981474392,25.062653708767
臺北市松山區民生東路5段234號1樓,121.56606610006,25.058935915613
臺北市萬華區西園路2段240號,121.494948857928,25.028104106538
臺北市中山區南京東路三段210號1樓,121.543340581257,25.051670859126
臺北市萬華區萬大路215號,121.500641322462,25.026994745725
臺北市松山區南京東路四段57號,121.552721272014,25.051852788335
臺北市士林區中山北路5段602號,121.528136814725,25.096064980652
臺北市士林區重慶北路4段123號,121.512004500959,25.082503187043
臺北市信義區忠孝東路5段522號1樓,121.579170116027,25.041338193715
臺北市文山區興隆路3段54號,121.555891307795,25.000141055789
臺北市士林區德行東路227號1樓,121.533079958303,25.109534573327
臺北市文山區木柵路3段57號1樓,121.566480249896,24.988643347746
臺北市內湖區內湖路1段741號1樓,121.578501407792,25.07894465005
臺北市中山區北安路626號1樓,121.549114958173,25.082718350497
臺北市南港區南港路2段16號1樓,121.605783664438,25.054317696511
臺北市南港區研究院路1段99號,121.61637160071,25.052304908192
臺北市文山區木柵路1段137號,121.550228829286,24.987611786922
臺北市南港區忠孝東路6段438號1樓,121.593619343635,25.050176952523
臺北市內湖區內湖路一段283號1樓,121.566133909657,25.082445016635
臺北市內湖區舊宗路一段135號,121.579240440195,25.060691337595
臺北市內湖區成功路四段188號,121.594546801222,25.084081331773
臺北市內湖區舊宗路一段275號,121.577530531947,25.062981315452
臺北市南港區經貿二路188-1號1樓,121.614663787938,25.058843253673
臺北市士林區中山北路六段152及154號1樓,121.525013958097,25.106535911262
臺北市內湖區東湖路1351樓,121.616293596445,25.06818772349
臺北市大安區復興南路二段33-1號,121.543775853489,25.031669919859
臺北市中山區龍江路240號,121.540597435804,25.058655499042
臺北市中山區北安路558號,121.548405849165,25.080589347091
臺北市大安區和平東路三段228巷7號,121.554458505267,25.021939410373
臺北市大安區羅斯福路三段261號,121.530312253875,25.018978503076
臺北市松山區南京東路五段81號,121.55987564547,25.051708996786
臺北市松山區民生東路五段89號1樓,121.559448084589,25.058787136832
臺北市松山區南京東路四段111號,121.554782884919,25.051816620422
臺北市中山區民權西路68之1號,121.520002959281,25.062683899602
臺北市信義區莊敬路395號1樓,121.565739122017,25.02757695272
臺北市大安區和平東路一段218號,121.532050241498,25.026116657549
臺北市萬華區長沙街二段72號,121.505356562094,25.04048076693
臺北市中山區敬業三路 11 號 1 樓,121.556198944906,25.083903923402
臺北市大安區大安路一段 237 號,121.546091354241,25.034046398957
臺北市松山區八德路三段 123 號,121.554344176107,25.048256490868
臺北市士林區中正路 313 號,121.523486451024,25.094609379347
臺北市士林區中山北路六段 730 號,121.527999770608,25.115228316335
臺北市大安區羅斯福路三段 233 號,121.529781511766,25.019486907413
臺北市南港區研究院路二段 130 號 1 樓,121.617570383772,25.040365437323
臺北市信義區忠孝東路五段 629 號,121.579387291139,25.041849908904
臺北市信義區永吉路 292 號,121.574592591065,25.045374163913
臺北市松山區敦化北路 155 巷 1 號,121.549261781636,25.054220541111
臺北市中山區松江路 274 號,121.532948362424,25.059746655198
臺北市中山區長安東路二段 66 號,121.533553703471,25.048344375122
臺北市信義區吳興街 243 號,121.563528059778,25.027406967723
臺北市大安區和平東路一段 278 號,121.534166839688,25.025943655067
臺北市中正區羅斯福路三段 306 號 1.2 樓,121.53244732245,25.01638123552
臺北市大安區信義路三段 184 號 1、2 樓,121.542901831375,25.03324170542
臺北市北投區石牌路一段 174 號,121.513740309288,25.114502233972
臺北市中正區南昌路一段 44 號 1 樓,121.51673514789,25.03178038059
臺北市中山區中山北路二段 48 巷 7 號 B1,121.522557934679,25.056048457417
臺北市內湖區成功路四段 202 號,121.595449783651,25.084417613728
臺北市內湖區瑞光路 513 巷 34 號,121.569454061265,25.07897491215
臺北市內湖區東湖路 110 號,121.615732815869,25.068259441791
臺北市大同區長安西路 219 號,121.512484700192,25.052029730311
臺北市大同區重慶北路三段 271 號,121.514018337016,25.072192566037
臺北市中山區民權東路一段 76 號,121.525360225479,25.06249843401
臺北市大安區金山南路二段 121 號,121.526789256151,25.030286654378
臺北市大安區和平東路一段 15-1 號,121.522715148294,25.027252698796
臺北市中山區民權東路三段 5 號,121.541173356372,25.062558490346
臺北市中山區南京東路三段 116 號,121.540267021181,25.051740387013
臺北市松山區吉祥路 59 號,121.562643349898,25.0504767732
臺北市士林區忠誠路一段 188 號,121.529939426822,25.107907478282
臺北市北投區石牌路一段 39 巷 100 號,121.510355287959,25.113181385788
臺北市士林區天母東路 39 號一、二樓,121.532182603943,25.118166791235
臺北市大安區信義路四段 304 號,121.554802414754,25.032942837585
臺北市北投區中央北路一段 42-1 號,121.50070988643,25.134119198254
臺北市北投區光明路 212 號,121.504100527819,25.136211156103
臺北市中正區忠孝東路一段 178 號 1 樓,121.526755314252,25.043828132385
臺北市文山區景興路 191 號,121.544220345814,24.992286164776
臺北市文山區木新路三段 170 號,121.560788770002,24.981886569868
臺北市內湖區瑞湖街 80 號,121.575968480471,25.072568494395
臺北市中正區重慶南路一段100號,121.513085766469,25.042600005419
臺北市中山區民生西路2號,121.522426978463,25.057731436127
臺北市中正區羅斯福路三段316巷16號1樓,121.532245204566,25.015476795386
臺北市松山區南京東路四段105號,121.554608625152,25.051821901021
新北市新店區北新路二段156號1樓,121.543060038957,24.97538598486
新北市汐止區新台五路一段 171 號,121.654907987292,25.062966982398
新北市三重區重陽路三段 97 號,121.49006445489,25.067778624297
新北市新莊區五權一路 42 號,121.457734964946,25.065666800221
新北市新莊區新北大道二段 310 號,121.463925812755,25.061154420466
新北市板橋區文化路 1 段 302 號 1 樓,121.36475907918,24.935604484343
新北市汐止區湖前街 32 號,121.632669318135,25.068927515993
新北市三重區重新路一段 104 號,121.501016999362,25.063062997099
新北市新莊區中平路 256 號,121.444937959986,25.049555979227
新北市新莊區中港路 319 號,121.452565609219,25.044850991877
新北市新莊區龍安路 297 號,121.421190940719,25.019671778553
新北市新莊區新泰路 103 號,121.449003099207,25.035081019176
新北市永和區竹林路 199-1 號,121.520799967237,25.009211993315
新北市中和區建一路 152 號 1 樓(E 棟),121.487992010141,24.998399530611
新北市永和區中山路一段173號,121.509768963563,25.009116020524
新北市永和區中正路294號,121.517183259836,24.999027980957
新北市淡水區中山路24號,121.444491958918,25.169693001159
新北市新莊區中正路516-3號,121.433306979683,25.032458992224
新北市淡水區民權路41號,121.46015798741,25.140345988395
新北市五股區成泰路二段113號,121.438462520688,25.084610397501
新北市林口區文化一路一段78號,121.371850781782,25.069793288163
新北市八里區福德新村1號1樓,121.4013922,25.1494122
新北市三芝區車埕69之6、7號,121.503251,25.196158
新北市三重區仁義街12號壹樓部份及仁興街39巷37號壹樓部份,121.499754014192,25.075881986448
新北市三重區大智街22號及24號,121.494786982189,25.064701994445
新北市三重區重新路四段244巷40號,121.48767971503,25.053788295506
新北市三重區中正北路415號及417號1樓全部,121.470494858947,25.072204969867
新北市三重區後竹圍街177+179號,121.485881964437,25.07185301514
新北市三峽區中正路一段75-1號,121.374837002426,24.929753018045
新北市土城區延平街71號1樓,121.467636991976,24.992978007064
新北市土城區青雲路589號及589之1號,121.459621964702,24.971323988853
新北市中和區安平路89-2、89-3號,121.510833968181,24.996619985903
新北市五股區五工六路28號,121.448309329081,25.064005081106
新北市五股區中興路二段1號一樓全部,121.462872102625,25.074367816525
新北市五股區凌雲路三段46號,121.430989131998,25.108897003862
新北市三重區仁愛街253號,121.493235827188,25.078326610419
新北市鶯歌區大湖路366號及中湖街2號,121.346353032322,24.972766011475
新北市板橋區莊敬路77號,121.47297701867,25.02671298805
新北市三重區光復路一段85、85-2號,121.472154253421,25.050317157176
新北市三重區中華路92號及94號,121.483425563892,25.063015597436
新北市中和區員山路502-7號,121.479728976954,25.007870008707
新北市石碇區碇坪路一段130號1樓,121.659447039319,24.991408998608
新北市新莊區中正路510號,121.434193030668,25.032931019102
新北市樹林區三俊街254號,121.421493022433,25.014739984188
新北市中和區中山路2段352號,121.492960900763,25.002588697245
新北市新莊區瓊林南路133號,121.43444297902,25.012479007716
新北市蘆洲區鷺江街69號一樓,121.477252040746,25.082869979126
新北市蘆洲區信義路35號,121.474318961368,25.079535993319
新北市永和區福和路7巷11弄16號,121.525817961211,25.007700987629
新北市汐止區忠三街19號,121.625538972032,25.079124986697
新北市林口區文化北路一段123號一樓,121.356076040005,25.068762020706
新北市板橋區翠華街6巷1號1樓,121.48081401432,25.024100013554
新北市淡水區水源街２段１９４號一樓及地下一樓全部,121.457175035708,25.175980099093
新北市新店區安民街336號及安和路二段205巷6號,121.517362213469,24.975093079254
新北市新莊區中港路84號1樓,121.455530003391,25.03922289472
新北市蘆洲區水湳街150號1樓,121.470158016994,25.093620985324
新北市鶯歌區中正三路304、308號、306號、310號,121.328349291034,24.935663307521
新北市鶯歌區尖山路188及190號,121.344312038899,24.947435983898
新北市新店區北新路2段102號,121.543081999544,24.973781981959
新北市新莊區中正路232號,121.448451569978,25.035391191503
新北市三重區正義北路15號,121.497850986895,25.062975992944
新北市板橋區重慶路23號,121.461135987873,25.008013003975
新北市新莊區中港路306號,121.452685017815,25.045179997126
新北市中和區中和路38號,121.49985199864,25.001478011255
新北市新店區北新路3段51號,121.54170937908,24.980628110925
新北市板橋區中山路2段257號1樓,121.477453038784,25.017699005556
新北市三重區五華街89-1號1樓,121.492059007982,25.083502980454
新北市中和區中山路2段583號1樓,121.480264496748,25.005731198474
新北市中和區興南路1段83號1樓,121.5100029863,24.988909012167
新北市蘆洲區長安街127號1樓,121.460846979851,25.081343005915
新北市板橋區雨農路60號1樓,121.4606419585,25.024165015213
新北市三重區正義北路176號1樓,121.49635900813,25.066570991216
新北市板橋區文化路2段173號,121.470368989497,25.027768018203
新北市三重區三和路四段392-1號,121.481905002837,25.079152018334
"新北市新莊區中平路346,348號",121.444795970546,25.052979986674
"新北市中和區景新街430,432號1-2樓",121.512878984917,24.988543980284
新北市三重區龍門路42號1~3樓,121.495987019267,25.0724910037
新北市新店區中正路506號1-2樓,121.533980007066,24.982920980539
新北市新店區中正路331號1-3樓,121.536077159241,24.975212102279
新北市三重區重陽路一段5號,121.48686851444,25.057605707579
"新北市蘆洲區長榮路376,378號",121.459983206889,25.086993996972
新北市新莊區思源路330號,121.460046014712,25.060255700244
新北市蘆洲區三民路116號,121.471526027411,25.087169979274
新北市板橋區南雅南路二段122-23號1樓,121.451889994299,24.99735000776
新北市永和區永和路2段170號,121.515492378508,25.01315299655
新北市永和區中正路244號,121.51690215603,25.006864522524
新北市永和區得和路405號1樓,121.525611012022,24.999323987867
新北市永和區中山路1段214號,121.508406988116,25.008512020581
新北市永和區中和路503號,121.510669012326,25.002401990351
新北市永和區永利路47號1樓,121.51895524041,25.005427989776
新北市三重區正義北路109號,121.497012461301,25.065671780643
新北市新店區北新路一段265號1樓,121.540802038061,24.966485996249
新北市蘆洲區中山一路124-2號,121.47672280738,25.081744499077
新北市三重區忠孝路三段1號,121.481753038932,25.067719982503
新北市蘆洲區長榮路1號,121.463739993732,25.081853002814
新北市板橋區中山路二段168號,121.477138968872,25.017076020603
新北市樹林區文化街53號1樓,121.417314978976,24.988771004131
新北市瑞芳區三爪子坑路125號,121.810401008376,25.106906008491
新北市中和區民利街12號,121.480695997123,24.99937398592
新北市新店區三民路38號,121.536347978532,24.971595981611
新北市新莊區民安東路127號1樓,121.430941019874,25.020824994436
新北市三芝區三民街27巷2、4號1樓,121.504428089838,25.258583880358
新北市板橋區四川路２段128號1樓,121.450191820716,24.99375920044
新北市土城區永豐路149-2號,121.467263997284,24.982638007487
新北市樹林區中山路三段209-1號211號1樓,121.393827964269,24.972314017346
新北市三峽區中正路二段200號,121.365765603895,24.914439700038
新北市樹林區復興路340號,121.416443009589,24.986794006539
新北市板橋區裕民街53號1.2樓和55號,121.461074967618,25.0283630076
新北市新店區光明街140號,121.539380383463,24.961406898201
新北市五股區成泰路三段419號,121.44959150881,25.097338107926
新北市深坑區北深路三段145號,121.603358025478,25.002743008082
新北市三峽區中正路一段110號112號1樓,121.373941982805,24.929641999737
新北市中和區中山路二段530號1樓,121.485734023846,25.005126988983
新北市板橋區三民路一段31巷14號16號,121.480044974703,25.022965983964
新北市永和區得和路113號1樓,121.518511037118,25.000333001372
新北市五股區水碓一路1號,121.432678085488,25.072797320351
新北市淡水區中山路176之2號1樓,121.441415968091,25.174047986592
新北市新莊區五工路68巷5.7號1樓,121.458234005355,25.063990999509
新北市中和區民德路270號272號,121.467719972817,24.996637001166
新北市淡水區中正路號55號及55-1號,121.459989008242,25.139040004061
新北市汐止區大同路三段261號263號1樓,121.673616730456,25.075924985612
新北市樹林區保安街一段323號323-1號1樓,121.417772882347,24.998114185873
新北市三重區力行路一段60之1號60之2號1樓,121.484637167996,25.069026888846
新北市新莊區長青街5號7號,121.459272690797,25.042282582746
新北市板橋區大觀路一段59號,121.447569123212,25.005889197349
新北市樹林區俊興街156號,121.41722202367,25.012738008524
新北市三重區三民街329號,121.47701801801,25.069190000682
新北市蘆洲區長安街140號1樓,121.460325038741,25.082206006666
新北市金山區清水路52號,121.630125968545,25.235036013292
新北市蘆洲區永安南路二段356號環堤大道2號6號,121.456217990004,25.082947008816
新北市蘆洲區信義路341號341之1號341之2號341之3號1樓,121.477910020146,25.086999994277
新北市林口區文化北路一段301號1樓,121.360683404543,25.07343459645
新北市五股區五工六路14號,121.450724406843,25.062059389922
新北市三峽區介壽路一段286號1樓,121.380184405195,24.929032383919
新北市鶯歌區尖山路276號1樓,121.341383401929,24.945279697396
新北市鶯歌區尖山路217之3號1樓,121.34248796913,24.946024010398
新北市蘆洲區長安街64號1樓,121.462885961618,25.079985011872
新北市三重區永福街115、117號,121.479242581847,25.077273442478
新北市板橋區府後街4.4-1.4-2號1樓,121.459144028583,25.010223018476
新北市新店區中央路157號1樓,121.530558011276,24.972507010667
新北市三重區中正北路235號,121.47576098399,25.070522388011
新北市林口區東湖路100號1樓,121.385247577627,25.073779386037
新北市三峽區成福路241號,121.426917035797,24.925703385345
新北市蘆洲區重陽街92.96號1樓,121.482169032787,25.084650001994
新北市板橋區中山路一段161號B1樓,121.465593986896,25.012078981387
新北市中和區圓通路391之3號391之4號391之5號1樓,121.490045004287,24.989141987166
新北市三重區福田里三民街274號276號1樓,121.478952700003,25.068154793024
新北市板橋區僑中二街116巷2號.4號,121.445524022656,25.006548014938
新北市八里區龍米路三段50號52號56號,121.42462098106,25.159242989104
新北市林口區中正路285.287號,121.389574986598,25.077644994053
新北市淡水區淡金路四段493號,121.451733001253,25.225138997298
新北市新莊區建中街139.141號1樓,121.445133928883,25.036542403994
新北市板橋區宏國路27號,121.467724499045,25.031576880734
新北市淡水區淡金路三段254號256號258號,121.449069986795,25.206395008232
新北市泰山區泰林路二段304號1樓,121.430800622995,25.062870590511
新北市八里區龍米路一段140、 142號,121.452979534471,25.125668018021
新北市五股區成泰路一段191號、193號,121.435847340059,25.078357164274
新北市金山區中山路143號145號,121.638899725694,25.220131103518
新北市新店區北新路三段205-1號,121.540586958425,24.984945000608
新北市林口區南勢村南勢街278號280號,121.35780002985,25.076271996403
新北市樹林區中正路222號1樓,121.418964118426,25.006639419592
新北市新莊區新樹路69之4號之5號1樓,121.44028198041,25.030062019373
新北市林口區中湖里14鄰中湖40號之9,121.3806243,25.0897094
新北市淡水區中正東路二段65號,121.459531021053,25.154796012284
新北市貢寮區仁和路9號,121.922954880597,25.051768801665
新北市三重區溪尾街29號,121.491415529275,25.075551488006
新北市五股區西雲路200.202號1樓,121.447840026323,25.095524012621
新北市林口區忠福路169號,121.360295238607,25.077848213295
新北市汐止區大同路三段332號,121.679385994412,25.070963988579
新北市石碇區碇坪路一段50之1號50之2號,121.655473011385,24.991848000787
新北市新莊區思源路40-1號,121.460276507521,25.043283591533
新北市林口區湖南村8鄰頭湖70-9號,121.3766477,25.0843812
新北市三重區頂崁街210巷23弄1號3號1樓,121.476202961745,25.068584994911
新北市三重區龍濱路51號53號1樓,121.502789017513,25.068809001273
新北市鶯歌區國慶街139之1號1樓,121.350931982208,24.953683016335
新北市林口區中山路250號250之3號1樓,121.385928020527,25.079590014685
新北市蘆洲區永樂街35號37號1樓,121.457930999556,25.088225009427
新北市中和區民利街38號1樓,121.479543988351,24.999087995383
新北市新店區北新路一段90號1樓,121.542084804523,24.968395980526
新北市林口區中正路90號92號1樓,121.39428502945,25.077376982699
新北市板橋區中正路332之5號1樓,121.454358213327,25.022153819456
新北市中和區中正路778號1樓,121.485297997242,25.000553990249
新北市板橋區府中路82號84號1樓,121.456356961958,25.009778987155
新北市永和區永元路28號30號,121.522238972374,25.000707001891
新北市永和區雙和里1鄰中和路417號419號,121.509165969449,25.000661991071
新北市汐止區龍安路32號,121.655000020589,25.064024988126
新北市汐止區福德一路452號1樓,121.625448028383,25.058992996374
新北市深坑區北深路三段198號200號1樓,121.601534961537,25.003787979951
新北市中和區自立路129號131號,121.522083990985,24.994083999188
新北市永和區民生路42號,121.522350032591,24.996798981445
新北市中和區自立路15巷13號15號1樓,121.522488856328,24.996190292717
新北市永和區得和路389號391號1樓,121.52524497431,24.999384002294
新北市汐止區明峰街120號1樓,121.630085986867,25.071108995504
新北市深坑區北深路二段57.59.61號,121.618804029012,25.003816017417
新北市汐止區福德一路98號100號(夾層)樓,121.63232001552,25.064078003664
新北市永和區竹林路211號,121.520766439624,25.008885015272
新北市中和區自立路187號189號1樓,121.524005961383,24.991398982234
新北市八里區龍米路二段46號48號50號,121.44838996299,25.140617017234
新北市土城區中央路一段88號1樓、裕民路10-1號.10號.8-1號.8號,121.446937965903,24.988881980529
新北市淡水區中山路66號1.2樓.66-1號1樓,121.443610015066,25.170592002184
新北市土城區中華路二段113號115號,121.439314960241,24.976966979437
新北市新莊區中港路527號1樓.中義街2號1樓,121.451706011524,25.051291997103
新北市新莊區思源路388.390號,121.460222025151,25.05207997982
新北市中和區壽德街22號1樓,121.466317009864,24.994557995812
新北市汐止區康寧街141巷49號51號1樓,121.621221286068,25.067965907542
新北市汐止區忠孝東路495號1樓,121.666249959574,25.074484010727
新北市樹林區忠孝街33號35號,121.423779018886,24.982115018639
新北市五股區成泰路二段84號1樓,121.437583594321,25.082407717166
新北市新莊區龍安路15號.龍安路69巷1號,121.415150017205,25.022538003988
新北市中和區橋和路9號1樓,121.490432918766,25.005594908728
新北市中和區景新街29號31號33號,121.509978008228,24.993233990387
新北市三峽區大學路156號1樓,121.373664960905,24.945315991037
新北市三峽區大學路13鄰147號1樓,121.377500687436,24.938679996384
新北市中和區立德街102號,121.487010000966,25.008356997281
新北市新店區中山路137號1樓,121.526413998346,24.981254993464
新北市鶯歌區德昌二街77號之1,121.333459821219,24.957843080609
新北市中和區橋和路99號1樓,121.490583960661,25.005636985882
新北市土城區中山路38號,121.425564699539,24.964222002292
新北市泰山區台麗街5號7號9號1樓,121.425565370091,25.037817291467
新北市八里區中山路二段409號411號,121.397759998868,25.146556014729
新北市中和區連城路469巷9號11號,121.483681463396,24.995518603826
新北市新莊區化成路305號1樓,121.46593898603,25.055420084417
新北市鶯歌區文化路407號411號,121.353220325593,24.949439510214
新北市中和區中正路710號1樓K棟,121.485861009679,24.996728992554
新北市汐止區大同路一段284號,121.634736266748,25.057477883556
新北市新店區安成街35號29號,121.509834929141,24.96107111916
新北市淡水區新春街142號1樓,121.441784017459,25.181465006984
新北市永和區仁愛路267號269號,121.506289826151,25.010034687294
新北市八里區中華路二段562號、560巷1號1樓,121.398341032396,25.1450989885
新北市板橋區雨農路50號1樓、英士路51巷1號1樓,121.460954016755,25.024505991034
新北市中和區福祥路156號158號,121.498618014855,25.007507994309
新北市新店區安和里安民街335號337號,121.517150989509,24.974795982696
新北市永和區保平路135號,121.510331975999,25.006112994163
新北市鶯歌區鶯桃路432號1樓,121.333043995003,24.964656017239
新北市新莊區新泰路472號1樓,121.443140963764,25.045278987403
新北市中和區中正路872號,121.484200219384,25.006345508157
新北市板橋區華江一路501號1.2樓.503號1.2樓,121.466208967132,25.032804997187
新北市三重區集美街107號,121.489462797292,25.052941681376
新北市汐止區宜興街6號8號1樓,121.622842010866,25.042337987126
新北市中和區中正路683號,121.48493983852,24.997753093484
新北市新店區寶橋路235巷5號1樓,121.55157202927,24.984656998415
新北市汐止區福德一路399號1樓,121.627455997107,25.060454004007
新北市新店區三民路35巷2號,121.537382975937,24.970568988924
新北市土城區中央路二段223-13.223-15號,121.44061792709,24.973032807453
新北市永和區國中路99號101號,121.524310978839,25.006088980011
新北市淡水區濱海路二段202巷69.71號1樓,121.434953671477,25.192513741191
新北市新店區安民街290號292號1樓,121.517715007773,24.973379985883
新北市樹林區文化街21號23號1樓,121.419453370115,24.987543390592
新北市永和區民有街9號11號1樓,121.516272985151,24.996940006966
新北市三重區正義南路133號135號,121.498729661805,25.057854189099
新北市永和區中正路702巷1號3號及中正路710號1樓,121.516276597049,25.010523323402
新北市三峽區大同路244號1樓,121.36609501269,24.925573004841
新北市新莊區昌隆街29、31號1樓,121.454727403016,25.050940110385
新北市鶯歌區建國路126號1樓,121.351965973783,24.954083000754
新北市中和區景平路71-5號,121.518837009333,24.991461008318
新北市中和區建康路270號,121.492997278223,25.000107318629
新北市中和區建六路62號,121.486197962186,25.001934992616
新北市永和區仁愛路128號130號1樓,121.511335373629,25.013138202491
新北市中和區板南路486號,121.488116998918,25.006536992735
新北市新莊區四維路23號1樓,121.424016226746,25.023855220072
新北市三重區中興北街42巷11號,121.469175993218,25.049391987291
新北市深坑區北深路三段263號,121.59891000092,25.004289008213
新北市三芝區中正路二段1號智成街79號,121.504723979861,25.255789018821
新北市樹林區佳園路一段52號1樓,121.392958006539,24.970622004462
新北市永和區林森路62號,121.52389800247,25.004242991565
新北市新莊區中正路514巷99號,121.430886034589,25.034448981767
新北市新店區寶橋路88號1樓,121.546584210147,24.97561020077
新北市板橋區漢生東路268號270號1樓,121.468396979137,25.012996003503
新北市新店區錦秀路13號15號1樓,121.479480034429,24.94480498831
新北市三重區三信路196號1樓,121.487115026213,25.085436014964
新北市鶯歌區鶯桃路二段48號1樓50號1樓,121.325363992399,24.972796982607
新北市淡水區新市一路一段99巷51.53號1樓,121.431145035397,25.188537992159
新北市三重區中正北路193巷21弄43號,121.478982987571,25.071108995504
新北市中和區連城路219巷6號8號,121.49474259329,24.996539828342
新北市板橋區龍翠里大同街52號,121.478928002286,25.027631015995
新北市淡水區新市一路一段108號1樓,121.431080494742,25.186426297383
新北市中和區圓通路280號282號,121.491645025784,24.990729016713
新北市鶯歌區中正一路131號133號1樓,121.352136964608,24.95613501638
新北市鶯歌區永和街115巷44.46號1樓,121.333210962514,24.969510019277
新北市鶯歌區中山路142號1F,121.349887010339,24.957140006571
新北市淡水區沙崙路24號1樓,121.421458321354,25.181224488272
新北市八里區中華路二段290號292號296號,121.404386982976,25.148937020055
新北市鶯歌區光明街128號130號1樓,121.345368996889,24.955940011403
新北市中和區福祥路68號70號,121.499362160219,25.005165587647
新北市中和區景新街373號373之1號,121.51228403743,24.990521019786
新北市五股區成泰路三段577巷24號,121.451553041791,25.103016009137
新北市板橋區縣民大道二段200巷1號3號1樓,121.470047040596,25.017537989196
新北市新店區安德街8號10號12號1樓,121.512138276134,24.962806005479
新北市新莊區中正路72號,121.458858038047,25.038107011951
新北市中和區華安街16巷1號,121.46614501321,24.998265688772
新北市永和區永平路314號316號1樓,121.507041240813,25.012703181716
新北市淡水區濱海路一段306巷60弄35.41號1樓,121.441849412721,25.191636876135
新北市汐止區仁愛路32號34號1樓,121.660297970129,25.062825998786
新北市中和區橋安街20號1樓,121.492372239704,25.005324298984
新北市淡水區新民街180巷18號20號1樓,121.437471025361,25.179108015811
新北市中和區員山路504號,121.479553962815,25.008095984817
新北市新莊區五工二路89號及91號1樓,121.459406130695,25.066538385612
新北市八里區龍米路一段113號,121.454903318631,25.122895369878
新北市中和區建八路174號1樓,121.490770960921,24.998473979066
新北市新店區安民街72號,121.516587977073,24.966663189682
新北市永和區中興街97號99號101號,121.51778197918,25.012119004974
新北市淡水區北新路141巷56.58號1樓,121.448409492824,25.179607619149
新北市永和區潭墘里安樂路138號140號,121.514234003385,25.000258989167
新北市蘆洲區光榮路63號65號67號,121.461135987873,25.088540001348
新北市新莊區中央路287號289號1樓,121.45247597315,25.058678004452
新北市汐止區忠孝東路282號,121.663760031417,25.068183711296
新北市板橋區中山路一段158巷4號6號1樓,121.46608960883,25.01170560951
新北市中和區宜安路118巷22號24號1樓,121.51094134036,24.99865720747
新北市新店區永業路6號6之1號8號,121.531648664517,24.952377493005
新北市五股區五股工業區五權路23號,121.45003298365,25.066818005902
新北市新莊區龍安路66號68號,121.415227968905,25.0214409805
新北市五股區五工路112號1樓,121.454932038418,25.066283994851
新北市三重區三和路二段6號之2,121.501357220812,25.06660870978
新北市林口區粉寮路1段62、64號1樓,121.397156924841,25.078991607496
新北市鶯歌區龍五路89號,121.333007366086,24.971575194491
新北市中和區中山路二段2巷45弄6號8號1樓,121.5021270148,25.006941000469
新北市中和區忠孝街37巷2號,121.511172010336,24.983690020155
新北市土城區忠承路103號1樓,121.438522786572,24.964784302267
新北市林口區文化二路一段24號26號,121.364925234283,25.067413707761
新北市淡水區大忠街83號,121.446085023436,25.177586993751
新北市五股區成泰路一段163號165號1樓,121.43506801754,25.074308996589
新北市新莊區中正路895號895號之1號,121.412410308333,25.022015601872
新北市汐止區伯爵街32號,121.639075997117,25.07836898094
新北市新店區安忠路69號1樓71巷1號1樓,121.511399495188,24.957364515847
新北市蘆洲區中華街39號、中華街35巷6號1樓,121.463231966581,25.081093979572
新北市板橋區新站路68號1樓,121.464698967275,25.015277012724
新北市淡水區中山北路一段257號1樓,121.444405960592,25.180671995124
新北市烏來區新烏路五段160號162號,121.547313016629,24.870093020084
新北市五股區成泰路二段81號,121.438034037798,25.083963985128
新北市淡水區水源街二段76號、76-1號,121.451376497074,25.174162446011
新北市新店區中正路542之5號1樓,121.533785882189,24.984545602922
新北市三芝區錫板里海尾14-35號1樓2樓3樓,121.486472,25.25202
新北市新店區民族路112號B1樓,121.537055997894,24.977066011623
新北市土城區中央路一段307.309號1樓,121.44399231367,24.983520118978
新北市汐止區湖前街37號1樓39號1樓,121.632160513721,25.069645893423
新北市板橋區民權路198、200號,121.459154900857,25.013831021023
新北市板橋區中山路二段137號1樓,121.475152038725,25.016681987334
新北市板橋區國光里6鄰國光路65號1樓,121.458990975031,25.018145006624
新北市新店區溪園路391之1號1樓,121.524030939454,24.979145310344
新北市板橋區自由路52號54號1樓,121.465852987704,25.02352300334
新北市板橋區大觀路二段37巷34號36號1樓,121.449455538896,25.001025545345
新北市鶯歌區大湖路374號,121.34601297851,24.973016001737
新北市板橋區中正路106號1樓,121.456783014097,25.015354000505
新北市三重區中華路2巷2號4號1樓,121.482981993576,25.060221992927
新北市鶯歌區建國路278號,121.347068008663,24.953494004418
新北市板橋區國光路184號186號1樓,121.460995004261,25.018253007447
新北市板橋區大同街29.31號1樓,121.477665017116,25.027279017971
新北市汐止區樟樹二路279號281號1樓,121.640971983616,25.069147001518
新北市板橋區吳鳳路23 及25 號1 樓,121.466922015635,25.031225008439
新北市石碇區隆盛里碇坪路一段2號,121.662416323988,24.989957890113
新北市板橋區光正街12號1樓,121.46303205819,25.017170694199
新北市泰山區明志路二段74號76號,121.428791564623,25.05249119599
新北市樹林區俊英街156號,121.426922986948,25.006492987744
新北市三重區正義南路67號69號1樓,121.498233034042,25.060176982107
新北市三重區正義北路131.133號,121.496855971169,25.066259980698
新北市板橋區合宜路173號1樓,121.447330825705,24.998850410338
新北市中和區仁愛街45號47號1樓,121.511238981742,24.988304006396
新北市板橋區三民路二段145號145-1號153巷1號,121.479434017781,25.015040014412
新北市板橋區大智街93號.大仁街101號,121.45290101946,25.015714003246
新北市三重區大智街195號,121.48934695939,25.07345798196
新北市板橋區國光路1號3號1樓,121.456667008557,25.01754800557
新北市淡水區北新路184巷57號59號1樓,121.451059012418,25.177801989567
新北市板橋區永豐街87號1樓,121.47835507412,25.021285544069
新北市三重區力行路二段158號160號,121.482675970291,25.076429995278
新北市泰山區全興路109號,121.433876027089,25.056818018228
新北市三重區中華路113號115號,121.483720020151,25.063491018984
新北市板橋區民生路三段40號42號1樓,121.467478993101,25.024923284084
新北市板橋區莊敬路60號,121.4725900262,25.026711018303
新北市板橋區大觀路二段55號57號1樓,121.44686202586,25.002778002528
新北市中和區立德街103號,121.486061588622,25.008519103289
新北市三芝區中正路一段61號63號1樓,121.503449008569,25.257872005579
新北市淡水區新市一路三段18號1樓,121.445368035438,25.182802004359
新北市三重區重安街60號及60-1號,121.491069524312,25.05742729877
新北市蘆洲區成功里長安街276號,121.457374525004,25.08711319188
新北市新莊區新泰路330號,121.444975175636,25.04204679981
新北市三重區仁德里正義南路13號15號1樓,121.497949474257,25.061726502637
新北市淡水區濱海路一段430號432號,121.438377863466,25.189885886009
新北市板橋區中山路二段170號,121.47710971603,25.017190810767
新北市淡水區民生路126號128號1樓2樓,121.463935962629,25.138211997756
新北市淡水區北新路184巷238號240號及242號1樓,121.451837691223,25.177077415947
新北市淡水區民權路109號111號1樓,121.460224958817,25.137495009758
新北市淡水區義山路二段237號,121.438587997779,25.195651000922
新北市三重區三和路四段97號.97之1.97之2號1樓,121.487658173539,25.076296806837
新北市淡水區淡金路36號、36-1號1樓,121.456719356512,25.160659108071
新北市三重區五華街52.54號1樓,121.494243080492,25.081144983452
新北市淡水區學府路136巷36號、38號1樓,121.4519616832,25.172624255905
新北市三重區安和路36、38號,121.500894671466,25.069189250379
新北市三重區忠孝路二段63號,121.484911004773,25.070654989719
新北市蘆洲區三民路6號8號,121.475259540733,25.083893014629
新北市新店區民族路239號241號1樓,121.536665987939,24.975479987904
新北市泰山區明志路三段202號,121.423739959217,25.038599993586
新北市淡水區民族路58號1樓2樓,121.461877031933,25.135860999644
新北市淡水區淡金路四段532號、534號1樓,121.451992002061,25.226647991327
新北市淡水區中正東路一段三巷12號1樓,121.451308960771,25.165015019088
新北市淡水區竹圍里民族路10號,121.460530982102,25.13672098291
新北市三重區大智街139號139之2號1樓,121.490776995891,25.071000994682
新北市淡水區淡海路178號1樓,121.420593979499,25.18411599341
新北市淡水區新春街87號,121.438916987478,25.182649998545
新北市新莊區後港一路29號,121.425152980455,25.026169002534
新北市泰山區新北大道六段468號470號,121.421827963284,25.032830017168
新北市新莊區中正路708-2號,121.416675020669,25.024928019859
新北市蘆洲區復興路322號,121.481878013109,25.090263991193
新北市板橋區縣民大道三段270巷2-6號,121.478185030389,25.023295015573
新北市新莊區福營里建國一路50號52號,121.433966803101,25.031222619597
新北市板橋區長江路一段110.112號1樓,121.459752973849,25.029607007759
新北市泰山區福興一街87號,121.432150025588,25.057661992059
新北市泰山區明志路二段1號,121.430297960262,25.053791019625
新北市中和區錦和路402號404號1樓,121.490931977281,24.989801014303
新北市中和區景安路211號213號1樓,121.504509989873,24.991591011636
新北市泰山區山腳里泰林路二段515號517號,121.424187971942,25.063695998426
新北市五股區成泰路一段239-9號1.2樓,121.436693520023,25.080737706777
新北市新莊區民安東路132號1樓,121.431045039292,25.020456986977
新北市新莊區新豐街46號.48號1樓,121.447667694393,25.034077118632
新北市三重區中正南路125、127號1樓,121.493976161932,25.057286796
新北市三重區福德南路38號1樓,121.502993033036,25.062684009346
新北市樹林區東榮街91巷2弄2、4號1樓,121.416079840998,24.98240931949
新北市新莊區成功街1號,121.426033667021,25.021947918004
新北市新莊區後港一路114號,121.428672960693,25.026972994687
新北市三重區中正北路18之2號之3號之4號1樓,121.488600970008,25.063153018739
新北市新莊區中和街174號176號1樓,121.4474298998,25.049294715305
新北市三重區正義北路8號1樓,121.497227960032,25.064995989699
新北市新莊區福壽街101號1樓,121.457977267661,25.050647386839
新北市板橋區南門街39號1F,121.457362035968,25.008698015012
新北市五股區新五路二段281號1樓及夾層,121.442794315791,25.085804397983
新北市泰山區仁愛路66號,121.432272066098,25.054853090576
新北市新莊區新莊路437號1樓,121.450064331968,25.033565403444
新北市新莊區後港一路76巷14弄1號1樓,121.427276787081,25.025542916276
新北市瑞芳區三爪子坑路64之39號64之40號1樓,121.808747761794,25.105341693901
新北市新莊區豐年街50巷1號1樓、豐年街54號1樓,121.445944955203,25.031910885823
新北市五股區水碓路14號1樓、16巷2號1樓,121.434104014856,25.073196005576
新北市五股區登林路76之3號,121.429321971456,25.070405711918
新北市新店區安和路二段89號91號,121.518464936651,24.96916179311
新北市瑞芳區明燈路三段86號1樓2樓,121.805692977181,25.108468018057
新北市中和區景平路240巷1弄4號,121.515352987459,24.993203983173
新北市三重區仁愛街274號,121.492680023188,25.078643991183
新北市新店區民權路68號,121.5382830247,24.983201019924
新北市淡水區中正東路3號,121.445484040978,25.168709007636
新北市新莊區昌平街61號63號1樓,121.454639007083,25.05319498249
新北市新莊區中平路439號B1樓,121.444002791049,25.056016414918
新北市中和區連城路89巷3之1號5之1號1樓,121.496962164178,24.999453063973
新北市林口區仁愛路二段196號1樓,121.379993213983,25.07386831803
新北市泰山區明志路二段366號368號1樓,121.425574003451,25.045039013515
新北市三重區大同南路220號,121.496983040821,25.056362000786
新北市三峽區中華路38之1號38之2號1樓,121.373145031451,24.931807003418
新北市新莊區化成路118號120號,121.465470018548,25.044544984142
新北市新莊區中港路390號,121.452435991472,25.049353011441
新北市新店區中正路508號1樓,121.533973972096,24.983058988574
新北市樹林區復興路369.371號1樓,121.417081962068,24.987033980427
新北市新店區安民街133巷9號11號,121.516075926608,24.969150309902
新北市中和區中山路二段269號1樓2樓,121.496896958676,25.002100996208
新北市板橋區莒光路221號223號,121.474279985518,25.022615997597
新北市土城區青雲路499號501號,121.458847476849,24.973375501564
新北市新莊區中央路686號1樓,121.446092986244,25.057645982624
新北市五股區成泰路四段12號1樓,121.453270996666,25.106440016584
新北市土城區中山路3號B1樓,121.412736196729,24.961211893224
新北市新店區玫瑰路58巷4號地下室,121.495253016006,24.946739992568
新北市三重區仁興街39巷14之6.14之7.14之8號,121.49949191208,25.075999081636
新北市新店區安康路三段41號1樓,121.483575767597,24.94943121213
新北市林口區文化三路二段20號1樓,121.373643000319,25.078844402488
新北市三重區五華街181號185號1樓,121.490162267112,25.085288912563
新北市新莊區思源路593巷6弄23號1+2樓,121.457839972087,25.0599342841
新北市林口區忠孝路642號,121.37888026488,25.068321803151
新北市汐止區福德一路161號163號1樓,121.636377024295,25.066338016217
新北市深坑區埔新街63號65號1樓,121.620184277007,25.002374581528
新北市萬里區忠六街2號3號1樓,121.684869016374,25.176641012159
新北市新店區央北二路61、63、65號,121.525503091735,24.98047634853
新北市永和區保安里保生路1號1樓,121.506477976919,25.007090994626
新北市新店區北新路二段152巷2號,121.54325801951,24.975355013728
新北市中和區中和路380號,121.510818964574,25.002052003984
新北市中和區成功路115號117號,121.526010325889,24.991052516266
新北市新店區安祥路101號103之1號1樓,121.479484979752,24.962067014986
新北市新店區中興路三段70號,121.546363430818,24.97774930437
新北市新店區安康路三段96號,121.491661035219,24.952037984017
新北市永和區成功路一段85號1樓,121.527034762095,25.002982479056
新北市新店區環河路16號1樓,121.537274933205,24.961673484632
新北市瑞芳區大埔路138號,121.761840033234,25.100830008788
新北市新店區北宜路二段82-2號82-3號1樓,121.553755012133,24.953322007765
新北市汐止區新台五路一段75號1樓之2,121.645768276251,25.060902016731
新北市新莊區建中街6號8號,121.447707597524,25.03699179461
新北市新店區中正路306號308號1樓,121.537461011455,24.974668996862
新北市中和區工專路110號112號1樓112號2樓,121.507769963475,24.979924994977
新北市中和區景新街383巷66號68號1樓,121.514596017783,24.990276980675
新北市新莊區豐年街55號之8、55之9號,121.446531024504,25.03149498954
新北市土城區民生街4號1樓,121.414613994497,24.960690999851
新北市汐止區水源路一段272號274號一樓,121.654094020675,25.058613002793
新北市泰山區明志路三段165號1樓2樓、167號1樓,121.424721982994,25.039412996284
新北市樹林區太順街49巷2號,121.417885618945,24.979136383617
新北市新莊區福壽街140號,121.457896969029,25.051792983455
新北市樹林區中正路438號.440號,121.413454022917,25.011872996116
新北市三重區仁愛街32號之1,121.496298993703,25.071794006541
新北市汐止區大同路一段369號1樓,121.640754976143,25.060921001742
新北市三重區雙園街57巷2.4號,121.494694026883,25.067583986124
新北市永和區永和路一段143之1號145號1至2樓,121.514009033103,25.008991004438
新北市中和區新生街243號245號1樓,121.483969968503,24.998798987362
新北市新店區光明街38號,121.538446974726,24.959177814871
新北市林口區文化三路二段302號1樓,121.37778600742,25.084188997319
新北市貢寮區福隆里興隆街24之1號1樓,121.944638025921,25.016772008974
新北市汐止區樟樹一路256號258號1樓,121.642602012326,25.067309981709
新北市汐止區建成路57巷1號3號,121.661838983028,25.072287994005
新北市林口區林口路197號,121.387488982355,25.082496020516
新北市汐止區新興路83-2號,121.657739980918,25.061881986941
新北市林口區中華路511號1樓,121.483824039569,25.062176988023
新北市林口區仁愛路二段634號636號1樓,121.371171596167,25.079566880632
新北市汐止區長江街13巷1號,121.654704474683,25.071329984381
新北市瑞芳區民生街23號1樓,121.806179965756,25.107349997902
新北市林口區工六路76號,121.400168035831,25.077255989927
新北市三重區文化南路7號,121.499937996967,25.062276020209
新北市三重區自強路三段30號32號,121.486818474478,25.072467911557
新北市三峽區光明路62號1樓、永安街83號1樓,121.375011010736,24.929064989523
新北市三峽區中山路9號1.2樓,121.366319982971,24.935287001978
新北市三峽區民生街1巷1-17號1樓、1-18號1樓、1-19號1樓2樓,121.377757676587,24.935875914495
新北市三峽區學成路333號1樓,121.3768579631,24.944970991903
新北市三峽區國學街13號,121.372903967916,24.942161797053
新北市三峽區大學路151號,121.373161040886,24.945132008263
新北市三峽區中華路59號61號1樓,121.372418990998,24.930489996881
新北市中和區莒光路138號1樓,121.47237100707,25.001261003782
新北市土城區亞洲路110號112號1樓,121.43413133986,24.972258906333
新北市土城區青雲路152號,121.45899198086,24.983346990768
新北市土城區中央路一段320號322號,121.443143813612,24.981656779992
新北市土城區延吉街261號,121.46728604169,24.984689017285
新北市土城區裕民路92巷22弄2號1樓,121.449597962876,24.986369002138
新北市土城區承天路1號,121.435949039383,24.966392999034
新北市土城區峯廷街3、5號1樓,121.469089756231,24.987197185545
新北市土城區學府路二段265號、學海街307號,121.44504135276,24.977500455564
新北市土城區學士路15巷2號17號1樓,121.453970298848,24.98333550756
新北市樹林區大有路65號1樓,121.383700026844,24.948264996031
新北市土城區中央路三段42-1號1樓,121.437196266575,24.967830998342
新北市土城區學府路一段118號,121.455449034206,24.987703987857
新北市土城區延吉街194號,121.467880989177,24.985216993366
新北市土城區金城路一段131號1樓,121.444828995245,24.973959007754
新北市土城區中央路四段281之8號281之9號,121.41249546847,24.953671700765
新北市土城區裕民路57號及55巷2號,121.449224968184,24.988060009195
新北市板橋區文化路一段270巷3弄2號、4號1樓,121.467715670506,25.020871716257
新北市土城區承天路10號、10-1號1樓,121.436961797169,24.965279945321
新北市板橋區漢生東路181號183號1樓,121.469690725892,25.011949480982
新北市板橋區三民路二段202之20、202之21號1樓,121.478828006181,25.013192014309
新北市板橋區縣民大道二段108號1樓,121.467193002564,25.015386983294
新北市中和區員山路419號421號1樓,121.480945023466,25.003313019408
新北市板橋區長安街202.204號,121.474463968293,25.011681008624
新北市板橋區民治街111號,121.478618039507,25.031068979311
新北市板橋區華東街270號1樓,121.452846034175,25.0018679793
新北市板橋區區運路78號80號1樓,121.46653804065,25.010174990171
新北市板橋區三民路二段35巷11號1樓,121.480152011607,25.017850005542
新北市板橋區漢生東路310號,121.471326370477,25.008678694725
新北市板橋區華江里民生路二段226巷46號1樓,121.471632980496,25.022227999299
新北市板橋區四川路二段47巷3弄8號及8之1號,121.454442032359,24.994634019674
新北市中和區國光街215巷8弄1號3號5號(1樓),121.466368977663,25.001206982416
新北市板橋區南雅南路二段144巷14號1樓,121.45083203048,24.995902997905
新北市中和區德光路90號92號1樓,121.468824959113,25.003658982461
新北市中和區中山路三段29號31號1樓,121.479205024186,25.005785010292
新北市中和區中正路837號,121.484599030337,25.002350986471
新北市板橋區和平路29號,121.459831009367,24.99556499766
新北市中和區民德路126號126之1號,121.46874901907,25.001126013231
新北市板橋區文化路一段135號,121.461985996674,25.015259997461
新北市板橋區長江路一段419號421號423號,121.463139262732,25.031078995686
新北市林口區忠孝路128號130號,121.366346972699,25.073865007178
新北市板橋區宏國路109.111號,121.470288020312,25.032198985588
新北市新店區寶橋路69號1樓,121.545419879977,24.975182220794
新北市新莊區中港一街10號10-1號,121.451642979612,25.045826996232
新北市新莊區復興路一段213號,121.4524629812,25.043861984761
新北市板橋區金門街175號,121.432546992522,24.990049998737
新北市新莊區建安街95號97號1樓,121.426946959191,25.024273016036
新北市板橋區大觀路三段212巷70號72號1樓,121.430163011621,24.993210018144
新北市新莊區裕民街102.104號,121.418242268925,25.023335206799
新北市樹林區太元街31號33號1樓,121.418410996636,24.979797003316
新北市樹林區保安街二段357號,121.41245297222,25.009955007122
新北市樹林區千歲街61巷44號1.2樓和46號,121.425551037037,24.998738009016
新北市樹林區三福街68號,121.404908002077,25.016306980986
新北市樹林區中山路一段86號,121.422568001516,24.990585015617
新北市樹林區大同里中華路120號,121.417773720537,24.980580292167
新北市三重區仁愛街479號479之1號,121.489090976067,25.082177005281
新北市蘆洲區仁愛街58號60號1樓,121.471627029344,25.093793987806
新北市三重區力行路一段184號186號1樓,121.481838031431,25.071614005171
新北市三重區永安北路二段15號,121.482130978947,25.08159098452
新北市三重區溪尾街321號323號1樓,121.487971991993,25.08433697982
新北市蘆洲區中正路185巷50號52號1樓,121.467060987589,25.084840019739
新北市蘆洲區民族路387.389號1樓,121.469500037594,25.090147985653
新北市三重區三和路四段390巷2號,121.481926963423,25.078869003374
新北市蘆洲區長安街25.27號1樓,121.463901010092,25.07914200196
新北市八里區中山路一段143.145號1樓,121.41309100269,25.158998991902
新北市蘆洲區光華路22巷1號,121.469383026226,25.083532987667
新北市三重區仁華街80巷27號1樓,121.484415885752,25.083970020099
新北市蘆洲區民義街1.3.5號,121.471083965838,25.088527009398
新北市八里區商港三路99、101號,121.401908035112,25.153172018543
新北市蘆洲區永平街32巷12弄1號,121.459248970011,25.091505015777
新北市蘆洲區集賢路224巷60號62號,121.480964972396,25.088002008893
新北市三重區仁義街232號,121.494450029682,25.08506499002
新北市三重區仁愛街687、689號1樓,121.483361288571,25.080967688886
新北市新莊區中和街191巷1號3號5號,121.447486980561,25.051142002945
新北市中和區景安路100號1樓102號1樓104號1樓,121.505414983959,24.99562300043
新北市中和區建康路101號,121.488376083546,25.000401984435
新北市中和區建一路182號1樓,121.487804186292,24.997048594522
新北市板橋區溪崑二街108.110號1樓,121.426474974224,24.988701979159
新北市永和區文化路7號,121.51539699245,25.014899994719
新北市新莊區中正路651號之8號,121.429819185953,25.031007581871
新北市新莊區中正路510號,121.434193030668,25.032931019102
新北市三重區仁義街106、108、110號,121.497678740018,25.079828503001
新北市板橋區光環路二段68號70號1樓,121.481711967607,25.014752012219
新北市三重區龍濱路207號209號,121.501942696749,25.071751007378
新北市淡水區中正東路一段113號115號115-1號,121.454243967987,25.159886006806
新北市新店區中華路20號1樓,121.540498026433,24.967703006681
新北市三重區溪尾街189號191號,121.488689482905,25.080600788389
新北市新莊區建中街91號93號1樓,121.446676031429,25.036414999066
新北市中和區中山路二段317號之1,121.493778890694,25.001993582119
新北市新店區中興路一段289號,121.545445025687,24.968827019897
新北市泰山區貴鳳街2號,121.421259167335,25.031385689523
新北市鶯歌區鶯桃路二段7號1樓,121.325973021484,24.971931006281
新北市鶯歌區鳳鳴路541號543號1樓,121.331225708747,24.972876610687
新北市鶯歌區國際二路6巷3號5號1樓,121.338389972848,24.973745017766
新北市中和區泰和街25號1樓,121.499528960092,25.000002000015
新北市永和區中和路339號1樓,121.507639038147,24.999775981996
新北市中和區永和路56號58號1樓,121.499168035341,25.004242991565
新北市中和區興南路二段49號51號1樓,121.507281969072,24.985291005571
新北市中和區景平路679號681號,121.496502003398,25.0028989953
新北市中和區南山路127巷18弄42號1樓,121.503489996075,24.99656399479
新北市中和區建八路16號1樓,121.491150074402,24.998960800003
新北市中和區景平路429號1樓2樓,121.501422012924,24.995318988802
新北市永和區環河西路二段231號233號1樓,121.500966959401,25.009943984919
新北市中和區圓通路301號1樓(雙和醫院第三醫大樓),121.493487392349,24.990887728178
新北市中和區華新街109巷1之2號1樓,121.508982070493,24.982536418821
新北市中和區南山路41號43號1樓及南山路37巷2號1樓,121.502134977608,24.998654986265
新北市中和區景平路756號756之1號758號758之1號,121.496456992578,25.004844979851
新北市中和區景安路210號1樓,121.503871959403,24.99085998395
新北市中和區華新街156號,121.507556979315,24.982467016663
新北市中和區景新街436號,121.513052993227,24.988297007507
新北市中和區連城路347巷2號1樓,121.48856098833,24.995298997963
新北市中和區中和路257號1樓,121.505120024786,24.999891987536
新北市中和區中山路二段62號,121.503902972445,25.00482000178
新北市中和區安平路61號,121.509889914426,24.995446100363
新北市板橋區實踐路34號34-1號1樓,121.463538995694,25.007084792018
新北市新店區北宜路二段269號271號,121.554949070634,24.953640394608
新北市永和區竹林路39巷21之1號1樓,121.518836590237,25.014839100193
新北市樹林區中洲街51巷1號,121.396663562114,24.970956987222
新北市中和區中和路52號1.2樓,121.50052900496,25.000899995212
新北市三峽區介壽路一段27號,121.375625990972,24.933259000505
新北市板橋區瑞安街75號,121.455633016981,25.021263996615
新北市淡水區水源街二段104號,121.452260474419,25.174451994325
新北市板橋區四維路139號,121.46494698779,25.025452014536
新北市中和區景平路513號連勝街1號,121.499370039208,24.998663996811
新北市淡水區新民街102號104號,121.438197987824,25.177172005725
新北市汐止區大同路一段237之7號1樓,121.634894265623,25.058004811899
新北市中和區建一路148號1樓,121.487965035014,24.99887098791
新北市中和區員山路118號120號1樓,121.481235959326,24.995859998742
新北市板橋區民生路二段237號1樓,121.46839496748,25.021675003237
新北市新店區寶中路88號1樓,121.548627969599,24.980360015752
新北市汐止區新台五路一段149號1樓,121.653421037669,25.062386996607
新北市三重區重陽路一段132號134號1樓,121.486583026818,25.060553916293
新北市林口區仁愛路一段252號、中正路57巷12弄36號地下層,121.394549981409,25.076091995033
新北市樹林區俊英街252號1樓,121.424588040181,25.010978982323
新北市新莊區中原里中榮街25鄰90號92號1樓,121.450473704119,25.052673292836
新北市泰山區全興路165號,121.434208537188,25.056120015241
新北市汐止區仁愛路178號180號1樓,121.664739037708,25.065612017673
新北市淡水區水源街一段75-2號1樓,121.444820026609,25.172372988971
新北市汐止區茄苳路196號,121.670198171246,25.069048597975
新北市永和區保安路134號136號,121.508745281728,25.015243107926
新北市永和區中正路167號,121.516489992624,24.998610981274
新北市永和區中正路559號561號1樓,121.516741365901,25.008458208762
新北市永和區福和路76巷2號4號1樓,121.52315695841,25.008257001177
新北市中和區廣福路50號1樓52號1樓,121.503926022679,25.002140013968
新北市永和區成功路二段147號149號1樓,121.526769977774,24.997669986914
新北市永和區永元里永元路93號1樓,121.522320025378,25.001692001243
新北市中和區捷運路69號71號1樓,121.508680992531,24.989815012081
新北市林口區仁愛路二段510號1樓,121.374105932831,25.077426896932
208台灣新北市金山區中山路252號,121.635680991055,25.224014984082
207新北市萬里區大鵬里頂社1號,121.6780014,25.1919422
251台灣新北市淡水區英專路151號,121.446856996718,25.17301198336
251006台灣新北市淡水區清水街9-5號一樓,121.44460603662,25.170278016091
251台灣新北市淡水區新市五路三段312號,121.437521154762,25.197772074238
252台灣新北市三芝區淡金路一段73號号,121.501797581071,25.258746485096
251台灣新北市淡水區淡金路一段166號,121.454250002957,25.179856980769
251新北市淡水區水源街二段86號,121.451659994876,25.174210008781
251台灣新北市淡水區英專路151號,121.446856996718,25.17301198336
"251台灣新北市淡水區中正東路二段27號, 2樓",121.459583994681,25.157012983764
251台灣新北市淡水區中正東路二段69號號1樓,121.459579971367,25.154576993154
新北市淡水區水源一街124號1樓,121.4404435,25.1694686
253台灣新北市石門區中央路24號,121.568049593627,25.292075283496
新北市淡水區新春街184號,121.443492584603,25.1808766812
新北市淡水區民生路58號,121.462109378289,25.13788870775
新北市石碇區文山路一段6號,121.645396371207,25.008921895646
新北市汐止區建成路59巷9號.15號,121.66181802827,25.073069019743
221台灣新北市汐止區福德一路109號,121.637861962262,25.067956980815
新北市汐止區福德二路81-1號,121.633951217697,25.065871689034
221台灣新北市汐止區大同路三段269號,121.673771963303,25.075769920403
新北市汐止區新台五路一段93號地下一層之2,121.647975063719,25.061466998915
新北市汐止區中興路158號,121.632291014135,25.065094016057
新北市汐止區康寧街169巷23號1樓,121.622717120509,25.068212293586
221台灣新北市汐止區康寧街459巷１０號１樓,121.631165995091,25.06930701205
221台灣新北市汐止區莊敬街139號,121.654450000103,25.060630987892
221台灣新北市汐止區建成路59巷2號,121.661084527923,25.072872296475
221台灣新北市汐止區大同路二段184巷11號,121.653714991013,25.063647006202
新北市汐止區大同路二段200號,121.65322791862,25.064726595331
新北市汐止區南陽街185號,121.625625640911,25.05864011825
221台灣新北市汐止區忠孝東路228號,121.662391769543,25.066770815787
新北市汐止區新台五路一段82號部份,121.647260338835,25.060304387035
新北市汐止區新台五路一段97號地下一層之6,121.648092326544,25.061621100205
新北市永和區大新街3號1樓,121.515236981919,25.008607993372
新北市中和區南華路67號壹樓,121.5046686593,24.997403610031
新北市永和區竹林路213巷44號1樓,121.523216972837,25.009080020249
234台灣新北市永和區福和路173號,121.520079039745,25.007504012905
"新北市永和區成功路一段137,139號",121.526999977197,25.001539995429
新北市中和區員山路504之1號1樓,121.479553962815,25.008095984817
234台灣新北市永和區永平路232號,121.508892970862,25.010949980938
234台灣新北市永和區民權路53號1 樓,121.520002177693,24.996674887369
234台灣新北市永和區永和路一段93號,121.513433028717,25.007627981253
新北市永和區福和路320號1樓,121.515740985757,25.007435993761
234台灣新北市永和區中正路278號1,121.516983016169,24.998797017615
"新北市永和區文化路18,20,22號1樓",121.515357010772,25.015209999408
235台灣新北市中和區中山路二段132號1,121.502335975646,25.003466994969
新北市中和區景新街212號1樓,121.507021962435,24.995151015462
"235008台灣新北市中和區大勇街20號, 1樓",121.517263977564,24.992875999302
新北市中和區景平路182號1樓,121.516453196069,24.992377192244
新北市中和區復興路267號,121.502658008366,24.990192994005
新北市中和區景德街124號1樓,121.514600963106,24.991126989476
新北市中和區景平路71—2號,121.51912624479,24.991442960442
新北市中和區圓通路307之5號,121.493293997596,24.990745990067
235台灣新北市中和區景平路258號1 樓,121.514908411314,24.992549985178
235台灣新北市中和區華新街109巷1號,121.508982070493,24.982536418821
新北市中和區國光街104號1樓,121.470238986178,25.000549003016
新北市中和區中原街126號1樓,121.485804096556,25.011120887944
235011台灣新北市中和區中山路三段172號1樓,121.472821785823,25.006503381304
新北市中和區莒光路131號,121.472666972071,25.001753985417
新北市中和區錦和路95號1樓,121.490161009827,24.995625012087
新北市中和區連城路469巷23號1樓,121.483665789237,24.995021389329
235台灣新北市中和區景平路517號,121.499095028964,24.998868012335
235001台灣新北市中和區華順街59號1樓,121.466417005968,24.998455999884
新北市中和區建一路141號,121.488287989743,25.000854020473
235001台灣新北市中和區壽德街26號1樓,121.466470985425,24.994341994167
235台灣新北市中和區連勝街59號,121.497659795684,24.997074494603
新北市三重區重陽路二段30號1樓,121.486848900787,25.062871219154
241台灣新北市三重區興德路123號,121.470755311414,25.053129016912
新北市三重區永發里力行路二段2號一樓,121.482001981457,25.072613002301
241台灣新北市三重區福德南路10號1,121.502762614518,25.063466208551
新北市三重區重新路三段176號1樓,121.490740031698,25.059003012748
241台灣新北市三重區大同北路6號1,121.495263996299,25.063380000677
新北市三重區永福街126號1樓,121.479419014174,25.0750300079
241台灣新北市三重區重新路四段89號,121.486119004658,25.055574981987
241台灣新北市三重區重陽路一段79號1,121.486877818353,25.058927701348
新北市三重區集美街116號1樓,121.488757963054,25.053875006295
新北市蘆洲區長安街168號1樓,121.459278977224,25.083145995197
新北市蘆洲區集賢路269巷10號1樓,121.481624963452,25.083537010981
新北市蘆洲區長安街71號1樓,121.462693010207,25.079936983567
"24103-6台灣新北市三重區溪尾街160號, 1樓",121.488796184533,25.080175406803
新北市三重區自強路三段15號1樓,121.487232037581,25.072171988465
"247018台灣新北市蘆洲區中興街60號, 1樓",121.481925287043,25.087544608436
新北市蘆洲區民族路251號1樓,121.476884997206,25.09022099203
新北市蘆洲區中原路3號1樓,121.460093027661,25.082627993581
241台灣新北市三重區集勇街19號,121.484873034751,25.085286020807
247台灣新北市蘆洲區中央路56號,121.473400975332,25.083660979329
24103-6台灣新北市三重區三和路三段186號1樓,121.492077029074,25.073423993342
新北市八里區訊塘路62號1樓,121.397799980546,25.145771007587
新北市五股區西雲路2號1樓,121.442921022625,25.090338003398
24805台灣新北市五股區成泰路四段16號1樓,121.453412986106,25.106643990198
新北市五股區成泰路三段577巷138號1樓,121.448003138158,25.104086713448
新北市蘆洲區長安街248號,121.457646014848,25.086316994897
248台灣新北市五股區成泰路一段235號,121.436091699375,25.079758281391
247台灣新北市蘆洲區民族路422巷82弄14號,121.473901374952,25.093770602296
"新北市蘆洲區民族路178號,180號一樓",121.479935004134,25.086760984308
247台灣新北市蘆洲區民族路424號,121.473996090458,25.091805590825
新北市蘆洲區民義街22巷18號,121.471743034884,25.088064998895
247台灣新北市蘆洲區民族路500號1,121.469615037306,25.090494996445
新北市蘆洲區民族路448號,121.472479971811,25.092056000182
新北市蘆洲區民權路35號1樓,121.47581898676,25.086518998764
243台灣新北市泰山區南林路98號8,121.413868005115,25.048950009536
243台灣新北市泰山區南林路98號二 6,121.413868005115,25.048950009536
新北市林口區文化三路一段35號1樓,121.360954978206,25.066707993423
新北市林口區湖南里信義路289號,121.375356680423,25.082012217064
新北市林口區麗園一街4巷1號1之4,121.37662145212,25.070732461947
新北市林口區林口路１２６號１Ｆ,121.388482992253,25.08176499283
243台灣新北市泰山區明志路三段170號,121.424196018569,25.039173986315
"243301台灣新北市泰山區仁愛路108號, 1樓",121.433420973566,25.055473980054
243301台灣新北市泰山區明志路一段374號1樓,121.430677073743,25.057787888245
243台灣新北市泰山區明志路二段53號1,121.429368993933,25.052669981985
新北市泰山區貴子路69號B1,121.430353292579,25.039728048116
新北市林口區中山路522號1樓,121.378725702585,25.083612280471
新北市林口區中正路51號1樓,121.382969041068,25.077424005176
244台灣新北市林口區仁愛路一段292號,121.392641002961,25.076270990575
新北市林口區文化一路一段166-1號,121.376467827857,25.073391143679
242台灣新北市新莊區思源路127號,121.459622635254,25.043241095284
"24203-2台灣新北市新莊區昌盛街67號, 一樓",121.45493798957,25.050039992225
"24203-2台灣新北市新莊區五工二路81號, 一樓",121.45982556113,25.06620960546
"24203-2台灣新北市新莊區中原東路56號, 1樓",121.463947026741,25.054603016495
242台灣新北市新莊區中華路一段182-1號1,121.452995986423,25.042143987977
242台灣新北市新莊區思源路597號1,121.459580558101,25.059867103146
242台灣新北市新莊區福壽街38號1f,121.458277339795,25.048422201093
242台灣新北市新莊區中華路二段5號,121.453493200919,25.045241017381
242台灣新北市新莊區福壽街132號1,121.457755985417,25.051672996512
新北市新莊區中平路377巷2號1樓,121.443660809399,25.052497105232
242台灣新北市新莊區化成路738號,121.465652995494,25.057438279063
242台灣新北市新莊區中平路66號,121.444911976086,25.044460997472
220台灣新北市板橋區中山路二段25號5,121.472509979025,25.015400981072
新北市板橋區長江路二段120號1樓,121.465549981904,25.031529020067
新北市板橋區松江街25號1樓,121.468683640225,25.026731805423
新北市板橋區三民路一段31巷89弄3號,121.481767036711,25.023314000584
"新北市板橋區雙十路二段6—8號,6—9號,6—10",121.477002595308,25.025981708908
220台灣新北市板橋區三民路一段94號,121.479226398039,25.02165308456
新北市板橋區懷德街127巷1號及3號1F,121.478881985638,25.030989015955
新北市板橋區松柏街13號,121.474217037425,25.029750003028
"220台灣新北市板橋區三民路二段140號, １樓",121.479069435986,25.015825748091
"220台灣新北市板橋區三民路二段21巷6號, 1樓",121.479752027187,25.01808997943
220台灣新北市板橋區府中路29號,121.45875996978,25.008633013353
"22003-6台灣新北市板橋區國泰街37號, 1樓",121.468494963585,25.006575004666
220台灣新北市板橋區文化路一段280號,121.467187973423,25.021160019106
220046台灣新北市板橋區四川路二段245巷7號1樓,121.452722987837,24.992074982725
220台灣新北市板橋區縣民大道二段22號b1,121.464426039412,25.013597026397
220台灣新北市板橋區民生路一段33-4號1,121.475938931795,25.012017500127
220台灣新北市板橋區民生路二段16號1,121.473282958136,25.01654301538
220台灣新北市板橋區中山路一段160號,121.466607023713,25.012081998872
220台灣新北市板橋區縣民大道二段7號,121.464032019239,25.013858920435
220台灣新北市板橋區中正路216巷21號1,121.456651669674,25.018633084846
220台灣新北市板橋區縣民大道二段7號,121.464032019239,25.013858920435
22041台灣新北市板橋區縣民大道二段7號捷運板橋站3A出口星巴克旁號B1,121.464032019239,25.013858920435
220台灣新北市板橋區龍泉街126號,121.457139999353,25.024048003845
新北市板橋區中正路一巷14號1樓,121.455234960399,25.011706992524
220台灣新北市板橋區中正路325巷25號號1樓,121.454085969112,25.019609995661
新北市板橋區信義里信義路72號一樓,121.457311996006,24.993377991483
"22003-5台灣新北市板橋區四川路一段371號, 1樓",121.458367026159,24.999523980077
22003-7台灣新北市板橋區裕民街11號1樓,121.462301994424,25.028911980348
"22003-6台灣新北市板橋區三民路二段正隆巷34號, 一樓",121.477215998563,25.013581982354
220台灣新北市板橋區和平路100號,121.462138966407,24.994735105426
新北市板橋區溪崑二街134、136、138號1樓,121.425790005096,24.987758009223
新北市板橋區大仁街108之1號,121.45307502777,25.016014997389
220台灣新北市板橋區信義路71號號1樓,121.45717143149,24.995395180301
新北市板橋區僑中二街116巷1號1樓,121.445119009095,25.006338006354
220台灣新北市板橋區貴興路49號,121.457443802043,25.003528324294
新北市板橋區中正路395號1樓,121.45417272181,25.021982409536
新北市新莊區西盛街390號1樓,121.42763704128,25.012948017108
新北市新莊區後港一路48號1樓,121.426099967876,25.026280020842
新北市新莊區新北大道七段219號,121.413740516367,25.03018351506
新北市新莊區中正路261號全部,121.449825699185,25.035444290859
242台灣新北市新莊區中正路895號,121.412410308333,25.022015601872
新北市新莊區莊崑路25號1樓,121.431613667603,24.99940688489
242台灣新北市新莊區新泰路225巷1號1,121.445806576612,25.039167280793
24204-7台灣新北市新莊區瓊泰路71號1樓,121.443094025107,25.02882698785
242台灣新北市新莊區中正路729號,121.422857009537,25.028863491038
新北市土城區金城路三段141號1樓,121.468277034102,24.988248015283
236台灣新北市土城區中山路61號1,121.424982995458,24.96413298648
新北市土城區金城路二段258之5號,121.457366981291,24.983317989383
"236013台灣新北市土城區青雲路185號, 1樓",121.459306302229,24.982569192062
"236043台灣新北市土城區自由街2號, 1樓",121.421795022405,24.966136009882
"23602-2台灣新北市土城區學成路36號, 1樓",121.452614023095,24.987410998432
236台灣新北市土城區亞洲路57號,121.433365988281,24.971189585035
236台灣新北市土城區裕生路12號1,121.448240681294,24.987605793861
新北市土城區中央路一段248之2號,121.444484079929,24.984812105533
新北市樹林區三俊街112號,121.415130319733,25.015387905303
新北市樹林區八德街600號,121.397300000022,24.970310993944
238台灣新北市樹林區三俊街127號1f,121.418130035241,25.015657006305
238台灣新北市樹林區忠孝街99號1樓,121.424487960257,24.980965985442
238台灣新北市樹林區佳園路一段45號,121.393199992084,24.970543005024
"23803-9台灣新北市樹林區柑園街一段302號, 1樓",121.388612325019,24.956106392181
新北市樹林區東豐街51號,121.414983971703,24.975414986245
238台灣新北市樹林區中華路291號,121.417042399485,24.980133788185
238台灣新北市樹林區鎮前街112號,121.424875036546,24.991212987803
238台灣新北市樹林區中正路482號1樓,121.412637038814,25.01292098547
238606台灣新北市樹林區學成路601號1樓,121.381735560196,24.946259290421
新北市新店區安康路三段311號1樓,121.485716002754,24.951394002396
231台灣新北市新店區安德街71巷2號1,121.510316134202,24.961485101358
新北市三峽區學勤路162號1樓,121.375551978767,24.946046306261
新北市鶯歌區建國路53之5號、、53之6號1樓,121.355036013459,24.955068000106
新北市三峽區學勤路1號1樓,121.373361033096,24.945709018477
237台灣新北市三峽區大同路196號1,121.37117997807,24.92715898665
新北市三峽區大學路151號1樓,121.373161040886,24.945132008263
新北市三峽區復興路373、375號1樓,121.363410521195,24.93856075689
237台灣新北市三峽區國學街31號,121.372793997346,24.942294985495
新北市鶯歌區文化路68號之1,121.355523002034,24.954339989905
239台灣新北市鶯歌區南雅路442號,121.346167205528,24.953949309398
231台灣新北市新店區寶橋路235巷129號,121.551360302396,24.983646015163
新北市新店區寶興路47號,121.549275639257,24.973330490744
231台灣新北市新店區二十張路3-4號,121.540054037021,24.982446983914
新北市新店區民權路132號1樓,121.534822975069,24.983044990796
新北市新店區溪園路401號,121.523717016734,24.977582852623
新北市新店區北新路二段119號1樓,121.542676985982,24.974917017377
新北市新店區中正路143號1樓,121.541549033272,24.971508013537
新北市新店區中央路145號,121.53021401797,24.973380991711
新北市新店區光明街136號,121.539297067346,24.961260089167
231台灣新北市新店區中正路366號,121.535310969472,24.97621101559
231台灣新北市新店區中正路224號,121.540224022018,24.97280800481
新北市新店區中興路1段282號1樓,121.545707798351,24.968441117075
231台灣新北市新店區寶橋路51號2,121.54483096746,24.974844011001
231台灣新北市新店區中華路50號,121.539717000695,24.968518984955
231台灣新北市新店區寶橋路235巷8號,121.551833963744,24.980334995771
新北市新莊區中正路702號,121.417506673102,25.026539398835
新北市新莊區新泰路308號1-2樓,121.44545269266,25.041323483475
新北市新莊區思源路448號,121.460218337113,25.053551003828
新北市汐止區新台五路一段94號1樓,121.648417125292,25.060718704509
新北市汐止區新台五路一段99號,121.648248984315,25.061621980305
新北市汐止區福德一路190號,121.634991998614,25.066039997649
新北市淡水區公明街89號1-5樓,121.444118964227,25.168336012945
新北市淡水區中正路205號,121.437552162184,25.171858088659
新北市淡水區觀海路91號(福容飯店藝術大街),121.414065231296,25.182590906128
新北市淡水區中山北路二段183號1+2樓,121.444039168509,25.18505438938
新北市淡水區中正路一段6巷32-1號A4棟,121.430363003831,25.179323011627
新北市淡水區中正東路二段68號,121.459010421047,25.154488605985
新北市八里區商港八路7號1樓,121.399899436411,25.150954840561
新北市貢寮區福隆街41號,121.943971664619,25.018156699379
新北市汐止區大同路二段500號,121.660729973419,25.068135012439
新北市汐止區建成路57巷2、6號,121.662351345471,25.073181577902
新北市萬里區玉田45之6號,121.681258,25.189296
新北市永和區中山路一段240號,121.507046437593,25.007344086192
新北市中和區建一路152號1樓,121.487458516605,24.998445899691
新北市中和區連城路268號,121.486868765897,24.996460394467
新北市永和區安樂路248-7號,121.514738007223,25.003569002731
新北市永和區民生路46巷50號,121.521026865356,24.996490988413
新北市中和區和平街1號,121.510300962958,24.989874691232
新北市永和區永和路二段181號,121.515202029382,25.013404998469
新北市中和區連城路71號1~2樓,121.497431975555,25.001064992976
新北市中和區景安路 116號,121.505278023661,24.995146992148
新北市板橋區中山路一段15號1樓,121.460123873064,25.008318482436
新北市板橋區縣民大道二段7號B1,121.4641372879,25.013924834458
新北市板橋區忠孝路31號,121.460740026767,25.002064995934
新北市板橋區新站路28號2樓,121.466619009835,25.013677997055
新北市板橋區縣民大道二段7號1F,121.464032019239,25.013858920435
新北市板橋區中山路一段152號2樓,121.464423035022,25.011040002578
新北市板橋區遠東路1號,121.457454236903,24.998875681776
新北市板橋區新站路28號9樓,121.466619009835,25.013677997055
新北市新店區中興路三段7號,121.545647113372,24.977459500068
新北市新店區建國路289號2樓,121.535750935569,24.985812611406
新北市新店區民權路27號1樓,121.540952996137,24.982712983611
新北市新店區民權路78號1樓,121.53744324182,24.983058988574
新北市新店區中正路265號,121.537990999193,24.973960013582
新北市新店區北宜路一段2號2樓,121.539626587156,24.954767309364
新北市新店區中正路542之5號1樓,121.533785882189,24.984545602922
新北市新店區中興路三段70號1樓,121.546363430818,24.97774930437
新北市新店區北新路一段82號,121.541624973315,24.96753599726
新北市土城區青雲路152號1樓,121.45899198086,24.983346990768
新北市樹林區大雅路288號,121.379871005835,24.947607980551
新北市三峽區學成路317號,121.377209416301,24.944287615337
新北市土城區金城路三段11號1-2樓,121.467540218126,24.987766186278
新北市樹林區中山路一段157號,121.421959978259,24.988814003295
新北市樹林區樹新路40-6號1樓,121.428337936023,24.995446687096
新北市土城區學府路二段210號1樓,121.445127474817,24.978765484401
新北市土城區永安街25號1F,121.433359930802,24.964461439228
新北市三峽區大學路148之1號,121.373388078482,24.945572850314
新北市中和區中山路三段122號,121.475688899623,25.006077203437
新北市板橋區雙十路二段193號1-2樓,121.473576995299,25.028819988961
新北市中和區中正路866號1樓,121.484289989567,25.005949882328
新北市中和區中正路291號,121.493774699743,24.993095814713
新北市泰山區明志路二段123號,121.427984219709,25.051366302674
新北市新莊區中正路518號,121.432072492983,25.032134403024
新北市新莊區新北大道4段3號1樓,121.449451028113,25.059944007108
新北市三重區重新路五段654號,121.467123097492,25.043069685364
新北市三重區集賢路137號,121.489138585277,25.089340515011
新北市三重區正義北路140號,121.496635694754,25.065982916889
新北市三重區三和路四段388-2號,121.482065683921,25.079050303939
新北市蘆洲區長榮路418號1樓,121.459640991622,25.088211011648
新北市蘆洲區三民路120號,121.471354030758,25.087314986199
新北市三重區新北大道一段6號,121.488623014413,25.061549979756
新北市五股區新五路三段101號,121.445950335868,25.089602967175
新北市三重區捷運路60號,121.483769352211,25.055515197048
新北市板橋區文化路一段220號1樓,121.466743984011,25.020375011964
新北市林口區文化二路一段551號,121.374582024931,25.077229796479
新北市林口區文化三路一段359號,121.364901010583,25.072814000339
新北市林口區文化三路一段356號,121.363547165582,25.071241094298
新北市林口區中山路369號,121.382738754399,25.080823786481
新北市林口區文化三路一段2號1F,121.361398632341,25.066148208019
新北市林口區文化北路一段38號,121.355995000506,25.067684894604
新北市板橋區萬板路32號1樓,121.472008992672,25.022316009282
新北市鶯歌區育英街67號,121.34735131699,24.952176788334
新北市板橋區文化路一段360號,121.46865547703,25.023421917587
新北市板橋區新海路180號1F,121.460720999847,25.023669980012
新北市新莊區幸福路763-3號1樓之1部,121.447551018301,25.04900428236
新北市鶯歌區鶯歌路167號,121.336340522686,24.971732739208
新北市深坑區北深路三段152號,121.603343860062,25.003199193162
新北市新莊區中正路178號,121.44997498088,25.035754002182
新北市中和區中山路3段52號1樓,121.478379993457,25.005965011663
新北市樹林區中山路一段65之1號1~3樓,121.423821934231,24.991972220592
新北市新店區北新路一段337號1樓,121.541637965265,24.968831001301
新北市板橋區中山路二段162號,121.476912573668,25.017083899592
新北市新莊區幸福路620號,121.451317007398,25.049295008671
新北市新莊區民安路139號一樓,121.425197404542,25.024109191738
新北市板橋區新站路28號9樓（Mega City 板橋大遠百9樓）,121.466619009835,25.013677997055
"新北市三重區正義北路139,141號1樓",121.496729991164,25.066702000362
新北市土城區中央路二段174號1樓2樓,121.441891892553,24.976266294241
新北市汐止區中興路169號1-2樓,121.630771039813,25.066254993466
新北市板橋區雙十路二段170 號,121.472999901265,25.029607510674
新北市新莊區幸福路763之6號,121.447973969135,25.04900600065
新北市樹林區中山路一段67號,121.423808020271,24.991828009948
新北市蘆洲區長榮路80號1樓,121.462254507895,25.083789339059
新北市中和區中和路 13 號,121.499809670029,25.002131212969
新北市新店區民權路 45 號,121.540240763566,24.982818042314
新北市中和區景新街 318 號,121.511547034092,24.991658786063
新北市永和區民生路 46 巷 56 號 1 樓,121.531620849056,24.985469342743
新北市板橋區館前東路 60 號,121.461123030519,25.007255325345
新北市新店區安德街 2 號 1 樓,121.512476147869,24.962736447533
新北市新店區中正路 147 號,121.541390112388,24.971686003251
新北市新店區中正路205號,121.540189991491,24.972471010393
新北市三重區三和路四段 408 號,121.480765654221,25.079861945454
