station_id,station_name,address,water_level,update_time,alert_level_1,alert_level_2,alert_level_3,lat,lon
1010H007,磺溪河口,新北市金山區,-0.02,2026-04-25T22:40:00,0.0,0.0,0.0,25.229727,121.6385
1140H029,台北橋,台北市大同區星耀里,1.2,2025-12-27T16:40:00,8.5,6.7,2.2,25.051761,121.504921
1140H036,中山橋,台北市中山區中山北路三段,-0.38,2026-04-25T22:40:00,9.2,7.1,0.0,25.074303,121.525689
1140H039,土地公鼻(即時),新北市淡水區竹圍里土地公鼻,1.14,2026-04-25T18:50:00,5.0,3.1,2.1,25.13458,121.456453
1140H048,三峽(2),新北市三峽區三峽橋,28.3,2026-04-25T22:40:00,32.5,31.3,0.0,24.934562,121.373813
1140H049,橫溪,新北市三峽區溪北里,18.63,2026-04-25T22:40:00,25.0,0.0,0.0,24.935758,121.394854
1140H052,中正橋(即時),台北市古亭區上村里,0.21,2026-04-24T12:40:00,10.5,8.3,5.4,23.019155,120.215823
1140H053,洲美大橋,台北市士林區洲美里,-0.3,2026-04-25T22:30:00,0.0,0.0,0.0,25.079484,121.514851
1140H059,獅子頭(即時),新北市五股區集福里,-0.45,2026-04-25T22:40:00,4.5,3.0,0.0,25.110806,121.461329
1140H066,秀朗,新北市中和區秀朗橋,2.26,2026-04-25T22:40:00,11.3,9.1,5.9,24.989396,121.529165
1140H067,三鶯橋,新北市鶯歌區南靖里,30.68,2026-04-25T22:40:00,44.6,43.6,0.0,24.944756,121.353383
1140H068,屈尺,新北市新店區龜山橋,47.87,2026-04-25T15:50:00,50.5,0.0,0.0,24.91493,121.546564
1140H077,大直橋,台北市中山區,-0.38,2026-04-25T22:40:00,9.8,8.0,3.3,25.084161,121.554365
1140H082,寶橋,台北市木柵區寶橋,6.94,2026-04-25T22:40:00,18.0,15.0,11.6,24.979767,121.553221
1140H083,入口堰(即時),新北市三重區重新路,0.101,2026-04-25T22:40:00,3.8,3.5,3.3,25.046093,121.482186
1140H084,疏洪道(即時),新北市新莊區台貿二村,1.41,2026-04-25T22:40:00,0.0,0.0,0.0,25.065722,121.465171
1140H087,河口,新北市淡水區第二漁港內,-0.78,2026-04-25T22:40:00,0.0,0.0,0.0,25.182671,121.410179
1140H089,上龜山橋,新北市新店區新烏路上龜山橋,55.81,2026-04-22T21:50:00,62.4,60.5,0.0,24.899024,121.549949
1140H095,覽勝橋,新北市烏來區攬勝橋,109.4,2026-04-25T22:40:00,114.5,112.5,0.0,24.862115,121.551287
1140H096,水源橋,新北市坪林區水源橋,170.631,2026-04-25T22:40:00,0.0,177.2,176.9,24.936198,121.700441
1140H097,大林橋,新北市坪林區大林橋,171.852,2026-04-25T22:40:00,0.0,0.0,0.0,24.932362,121.705252
1140H098,金瓜寮橋,新北市坪林區金瓜寮溪橋,174.715,2026-04-25T22:40:00,0.0,0.0,0.0,24.928242,121.689118
1140H099,思源橋,新北市坪林區思源橋,263.415,2026-04-25T22:30:00,0.0,0.0,0.0,24.961682,121.769206
1140H101,坪林拱橋站,新北市坪林區坪林拱橋,181.983,2026-04-25T22:40:00,0.0,0.0,0.0,24.935864,121.712792
1140H102,虎寮潭橋站,新北市坪林區虎寮潭橋,208.885,2026-04-25T22:40:00,0.0,0.0,0.0,24.949858,121.740659
1140H105,城林橋,新北市土城區城林橋,0.15198,2026-04-25T22:40:00,15.3,13.0,0.0,24.979353,121.43052
1140H106,建國橋,新北市鶯歌區建國橋,49.113,2026-04-25T22:40:00,0.0,0.0,0.0,24.95208,121.343646
1140H107,安坑橋,新北市新店區安坑橋,2.673,2026-04-25T22:40:00,15.1,12.4,10.7,24.970665,121.52788
1140H108,萬福橋,台北市文山區萬福橋,12.9813,2026-04-25T22:40:00,22.4,19.4,0.0,25.001821,121.584325
1140H109,屈尺堰,新北市新店區,49.145,2026-04-25T22:30:00,0.0,0.0,0.0,24.91493,121.546564
1140H110,介壽橋(1),新北市瑞芳鎮東和里,42.41,2026-04-25T22:40:00,50.3,47.3,0.0,25.106758,121.804538
1140H125,廣興,新北市新店區廣興里廣興護岸,43.66,2026-04-25T22:40:00,46.0,0.0,0.0,24.914508,121.538157
1140H126,加九寮景觀大橋,新北市烏來區,80.28587,2026-04-25T22:40:00,90.2,88.0,0.0,24.88459,121.540236
1140H127,橫溪海山橋,新北市三峽區成福路6巷30號,31.92158,2026-04-25T22:40:00,35.6,34.3,0.0,24.926309,121.416062
1140H131,福山一號橋站,新北市烏來區福山一號橋,345.162,2026-04-25T22:40:00,0.0,0.0,0.0,24.780699,121.503373
1140H136,烏來橋站,新北市新店區烏來橋,108.284,2026-04-25T22:40:00,0.0,0.0,0.0,24.864407,121.551755
1140H142,觀音坑溪排水_新,新北市五股區,0.526,2026-04-25T22:40:00,0.0,0.0,0.0,25.105457,121.451326
1140H143,竹圍捷運站_新,新北市淡水區,0.766,2026-04-25T22:40:00,0.0,0.0,0.0,25.137829,121.459356
1140H144,庄子內溝排水_新,新北市淡水區,9.78,2026-04-25T22:40:00,0.0,0.0,0.0,25.171768,121.452584
1140H145,鶯桃路_新,新北市鶯歌區,102.129,2026-04-25T22:40:00,0.0,0.0,0.0,25.015778,121.328779
1140H146,集成橋_新,新北市五股區,2.742,2026-04-25T22:40:00,0.0,0.0,0.0,25.103682,121.449674
1140H148,民義路_新,新北市五股區,6.497,2026-04-25T22:40:00,0.0,0.0,0.0,25.08818,121.433675
1140H149,三峽區福德坑溪福德橋,新北市三峽區,40.461,2026-04-25T22:40:00,0.0,0.0,0.0,24.92215,121.360877
1140H150,溝柑林三號橋_新,新北市土城區,13.074,2026-04-25T22:40:00,0.0,0.0,0.0,24.981041,121.456304
1140H151,瑪鋉溪四十九號橋_新,新北市萬里區,0.5,2026-04-25T22:40:00,0.0,0.0,0.0,25.174569,121.68759
1140H152,御史路1巷_新,新北市五股區,5.3,2026-04-25T22:40:00,0.0,0.0,0.0,25.0914,121.441025
1140H153,瑞基,新北市瑞芳區,42.95,2026-04-25T22:40:00,0.0,0.0,0.0,25.119539,121.798711
1140H155,灣潭,新北市新店區,13.03,2026-04-25T22:40:00,0.0,0.0,0.0,24.952049,121.539168
1140H156,成美長壽橋,台北市南港區,-0.01,2026-04-25T22:40:00,0.0,0.0,0.0,25.053121,121.5811
1140H157,南靖橋,新北市鶯歌區,32.76,2026-04-25T22:40:00,0.0,0.0,0.0,24.95069,121.354198
1140H159,舊雙溪橋,新北市石碇區,41.74,2026-04-25T22:40:00,0.0,0.0,0.0,25.007554,121.651691
1140H160,外按橋,新北市石碇區,66.12,2026-04-25T22:40:00,0.0,0.0,0.0,25.000379,121.651906
1140H161,桂山壩,新北市烏來區,108.33,2026-04-25T22:40:00,0.0,0.0,0.0,24.873903,121.547479
1140H162,三和橋,新北市金山區,46.08,2026-04-25T22:40:00,0.0,0.0,0.0,25.217773,121.603796
1140H163,重翠橋,新北市板橋區,-0.21,2026-04-25T22:40:00,0.0,0.0,0.0,25.041258,121.478029
1140H164,富裕橋,新北市新莊區,4.75,2026-04-25T22:40:00,0.0,0.0,0.0,25.020127,121.419397
1140H165,民權橋,新北市新莊區,3.69,2026-04-25T22:40:00,0.0,0.0,0.0,25.027003,121.423341
1140H170,MS1,新北市瑞芳區,60.06,2026-04-25T22:40:00,0.0,0.0,0.0,25.106153,121.830575
1140H171,MS2,新北市瑞芳區,60.07,2026-04-25T22:40:00,0.0,0.0,0.0,25.105579,121.830571
1140H172,MS3,新北市瑞芳區,60.06,2026-04-25T22:40:00,0.0,0.0,0.0,25.105005,121.830567
2620H006,雙龍橋,新北市貢寮區雙龍橋,2.59,2026-04-25T22:40:00,0.0,0.0,0.0,25.015825,121.917762
2620H007,共和大橋_新,新北市雙溪區共和大橋,16.572,2026-04-25T22:40:00,0.0,0.0,0.0,25.032111,121.867833
