name,latitude,longitude
新北市三峽民權老街商圈,24.934678,121.367423
新北市三峽民權老街商圈,24.933184,121.372164
新北市三峽民權老街商圈,24.932455,121.367972
新北市三峽民權老街商圈,24.935979,121.368559
新北市三峽民權老街商圈,24.932482,121.368001
新北市三峽民權老街商圈,24.935985,121.368614
新北市三峽民權老街商圈,24.932257,121.374855
新北市三峽民權老街商圈,24.934626,121.367595
新北市三峽民權老街商圈,24.933155,121.372132
新北市三峽民權老街商圈,24.932528,121.367832
新北市三峽民權老街商圈,24.932415,121.367929
新北市三峽民權老街商圈,24.932329,121.371373
新北市三峽民權老街商圈,24.931433,121.371146
新北市三峽民權老街商圈,24.934566,121.367488
新北市三峽民權老街商圈,24.932852,121.371798
新北市三峽民權老街商圈,24.935971,121.368479
新北市三峽民權老街商圈,24.934564,121.36741
新北市三峽民權老街商圈,24.929776,121.371012
新北市三峽民權老街商圈,24.934704,121.367376
新北市三峽民權老街商圈,24.931964,121.371259
新北市三峽民權老街商圈,24.930789,121.371047
新北市三峽民權老街商圈,24.931111,121.371096
新北市三峽民權老街商圈,24.934601,121.367562
新北市三峽民權老街商圈,24.934375,121.368816
新北市三峽民權老街商圈,24.936757,121.370126
新北市三峽民權老街商圈,24.935754,121.367477
新北市三峽民權老街商圈,24.932506,121.367775
新北市三峽民權老街商圈,24.931527,121.372788
新北市三峽民權老街商圈,24.932492,121.367737
新北市三峽民權老街商圈,24.930789,121.36807
新北市三峽民權老街商圈,24.935997,121.368734
新北市三峽民權老街商圈,24.932095,121.374777
新北市三峽民權老街商圈,24.931326,121.371129
新北市三峽民權老街商圈,24.934652,121.367469
新北市三峽民權老街商圈,24.932584,121.371528
新北市三峽民權老街商圈,24.933684,121.368398
新北市三峽民權老街商圈,24.930742,121.368052
新北市三峽民權老街商圈,24.932477,121.367699
新北市三峽民權老街商圈,24.932485,121.367718
新北市三峽民權老街商圈,24.932442,121.367958
新北市三峽民權老街商圈,24.932469,121.367986
新北市三峽民權老街商圈,24.932521,121.367813
新北市三峽民權老街商圈,24.932212,121.374737
新北市三峽民權老街商圈,24.932428,121.367943
新北市三峽民權老街商圈,24.92983,121.371016
新北市三峽民權老街商圈,24.934725,121.367415
新北市三峽民權老街商圈,24.931004,121.37108
新北市三峽民權老街商圈,24.932426,121.371427
新北市三峽民權老街商圈,24.934565,121.367436
新北市三峽民權老街商圈,24.932165,121.374753
新北市三峽民權老街商圈,24.933287,121.372294
新北市三峽民權老街商圈,24.9344,121.36926
新北市三峽民權老街商圈,24.929722,121.371009
新北市三峽民權老街商圈,24.930046,121.37103
新北市三峽民權老街商圈,24.931594,121.371173
新北市三峽民權老街商圈,24.935703,121.366969
新北市三峽民權老街商圈,24.938231,121.3705
新北市三峽民權老街商圈,24.931219,121.371112
新北市三峽民權老街商圈,24.931165,121.371104
新北市三峽民權老街商圈,24.9317,121.371193
新北市三峽民權老街商圈,24.930736,121.371039
新北市三峽民權老街商圈,24.934663,121.367528
新北市三峽民權老街商圈,24.934627,121.367516
新北市三峽民權老街商圈,24.931564,121.372752
新北市三峽民權老街商圈,24.931752,121.372574
新北市三峽民權老街商圈,24.931998,121.374809
新北市三峽民權老街商圈,24.93154,121.371164
新北市三峽民權老街商圈,24.936063,121.372403
新北市三峽民權老街商圈,24.935991,121.36868
新北市三峽民權老街商圈,24.934564,121.367383
新北市三峽民權老街商圈,24.930875,121.373418
新北市三峽民權老街商圈,24.9347,121.36746
新北市三峽民權老街商圈,24.934651,121.36755
新北市三峽民權老街商圈,24.932277,121.371354
新北市三峽民權老街商圈,24.932068,121.371289
新北市三峽民權老街商圈,24.931859,121.371229
新北市三峽民權老街商圈,24.933125,121.372099
新北市三峽民權老街商圈,24.934548,121.367265
新北市三峽民權老街商圈,24.932541,121.371492
新北市三峽民權老街商圈,24.929559,121.370997
新北市三峽民權老街商圈,24.934639,121.367573
新北市三峽民權老街商圈,24.930843,121.371055
新北市三峽民權老街商圈,24.934565,121.367462
新北市三峽民權老街商圈,24.93334,121.372365
新北市三峽民權老街商圈,24.931487,121.371155
新北市三峽民權老街商圈,24.930897,121.371063
新北市三峽民權老街商圈,24.931806,121.371216
新北市三峽民權老街商圈,24.929884,121.37102
新北市三峽民權老街商圈,24.929992,121.371026
新北市三峽民權老街商圈,24.934713,121.367438
新北市三峽民權老街商圈,24.929397,121.370989
新北市三峽民權老街商圈,24.930695,121.368036
新北市三峽民權老街商圈,24.932499,121.367755
新北市三峽民權老街商圈,24.934567,121.367541
新北市三峽民權老街商圈,24.934563,121.367331
新北市三峽民權老街商圈,24.935746,121.366243
新北市三峽民權老街商圈,24.934563,121.367305
新北市三峽民權老街商圈,24.929668,121.371005
新北市三峽民權老街商圈,24.931058,121.371088
新北市三峽民權老街商圈,24.932142,121.37489
新北市三峽民權老街商圈,24.93576,121.367533
新北市三峽民權老街商圈,24.931234,121.373073
新北市三峽民權老街商圈,24.932225,121.371337
新北市三峽民權老街商圈,24.93138,121.371138
新北市三峽民權老街商圈,24.932121,121.371304
新北市三峽民權老街商圈,24.931272,121.371121
新北市三峽民權老街商圈,24.934676,121.367505
新北市三峽民權老街商圈,24.933314,121.372329
新北市三峽民權老街商圈,24.932173,121.37132
新北市三峽民權老街商圈,24.931911,121.371244
新北市三峽民權老街商圈,24.931602,121.372716
新北市三峽民權老街商圈,24.931715,121.37261
新北市三峽民權老街商圈,24.929343,121.370986
新北市三峽民權老街商圈,24.930648,121.3738
新北市三峽民權老街商圈,24.931197,121.373109
新北市三峽民權老街商圈,24.934688,121.367483
新北市三峽民權老街商圈,24.929451,121.370991
新北市三峽民權老街商圈,24.929613,121.371001
新北市三峽民權老街商圈,24.929505,121.370994
新北市三峽民權老街商圈,24.932882,121.37183
新北市三峽民權老街商圈,24.932016,121.371274
新北市三峽民權老街商圈,24.932299,121.374841
新北市三峽民權老街商圈,24.934373,121.369457
新北市三峽民權老街商圈,24.932951,121.371905
新北市三峽民權老街商圈,24.933577,121.368401
新北市三峽民權老街商圈,24.934381,121.369403
新北市三峽民權老街商圈,24.933911,121.368378
新北市三峽民權老街商圈,24.935753,121.366317
新北市三峽民權老街商圈,24.93577,121.366508
新北市三峽民權老街商圈,24.934566,121.367514
新北市三峽民權老街商圈,24.93298,121.371938
新北市三峽民權老街商圈,24.934563,121.367357
新北市三峽民權老街商圈,24.931647,121.371183
新北市三峽民權老街商圈,24.932379,121.371398
新北市三峽民權老街商圈,24.931753,121.371204
新北市三峽民權老街商圈,24.935765,121.367583
新北市三峽民權老街商圈,24.93095,121.371072
新北市三峽民權老街商圈,24.932046,121.374793
新北市三峽民權老街商圈,24.929938,121.371023
新北市三峽民權老街商圈,24.932513,121.367794
新北市三峽民權老街商圈,24.933631,121.368399
新北市三峽民權老街商圈,24.931639,121.372681
新北市三峽民權老街商圈,24.930836,121.368088
新北市三峽民權老街商圈,24.931677,121.372645
新北市三重碧華布街商圈,25.07772,121.490967
新北市三重碧華布街商圈,25.081875,121.486142
新北市三重碧華布街商圈,25.076627,121.486946
新北市三重碧華布街商圈,25.077672,121.490871
新北市三重碧華布街商圈,25.08155,121.49012
新北市三重碧華布街商圈,25.081575,121.490073
新北市三重碧華布街商圈,25.081633,121.489963
新北市三重碧華布街商圈,25.076475,121.486847
新北市三重碧華布街商圈,25.081563,121.490336
新北市三重碧華布街商圈,25.081681,121.490119
新北市三重碧華布街商圈,25.081706,121.490072
新北市三重碧華布街商圈,25.077696,121.490919
新北市中和華新街商圈,24.980113,121.507801
新北市中和華新街商圈,24.980595,121.507589
新北市中和華新街商圈,24.980252,121.507739
新北市中和華新街商圈,24.98055,121.507609
新北市中和華新街商圈,24.980459,121.507651
新北市中和華新街商圈,24.980248,121.507847
新北市中和華新街商圈,24.980064,121.50793
新北市中和華新街商圈,24.98145,121.506825
新北市中和華新街商圈,24.98011,121.50791
新北市中和華新街商圈,24.980751,121.507619
新北市中和華新街商圈,24.979615,121.50813
新北市中和華新街商圈,24.980413,121.507672
新北市中和華新街商圈,24.980613,121.507682
新北市中和華新街商圈,24.981471,121.506911
新北市中和華新街商圈,24.980383,121.507786
新北市中和華新街商圈,24.981535,121.506769
新北市中和華新街商圈,24.980705,121.50764
新北市中和華新街商圈,24.980429,121.507764
新北市中和華新街商圈,24.980063,121.507824
新北市中和華新街商圈,24.980156,121.507889
新北市中和華新街商圈,24.988577,121.507899
新北市中和華新街商圈,24.980206,121.50776
新北市中和華新街商圈,24.988494,121.507915
新北市中和華新街商圈,24.980521,121.507723
新北市中和華新街商圈,24.981492,121.506797
新北市中和華新街商圈,24.980641,121.507568
新北市中和華新街商圈,24.980159,121.50778
新北市中和華新街商圈,24.980659,121.507661
新北市中和華新街商圈,24.980796,121.507599
新北市中和華新街商圈,24.981407,121.506853
新北市中和華新街商圈,24.980841,121.507575
新北市中和華新街商圈,24.980337,121.507807
新北市中和華新街商圈,24.980884,121.507549
新北市中和華新街商圈,24.981329,121.507059
新北市中和華新街商圈,24.980202,121.507868
新北市中和華新街商圈,24.980475,121.507744
新北市中和華新街商圈,24.981265,121.507143
新北市中和華新街商圈,24.980567,121.507702
新北市中和華新街商圈,24.981297,121.507101
新北市中和華新街商圈,24.981233,121.507184
新北市中和華新街商圈,24.979661,121.508109
新北市中和華新街商圈,24.981429,121.50694
新北市中和華新街商圈,24.980344,121.507696
新北市八里區左岸觀光商圈,25.160174,121.427656
新北市八里區左岸觀光商圈,25.160398,121.425736
新北市八里區左岸觀光商圈,25.161885,121.426882
新北市八里區左岸觀光商圈,25.160132,121.428986
新北市八里區左岸觀光商圈,25.160278,121.427796
新北市八里區左岸觀光商圈,25.161417,121.429184
新北市八里區左岸觀光商圈,25.161657,121.428689
新北市八里區左岸觀光商圈,25.161939,121.426373
新北市八里區左岸觀光商圈,25.161934,121.426429
新北市八里區左岸觀光商圈,25.161956,121.426227
新北市八里區左岸觀光商圈,25.160411,121.426626
新北市八里區左岸觀光商圈,25.161343,121.42933
新北市八里區左岸觀光商圈,25.160346,121.426182
新北市八里區左岸觀光商圈,25.160312,121.426486
新北市八里區左岸觀光商圈,25.161783,121.427852
新北市八里區左岸觀光商圈,25.161795,121.427741
新北市八里區左岸觀光商圈,25.160306,121.426537
新北市八里區左岸觀光商圈,25.160317,121.426436
新北市八里區左岸觀光商圈,25.160405,121.426677
新北市八里區左岸觀光商圈,25.160273,121.426806
新北市八里區左岸觀光商圈,25.160223,121.427244
新北市八里區左岸觀光商圈,25.16018,121.427605
新北市八里區左岸觀光商圈,25.161789,121.427796
新北市八里區左岸觀光商圈,25.161873,121.426993
新北市八里區左岸觀光商圈,25.160329,121.426334
新北市八里區左岸觀光商圈,25.160046,121.42877
新北市八里區左岸觀光商圈,25.160175,121.428642
新北市八里區左岸觀光商圈,25.161368,121.429282
新北市八里區左岸觀光商圈,25.161758,121.428073
新北市八里區左岸觀光商圈,25.160098,121.429291
新北市八里區左岸觀光商圈,25.161729,121.428366
新北市八里區左岸觀光商圈,25.160403,121.425686
新北市八里區左岸觀光商圈,25.16004,121.428821
新北市八里區左岸觀光商圈,25.161679,121.428639
新北市八里區左岸觀光商圈,25.160254,121.428
新北市八里區左岸觀光商圈,25.160376,121.425928
新北市八里區左岸觀光商圈,25.160248,121.428051
新北市八里區左岸觀光商圈,25.160294,121.426639
新北市八里區左岸觀光商圈,25.160121,121.429087
新北市八里區左岸觀光商圈,25.161764,121.428018
新北市八里區左岸觀光商圈,25.160449,121.42631
新北市八里區左岸觀光商圈,25.16177,121.427962
新北市八里區左岸觀光商圈,25.16037,121.425979
新北市八里區左岸觀光商圈,25.160217,121.427295
新北市八里區左岸觀光商圈,25.16189,121.426826
新北市八里區左岸觀光商圈,25.160115,121.429138
新北市八里區左岸觀光商圈,25.16026,121.427949
新北市八里區左岸觀光商圈,25.161961,121.426171
新北市八里區左岸觀光商圈,25.160271,121.427847
新北市八里區左岸觀光商圈,25.160279,121.426755
新北市八里區左岸觀光商圈,25.160266,121.427898
新北市八里區左岸觀光商圈,25.161709,121.428531
新北市八里區左岸觀光商圈,25.160379,121.426881
新北市八里區左岸觀光商圈,25.161879,121.426937
新北市八里區左岸觀光商圈,25.161723,121.428421
新北市八里區左岸觀光商圈,25.160127,121.429036
新北市八里區左岸觀光商圈,25.160103,121.42924
新北市八里區左岸觀光商圈,25.160052,121.428719
新北市八里區左岸觀光商圈,25.160077,121.428491
新北市八里區左岸觀光商圈,25.160266,121.426857
新北市八里區左岸觀光商圈,25.16034,121.426233
新北市八里區左岸觀光商圈,25.160035,121.428871
新北市八里區左岸觀光商圈,25.16051,121.425751
新北市八里區左岸觀光商圈,25.160092,121.429342
新北市八里區左岸觀光商圈,25.160181,121.42859
新北市八里區左岸觀光商圈,25.161867,121.427048
新北市八里區左岸觀光商圈,25.161738,121.42829
新北市八里區左岸觀光商圈,25.161717,121.428477
新北市八里區左岸觀光商圈,25.161392,121.429233
新北市八里區左岸觀光商圈,25.160323,121.426385
新北市八里區左岸觀光商圈,25.160335,121.426283
新北市八里區左岸觀光商圈,25.161697,121.428586
新北市八里區左岸觀光商圈,25.161737,121.428298
新北市八里區左岸觀光商圈,25.161928,121.426485
新北市八里區左岸觀光商圈,25.160109,121.429189
新北市八里區左岸觀光商圈,25.161777,121.427907
新北市八里區左岸觀光商圈,25.161944,121.426318
新北市八里區左岸觀光商圈,25.161736,121.428306
新北市坪林區商圈,24.936039,121.703644
新北市坪林區商圈,24.935825,121.703788
新北市坪林區商圈,24.93575,121.704259
新北市坪林區商圈,24.935796,121.704162
新北市坪林區商圈,24.935661,121.704141
新北市坪林區商圈,24.935743,121.703962
新北市坪林區商圈,24.93597,121.703789
新北市坪林區商圈,24.935819,121.704114
新北市坪林區商圈,24.935842,121.704065
新北市坪林區商圈,24.935947,121.703837
新北市坪林區商圈,24.935684,121.704092
新北市坪林區商圈,24.935865,121.704017
新北市坪林區商圈,24.936016,121.703692
新北市坪林區商圈,24.936062,121.703596
新北市坪林區商圈,24.935924,121.703886
新北市坪林區商圈,24.935993,121.703741
新北市坪林區商圈,24.935773,121.70421
新北市坪林區商圈,24.935638,121.704189
新北市坪林區商圈,24.935727,121.704307
新北市坪林區商圈,24.935766,121.703914
新北市坪林區商圈,24.935707,121.704044
新北市新莊廟街商圈,25.034275,121.455217
新北市新莊廟街商圈,25.038868,121.452126
新北市新莊廟街商圈,25.034224,121.455135
新北市新莊廟街商圈,25.034365,121.45536
新北市新莊廟街商圈,25.038888,121.451998
新北市新莊廟街商圈,25.034549,121.45564
新北市新莊廟街商圈,25.038957,121.45214
新北市新莊廟街商圈,25.034495,121.455561
新北市新莊廟街商圈,25.034326,121.455299
新北市新莊廟街商圈,25.034339,121.455319
新北市新莊廟街商圈,25.034403,121.455421
新北市新莊廟街商圈,25.034288,121.455237
新北市新莊廟街商圈,25.034522,121.4556
新北市新莊廟街商圈,25.034068,121.454885
新北市新莊廟街商圈,25.034135,121.454992
新北市新莊廟街商圈,25.034301,121.455258
新北市新莊廟街商圈,25.034378,121.45538
新北市新莊廟街商圈,25.03405,121.454855
新北市新莊廟街商圈,25.034416,121.455442
新北市新莊廟街商圈,25.034211,121.455115
新北市新莊廟街商圈,25.03416,121.455033
新北市新莊廟街商圈,25.034096,121.454931
新北市新莊廟街商圈,25.034267,121.455304
新北市新莊廟街商圈,25.034314,121.455278
新北市新莊廟街商圈,25.034148,121.455013
新北市新莊廟街商圈,25.034352,121.45534
新北市新莊廟街商圈,25.034441,121.455483
新北市新莊廟街商圈,25.034429,121.455462
新北市新莊廟街商圈,25.034109,121.454952
新北市新莊廟街商圈,25.034536,121.45562
新北市新莊廟街商圈,25.034237,121.455156
新北市新莊廟街商圈,25.034122,121.454972
新北市新莊廟街商圈,25.034186,121.455074
新北市新莊廟街商圈,25.033257,121.453077
新北市新莊廟街商圈,25.034199,121.455095
新北市新莊廟街商圈,25.034508,121.455581
新北市新莊廟街商圈,25.034263,121.455197
新北市新莊廟街商圈,25.03439,121.455401
新北市新莊廟街商圈,25.033513,121.453693
新北市新莊廟街商圈,25.0332,121.452943
新北市新莊廟街商圈,25.034084,121.454911
新北市新莊廟街商圈,25.034173,121.455054
新北市新莊廟街商圈,25.034563,121.45566
新北市新莊廟街商圈,25.034355,121.455437
新北市新莊廟街商圈,25.03425,121.455176
新北市新莊廟街商圈,25.033456,121.453558
新北市新莊廟街商圈,25.038461,121.452103
新北市板橋區府中商圈,25.007572,121.46295
新北市板橋區府中商圈,25.010298,121.45982
新北市板橋區府中商圈,25.007742,121.463253
新北市板橋區府中商圈,25.011182,121.460735
新北市板橋區府中商圈,25.010254,121.459803
新北市板橋區府中商圈,25.012159,121.456104
新北市板橋區府中商圈,25.01066,121.4576
新北市板橋區府中商圈,25.008019,121.462244
新北市板橋區府中商圈,25.007977,121.462214
新北市板橋區府中商圈,25.007096,121.45999
新北市板橋區府中商圈,25.00773,121.463811
新北市板橋區府中商圈,25.008394,121.462511
新北市板橋區府中商圈,25.011996,121.455843
新北市板橋區府中商圈,25.010752,121.459986
新北市板橋區府中商圈,25.012535,121.456258
新北市板橋區府中商圈,25.008144,121.462333
新北市板橋區府中商圈,25.008602,121.46266
新北市板橋區府中商圈,25.007655,121.462719
新北市板橋區府中商圈,25.011185,121.456894
新北市板橋區府中商圈,25.007699,121.462984
新北市板橋區府中商圈,25.011263,121.460629
新北市板橋區府中商圈,25.007691,121.462931
新北市板橋區府中商圈,25.011983,121.455792
新北市板橋區府中商圈,25.007751,121.463306
新北市板橋區府中商圈,25.010978,121.457172
新北市板橋區府中商圈,25.011479,121.460241
新北市板橋區府中商圈,25.011876,121.459799
新北市板橋區府中商圈,25.007106,121.460054
新北市板橋區府中商圈,25.011295,121.460587
新北市板橋區府中商圈,25.007612,121.462451
新北市板橋區府中商圈,25.007621,121.462504
新北市板橋區府中商圈,25.00707,121.459832
新北市板橋區府中商圈,25.007911,121.462052
新北市板橋區府中商圈,25.008227,121.462393
新北市板橋區府中商圈,25.007587,121.46229
新北市板橋區府中商圈,25.012585,121.456265
新北市板橋區府中商圈,25.010362,121.459844
新北市板橋區府中商圈,25.010211,121.459786
新北市板橋區府中商圈,25.012424,121.456244
新北市板橋區府中商圈,25.008186,121.462363
新北市板橋區府中商圈,25.007716,121.463092
新北市板橋區府中商圈,25.008519,121.462601
新北市板橋區府中商圈,25.008102,121.462304
新北市板橋區府中商圈,25.010824,121.457379
新北市板橋區府中商圈,25.011927,121.45567
新北市板橋區府中商圈,25.01089,121.45708
新北市板橋區府中商圈,25.007047,121.459692
新北市板橋區府中商圈,25.008061,121.462274
新北市板橋區府中商圈,25.007852,121.462124
新北市板橋區府中商圈,25.008435,121.462541
新北市板橋區府中商圈,25.007936,121.462069
新北市板橋區府中商圈,25.011658,121.46009
新北市板橋區府中商圈,25.007886,121.46094
新北市板橋區府中商圈,25.007733,121.463199
新北市板橋區府中商圈,25.011327,121.460546
新北市板橋區府中商圈,25.007673,121.462823
新北市板橋區府中商圈,25.011403,121.460442
新北市板橋區府中商圈,25.007904,121.464257
新北市板橋區府中商圈,25.011578,121.460198
新北市板橋區府中商圈,25.011755,121.45996
新北市板橋區府中商圈,25.008311,121.462452
新北市板橋區府中商圈,25.007579,121.462236
新北市板橋區府中商圈,25.010647,121.459946
新北市板橋區府中商圈,25.010736,121.457498
新北市板橋區府中商圈,25.008637,121.462586
新北市板橋區府中商圈,25.011819,121.459876
新北市板橋區府中商圈,25.007058,121.459763
新北市板橋區府中商圈,25.010859,121.457123
新北市板橋區府中商圈,25.012474,121.456251
新北市板橋區府中商圈,25.008269,121.462422
新北市板橋區府中商圈,25.007894,121.462154
新北市板橋區府中商圈,25.011546,121.46024
新北市板橋區府中商圈,25.007638,121.462612
新北市板橋區府中商圈,25.00856,121.46263
新北市板橋區府中商圈,25.007725,121.463145
新北市板橋區府中商圈,25.01181,121.455463
新北市板橋區府中商圈,25.011841,121.455505
新北市板橋區府中商圈,25.007686,121.462005
新北市板橋區府中商圈,25.011872,121.455556
新北市板橋區府中商圈,25.012451,121.456143
新北市板橋區府中商圈,25.007596,121.462343
新北市板橋區府中商圈,25.01155,121.456368
新北市板橋區府中商圈,25.011609,121.460156
新北市板橋區府中商圈,25.01105,121.457076
新北市板橋區府中商圈,25.008369,121.458171
新北市板橋區府中商圈,25.007682,121.462877
新北市板橋區府中商圈,25.007314,121.461395
新北市板橋區府中商圈,25.012363,121.456235
新北市板橋區府中商圈,25.007935,121.462184
新北市板橋區府中商圈,25.010869,121.46003
新北市板橋區府中商圈,25.011079,121.457037
新北市板橋區府中商圈,25.007115,121.460107
新北市板橋區府中商圈,25.007708,121.463038
新北市板橋區府中商圈,25.007923,121.46206
新北市板橋區府中商圈,25.011007,121.457133
新北市板橋區府中商圈,25.008352,121.462482
新北市板橋區府中商圈,25.011787,121.459918
新北市板橋區府中商圈,25.011721,121.460006
新北市板橋區府中商圈,25.00781,121.462094
新北市板橋區府中商圈,25.008591,121.46255
新北市板橋區府中商圈,25.0119,121.455613
新北市板橋區府中商圈,25.007696,121.46189
新北市板橋區府中商圈,25.008477,121.462571
新北市板橋區府中商圈,25.007141,121.460166
新北市板橋區府中商圈,25.007769,121.462065
新北市板橋區府中商圈,25.007647,121.462666
新北市板橋區府中商圈,25.011908,121.459757
新北市板橋區府中商圈,25.00763,121.462558
新北市板橋區府中商圈,25.011689,121.460048
新北市板橋區府中商圈,25.007222,121.459999
新北市板橋區府中商圈,25.007896,121.464203
新北市板橋區府中商圈,25.011487,121.456452
新北市板橋區府中商圈,25.008806,121.459846
新北市板橋區府中商圈,25.010029,121.459698
新北市板橋區府中商圈,25.010076,121.459715
新北市板橋區府中商圈,25.007727,121.462035
新北市板橋區府中商圈,25.007604,121.462397
新北市板橋區新板商圈,25.008083,121.464597
新北市板橋區新板商圈,25.008644,121.463441
新北市板橋區新板商圈,25.009139,121.465199
新北市板橋區新板商圈,25.008176,121.464778
新北市板橋區新板商圈,25.008487,121.464753
新北市板橋區新板商圈,25.010902,121.467456
新北市板橋區新板商圈,25.008689,121.462623
新北市板橋區新板商圈,25.00904,121.465156
新北市板橋區新板商圈,25.009109,121.463019
新北市板橋區新板商圈,25.010878,121.467407
新北市板橋區新板商圈,25.009086,121.465177
新北市板橋區新板商圈,25.010652,121.466925
新北市板橋區新板商圈,25.008269,121.464817
新北市板橋區新板商圈,25.008768,121.462779
新北市板橋區新板商圈,25.008644,121.46269
新北市板橋區新板商圈,25.008756,121.46342
新北市板橋區新板商圈,25.009241,121.465243
新北市板橋區新板商圈,25.008836,121.462725
新北市板橋區新板商圈,25.009309,121.465271
新北市板橋區新板商圈,25.010605,121.467159
新北市板橋區新板商圈,25.008223,121.464798
新北市板橋區新板商圈,25.009433,121.467321
新北市板橋區新板商圈,25.007926,121.464418
新北市板橋區新板商圈,25.009271,121.468924
新北市板橋區新板商圈,25.009651,121.465421
新北市板橋區新板商圈,25.008878,121.462754
新北市板橋區新板商圈,25.009067,121.46299
新北市板橋區新板商圈,25.00813,121.464759
新北市板橋區新板商圈,25.009168,121.468315
新北市板橋區新板商圈,25.010751,121.467129
新北市板橋區新板商圈,25.010728,121.467081
新北市板橋區新板商圈,25.009194,121.465223
新北市板橋區新板商圈,25.009108,121.468166
新北市板橋區新板商圈,25.009148,121.468265
新北市板橋區新板商圈,25.009577,121.467234
新北市板橋區新板商圈,25.009312,121.469023
新北市板橋區新板商圈,25.009291,121.468972
新北市板橋區新板商圈,25.009163,121.468662
新北市板橋區新板商圈,25.01065,121.467256
新北市板橋區新板商圈,25.010559,121.467062
新北市板橋區新板商圈,25.01019,121.467022
新北市板橋區新板商圈,25.010537,121.467014
新北市板橋區新板商圈,25.010629,121.466877
新北市板橋區新板商圈,25.009695,121.465258
新北市板橋區新板商圈,25.008176,121.464636
新北市板橋區新板商圈,25.010744,121.467457
新北市板橋區新板商圈,25.009128,121.468216
新北市板橋區新板商圈,25.010269,121.466977
新北市板橋區新板商圈,25.00881,121.462808
新北市板橋區新板商圈,25.008895,121.462867
新北市板橋區新板商圈,25.010308,121.466954
新北市板橋區新板商圈,25.010995,121.460986
新北市板橋區新板商圈,25.00925,121.467418
新北市板橋區新板商圈,25.007919,121.464365
新北市板橋區新板商圈,25.009228,121.468817
新北市板橋區新板商圈,25.011735,121.47023
新北市板橋區新板商圈,25.010606,121.466828
新北市板橋區新板商圈,25.00844,121.464735
新北市板橋區新板商圈,25.015419,121.467108
新北市板橋區新板商圈,25.010752,121.461565
新北市板橋區新板商圈,25.008942,121.462901
新北市板橋區新板商圈,25.009427,121.469289
新北市板橋區新板商圈,25.009748,121.46528
新北市板橋區新板商圈,25.010356,121.4666
新北市板橋區新板商圈,25.009377,121.467351
新北市板橋區新板商圈,25.010721,121.467408
新北市板橋區新板商圈,25.008984,121.462931
新北市板橋區新板商圈,25.009145,121.468616
新北市板橋區新板商圈,25.010347,121.466931
新北市板橋區新板商圈,25.011118,121.460819
新北市板橋區新板商圈,25.008794,121.462695
新北市板橋區新板商圈,25.009605,121.465402
新北市板橋區新板商圈,25.015771,121.46787
新北市板橋區新板商圈,25.009025,121.46296
新北市板橋區新板商圈,25.010911,121.461099
新北市板橋區新板商圈,25.008727,121.462749
新北市板橋區新板商圈,25.010766,121.467506
新北市板橋區新板商圈,25.009201,121.468753
新北市板橋區新板商圈,25.01115,121.460777
新北市板橋區新板商圈,25.009385,121.469192
新北市板橋區新板商圈,25.01105,121.460914
新北市板橋區新板商圈,25.010627,121.467208
新北市板橋區新板商圈,25.009188,121.468365
新北市板橋區新板商圈,25.008693,121.463432
新北市板橋區新板商圈,25.010151,121.467045
新北市板橋區新板商圈,25.010229,121.467
新北市板橋區新板商圈,25.008129,121.464617
新北市板橋區新板商圈,25.009182,121.468707
新北市板橋區新板商圈,25.008852,121.462838
新北市板橋區新板商圈,25.010389,121.466907
新北市板橋區新板商圈,25.008685,121.462719
新北市板橋區新板商圈,25.010582,121.467111
新北市板橋區新板商圈,25.008036,121.464577
新北市板橋區江子翠商圈,25.02416,121.459814
新北市板橋區江子翠商圈,25.024157,121.462315
新北市板橋區江子翠商圈,25.024365,121.468598
新北市板橋區江子翠商圈,25.024455,121.461791
新北市板橋區江子翠商圈,25.022208,121.461592
新北市板橋區江子翠商圈,25.024819,121.462485
新北市板橋區江子翠商圈,25.022266,121.461555
新北市板橋區江子翠商圈,25.024698,121.462254
新北市板橋區江子翠商圈,25.024724,121.460017
新北市板橋區江子翠商圈,25.021964,121.461621
新北市板橋區江子翠商圈,25.022171,121.461493
新北市板橋區江子翠商圈,25.024048,121.460446
新北市板橋區江子翠商圈,25.022485,121.464828
新北市板橋區江子翠商圈,25.024188,121.459866
新北市板橋區江子翠商圈,25.024838,121.462161
新北市板橋區江子翠商圈,25.022122,121.461648
新北市板橋區江子翠商圈,25.023837,121.461708
新北市板橋區江子翠商圈,25.025258,121.462174
新北市板橋區江子翠商圈,25.024767,121.45999
新北市板橋區江子翠商圈,25.024384,121.461654
新北市板橋區江子翠商圈,25.025309,121.459645
新北市板橋區江子翠商圈,25.024478,121.461835
新北市板橋區江子翠商圈,25.026041,121.462252
新北市板橋區江子翠商圈,25.022936,121.461019
新北市板橋區江子翠商圈,25.024809,121.462101
新北市板橋區江子翠商圈,25.025976,121.46216
新北市板橋區江子翠商圈,25.026406,121.461886
新北市板橋區江子翠商圈,25.022618,121.464639
新北市板橋區江子翠商圈,25.02176,121.465638
新北市板橋區江子翠商圈,25.02533,121.462311
新北市板橋區江子翠商圈,25.027391,121.462888
新北市板橋區江子翠商圈,25.024441,121.462836
新北市板橋區江子翠商圈,25.026478,121.461986
新北市板橋區江子翠商圈,25.022077,121.461553
新北市板橋區江子翠商圈,25.028439,121.466177
新北市板橋區江子翠商圈,25.026708,121.461695
新北市板橋區江子翠商圈,25.024721,121.459849
新北市板橋區江子翠商圈,25.02299,121.460985
新北市板橋區江子翠商圈,25.026766,121.461658
新北市板橋區江子翠商圈,25.024416,121.462789
新北市板橋區江子翠商圈,25.027053,121.461986
新北市板橋區江子翠商圈,25.022996,121.461105
新北市板橋區江子翠商圈,25.027128,121.462127
新北市板橋區江子翠商圈,25.024829,121.461353
新北市板橋區江子翠商圈,25.024075,121.459904
新北市板橋區江子翠商圈,25.022171,121.461616
新北市板橋區江子翠商圈,25.023144,121.461011
新北市板橋區江子翠商圈,25.022461,121.46143
新北市板橋區江子翠商圈,25.026566,121.461931
新北市板橋區江子翠商圈,25.022368,121.465004
新北市板橋區江子翠商圈,25.022687,121.464563
新北市板橋區江子翠商圈,25.023167,121.464121
新北市板橋區江子翠商圈,25.024101,121.462013
新北市板橋區江子翠商圈,25.023722,121.460651
新北市板橋區江子翠商圈,25.02322,121.46408
新北市板橋區江子翠商圈,25.025035,121.461493
新北市板橋區江子翠商圈,25.026345,121.462068
新北市板橋區江子翠商圈,25.026171,121.462173
新北市板橋區江子翠商圈,25.023757,121.468843
新北市板橋區江子翠商圈,25.024854,121.4614
新北市板橋區江子翠商圈,25.023683,121.460676
新北市板橋區江子翠商圈,25.026611,121.461904
新北市板橋區江子翠商圈,25.026522,121.461959
新北市板橋區江子翠商圈,25.027253,121.462362
新北市板橋區江子翠商圈,25.027294,121.466755
新北市板橋區江子翠商圈,25.026433,121.462013
新北市板橋區江子翠商圈,25.025151,121.461712
新北市板橋區江子翠商圈,25.025472,121.462323
新北市板橋區江子翠商圈,25.025403,121.462647
新北市板橋區江子翠商圈,25.024512,121.459981
新北市板橋區江子翠商圈,25.025392,121.459591
新北市板橋區江子翠商圈,25.02405,121.459857
新北市板橋區江子翠商圈,25.027385,121.46671
新北市板橋區江子翠商圈,25.022445,121.464883
新北市板橋區江子翠商圈,25.023644,121.460701
新北市板橋區江子翠商圈,25.022553,121.461374
新北市板橋區江子翠商圈,25.023453,121.467467
新北市板橋區江子翠商圈,25.023754,121.461336
新北市板橋區江子翠商圈,25.023045,121.461074
新北市板橋區江子翠商圈,25.025352,121.459617
新北市板橋區江子翠商圈,25.023859,121.463644
新北市板橋區江子翠商圈,25.024944,121.46132
新北市板橋區江子翠商圈,25.023536,121.460919
新北市板橋區江子翠商圈,25.024187,121.462368
新北市板橋區江子翠商圈,25.024988,121.461403
新北市板橋區江子翠商圈,25.024662,121.467528
新北市板橋區江子翠商圈,25.026258,121.46212
新北市板橋區江子翠商圈,25.024063,121.46068
新北市板橋區江子翠商圈,25.024881,121.461454
新北市板橋區江子翠商圈,25.025817,121.462261
新北市板橋區江子翠商圈,25.026214,121.462147
新北市板橋區江子翠商圈,25.027475,121.466665
新北市板橋區江子翠商圈,25.027745,121.466528
新北市板橋區江子翠商圈,25.027655,121.466574
新北市板橋區江子翠商圈,25.023588,121.461015
新北市板橋區江子翠商圈,25.02752,121.466642
新北市板橋區江子翠商圈,25.023761,121.460626
新北市板橋區江子翠商圈,25.024472,121.460006
新北市板橋區江子翠商圈,25.023561,121.460966
新北市板橋區江子翠商圈,25.025126,121.461665
新北市板橋區江子翠商圈,25.023861,121.461755
新北市板橋區江子翠商圈,25.024098,121.462203
新北市板橋區江子翠商圈,25.022132,121.461518
新北市板橋區江子翠商圈,25.024478,121.462718
新北市板橋區江子翠商圈,25.027204,121.4668
新北市板橋區江子翠商圈,25.022318,121.461522
新北市板橋區江子翠商圈,25.02761,121.466597
新北市板橋區江子翠商圈,25.024335,121.462456
新北市板橋區江子翠商圈,25.026524,121.461812
新北市板橋區江子翠商圈,25.027249,121.466778
新北市板橋區江子翠商圈,25.022747,121.464495
新北市板橋區江子翠商圈,25.022302,121.465108
新北市板橋區江子翠商圈,25.023902,121.463617
新北市板橋區江子翠商圈,25.024915,121.46152
新北市板橋區江子翠商圈,25.027157,121.466823
新北市板橋區江子翠商圈,25.027078,121.462033
新北市板橋區江子翠商圈,25.023551,121.463846
新北市板橋區江子翠商圈,25.023377,121.463963
新北市板橋區江子翠商圈,25.02743,121.466688
新北市板橋區江子翠商圈,25.027344,121.462918
新北市板橋區江子翠商圈,25.023272,121.464039
新北市板橋區江子翠商圈,25.028347,121.466223
新北市板橋區江子翠商圈,25.028393,121.4662
新北市板橋區江子翠商圈,25.024967,121.462416
新北市板橋區江子翠商圈,25.022331,121.465064
新北市板橋區江子翠商圈,25.022599,121.461346
新北市板橋區江子翠商圈,25.024821,121.462888
新北市板橋區江子翠商圈,25.024592,121.459931
新北市板橋區江子翠商圈,25.022408,121.464944
新北市板橋區江子翠商圈,25.027204,121.463009
新北市板橋區江子翠商圈,25.027297,121.462948
新北市板橋區江子翠商圈,25.026301,121.462094
新北市板橋區江子翠商圈,25.024635,121.459904
新北市板橋區江子翠商圈,25.023324,121.464001
新北市板橋區江子翠商圈,25.026128,121.462199
新北市板橋區江子翠商圈,25.026389,121.462041
新北市板橋區江子翠商圈,25.02734,121.466733
新北市板橋區江子翠商圈,25.022838,121.464394
新北市板橋區江子翠商圈,25.022367,121.461491
新北市板橋區江子翠商圈,25.022794,121.464443
新北市板橋區江子翠商圈,25.024063,121.461939
新北市板橋區江子翠商圈,25.024556,121.462861
新北市板橋區江子翠商圈,25.022037,121.461576
新北市板橋區江子翠商圈,25.025354,121.462358
新北市板橋區江子翠商圈,25.025408,121.462198
新北市板橋區江子翠商圈,25.027178,121.462221
新北市板橋區江子翠商圈,25.026343,121.461926
新北市板橋區江子翠商圈,25.024259,121.462318
新北市板橋區江子翠商圈,25.021648,121.461951
新北市板橋區江子翠商圈,25.025707,121.462332
新北市板橋區江子翠商圈,25.02489,121.462262
新北市板橋區江子翠商圈,25.027203,121.462268
新北市板橋區江子翠商圈,25.024552,121.459956
新北市板橋區江子翠商圈,25.022256,121.465184
新北市板橋區江子翠商圈,25.0277,121.466551
新北市板橋區江子翠商圈,25.026084,121.462226
新北市板橋區江子翠商圈,25.027103,121.46208
新北市板橋區江子翠商圈,25.024761,121.459824
新北市板橋區江子翠商圈,25.023603,121.463811
新北市板橋區江子翠商圈,25.024846,121.461132
新北市板橋區江子翠商圈,25.024678,121.459876
新北市板橋區江子翠商圈,25.025164,121.461997
新北市板橋區江子翠商圈,25.024501,121.461879
新北市板橋區江子翠商圈,25.022819,121.461091
新北市板橋區江子翠商圈,25.024406,121.461698
新北市板橋區江子翠商圈,25.024922,121.462325
新北市板橋區江子翠商圈,25.027153,121.462174
新北市板橋區江子翠商圈,25.024499,121.461514
新北市板橋區江子翠商圈,25.022404,121.461467
新北市板橋區江子翠商圈,25.022075,121.461677
新北市板橋區江子翠商圈,25.027029,121.461938
新北市板橋區江子翠商圈,25.027228,121.462315
新北市林口建成商圈,25.079471,121.386061
新北市林口建成商圈,25.077959,121.393377
新北市林口建成商圈,25.077821,121.393424
新北市林口建成商圈,25.075963,121.385509
新北市林口建成商圈,25.077958,121.393401
新北市林口建成商圈,25.078349,121.384988
新北市林口建成商圈,25.075699,121.385048
新北市林口建成商圈,25.076558,121.3907
新北市林口建成商圈,25.078112,121.387545
新北市林口建成商圈,25.076672,121.389158
新北市林口建成商圈,25.077822,121.393399
新北市林口建成商圈,25.076566,121.390647
新北市林口建成商圈,25.076522,121.390951
新北市林口建成商圈,25.07851,121.384861
新北市林口建成商圈,25.079511,121.385903
新北市林口建成商圈,25.078987,121.385205
新北市林口建成商圈,25.079057,121.385235
新北市林口建成商圈,25.080229,121.385822
新北市林口建成商圈,25.079848,121.385614
新北市林口建成商圈,25.079455,121.386169
新北市林口建成商圈,25.079983,121.388735
新北市林口建成商圈,25.078507,121.391899
新北市林口建成商圈,25.078497,121.392007
新北市林口建成商圈,25.078635,121.393254
新北市林口建成商圈,25.079384,121.385646
新北市林口建成商圈,25.078522,121.391733
新北市林口建成商圈,25.078501,121.391953
新北市林口建成商圈,25.079341,121.385802
新北市林口建成商圈,25.078482,121.392328
新北市林口建成商圈,25.07848,121.392383
新北市林口建成商圈,25.081304,121.389727
新北市林口建成商圈,25.07717,121.387514
新北市林口建成商圈,25.080378,121.389005
新北市林口建成商圈,25.079329,121.385854
新北市林口建成商圈,25.077956,121.393427
新北市林口建成商圈,25.080079,121.388952
新北市林口建成商圈,25.078486,121.392195
新北市林口建成商圈,25.080359,121.385738
新北市林口建成商圈,25.081384,121.389792
新北市林口建成商圈,25.07655,121.390754
新北市林口建成商圈,25.0739,121.389692
新北市林口建成商圈,25.08027,121.385843
新北市林口建成商圈,25.076396,121.391724
新北市林口建成商圈,25.079463,121.386115
新北市林口建成商圈,25.081264,121.389695
新北市林口建成商圈,25.079444,121.388527
新北市林口建成商圈,25.077819,121.393449
新北市林口建成商圈,25.078055,121.387498
新北市林口建成商圈,25.07937,121.385698
新北市林口建成商圈,25.076661,121.389455
新北市林口建成商圈,25.080097,121.385751
新北市林口建成商圈,25.079726,121.388564
新北市林口建成商圈,25.079339,121.388454
新北市林口建成商圈,25.079952,121.388868
新北市林口建成商圈,25.079994,121.388896
新北市林口建成商圈,25.078592,121.387778
新北市林口建成商圈,25.07983,121.388632
新北市林口建成商圈,25.077962,121.393327
新北市林口建成商圈,25.078514,121.387885
新北市林口建成商圈,25.077225,121.38663
新北市林口建成商圈,25.077264,121.386663
新北市林口建成商圈,25.075838,121.385032
新北市林口建成商圈,25.076659,121.389509
新北市林口建成商圈,25.076386,121.391777
新北市林口建成商圈,25.077818,121.393474
新北市林口建成商圈,25.079768,121.388592
新北市林口建成商圈,25.081173,121.389621
新北市林口建成商圈,25.080277,121.385695
新北市林口建成商圈,25.078218,121.384948
新北市林口建成商圈,25.078262,121.384961
新北市林口建成商圈,25.079872,121.38866
新北市林口建成商圈,25.078479,121.38503
新北市林口建成商圈,25.078174,121.384934
新北市林口建成商圈,25.079925,121.385503
新北市林口建成商圈,25.075754,121.385138
新北市林口建成商圈,25.079355,121.38575
新北市林口建成商圈,25.079247,121.38625
新北市林口建成商圈,25.078392,121.385003
新北市林口建成商圈,25.077287,121.387448
新北市林口建成商圈,25.078167,121.387592
新北市林口建成商圈,25.077299,121.38773
新北市林口建成商圈,25.077957,121.387416
新北市林口建成商圈,25.078306,121.384975
新北市林口建成商圈,25.07813,121.38492
新北市林口建成商圈,25.076667,121.389322
新北市林口建成商圈,25.078457,121.38484
新北市林口建成商圈,25.078696,121.390283
新北市林口建成商圈,25.079401,121.38649
新北市林口建成商圈,25.078806,121.387957
新北市林口建成商圈,25.079311,121.387093
新北市林口建成商圈,25.077325,121.386888
新北市林口建成商圈,25.077144,121.386564
新北市林口建成商圈,25.079317,121.385907
新北市林口建成商圈,25.079222,121.386412
新北市林口建成商圈,25.081107,121.388842
新北市林口建成商圈,25.079238,121.386304
新北市林口建成商圈,25.07731,121.387449
新北市林口建成商圈,25.079437,121.386276
新北市林口建成商圈,25.078514,121.387713
新北市林口建成商圈,25.079347,121.385362
新北市林口建成商圈,25.078424,121.393881
新北市林口建成商圈,25.073841,121.389901
新北市林口建成商圈,25.073826,121.389953
新北市林口建成商圈,25.077171,121.387489
新北市林口建成商圈,25.077297,121.387829
新北市林口建成商圈,25.079571,121.385151
新北市林口建成商圈,25.077169,121.387588
新北市林口建成商圈,25.079808,121.385591
新北市林口建成商圈,25.073533,121.390371
新北市林口建成商圈,25.076658,121.389564
新北市林口建成商圈,25.078663,121.392521
新北市林口建成商圈,25.080846,121.389034
新北市林口建成商圈,25.078631,121.393363
新北市林口建成商圈,25.078622,121.393557
新北市林口建成商圈,25.076691,121.388552
新北市林口建成商圈,25.07877,121.387926
新北市林口建成商圈,25.081216,121.389821
新北市林口建成商圈,25.07862,121.393612
新北市林口建成商圈,25.078725,121.391648
新北市林口建成商圈,25.078668,121.392412
新北市林口建成商圈,25.078909,121.389969
新北市林口建成商圈,25.078688,121.392048
新北市林口建成商圈,25.07879,121.391049
新北市林口建成商圈,25.078783,121.391103
新北市林口建成商圈,25.079052,121.388812
新北市林口建成商圈,25.078897,121.390077
新北市林口建成商圈,25.080698,121.388999
新北市林口建成商圈,25.081051,121.38952
新北市林口建成商圈,25.079399,121.385594
新北市林口建成商圈,25.077307,121.387549
新北市林口建成商圈,25.077306,121.387574
新北市林口建成商圈,25.078691,121.391994
新北市林口建成商圈,25.078665,121.392467
新北市林口建成商圈,25.073589,121.390452
新北市林口建成商圈,25.079319,121.387039
新北市林口建成商圈,25.078797,121.390995
新北市林口建成商圈,25.079409,121.386437
新北市林口建成商圈,25.073613,121.390233
新北市林口建成商圈,25.073792,121.389743
新北市林口建成商圈,25.073807,121.389691
新北市林口建成商圈,25.077298,121.387755
新北市林口建成商圈,25.073506,121.390417
新北市林口建成商圈,25.078427,121.393808
新北市林口建成商圈,25.077816,121.393499
新北市林口建成商圈,25.076591,121.388157
新北市林口建成商圈,25.076668,121.389267
新北市林口建成商圈,25.078544,121.391502
新北市林口建成商圈,25.079296,121.388426
新北市林口建成商圈,25.076605,121.387494
新北市林口建成商圈,25.07673,121.387422
新北市林口建成商圈,25.078529,121.391662
新北市林口建成商圈,25.078803,121.390941
新北市林口建成商圈,25.076612,121.386125
新北市林口建成商圈,25.076772,121.386256
新北市林口建成商圈,25.07685,121.38632
新北市林口建成商圈,25.079064,121.387375
新北市林口建成商圈,25.079419,121.386383
新北市林口建成商圈,25.076603,121.387549
新北市林口建成商圈,25.078979,121.389413
新北市林口建成商圈,25.073193,121.390798
新北市林口建成商圈,25.073555,121.39051
新北市林口建成商圈,25.078973,121.389467
新北市林口建成商圈,25.079055,121.387429
新北市林口建成商圈,25.077104,121.386532
新北市林口建成商圈,25.079447,121.386222
新北市林口建成商圈,25.076545,121.389429
新北市林口建成商圈,25.078086,121.384906
新北市林口建成商圈,25.076589,121.388212
新北市林口建成商圈,25.073851,121.389535
新北市林口建成商圈,25.073822,121.389639
新北市林口建成商圈,25.077168,121.387613
新北市林口建成商圈,25.077169,121.387563
新北市林口建成商圈,25.07923,121.386358
新北市林口建成商圈,25.073855,121.389848
新北市林口建成商圈,25.076612,121.387292
新北市林口建成商圈,25.076573,121.388594
新北市林口建成商圈,25.076571,121.388713
新北市林口建成商圈,25.08078,121.389083
新北市林口建成商圈,25.07861,121.384895
新北市林口建成商圈,25.07387,121.389796
新北市林口建成商圈,25.073762,121.389847
新北市林口建成商圈,25.077064,121.386499
新北市林口建成商圈,25.076572,121.388653
新北市林口建成商圈,25.073837,121.389587
新北市林口建成商圈,25.07356,121.390325
新北市林口建成商圈,25.073615,121.390406
新北市林口建成商圈,25.073231,121.390762
新北市林口建成商圈,25.073777,121.389795
新北市林口建成商圈,25.081297,121.388701
新北市林口建成商圈,25.076553,121.38917
新北市林口建成商圈,25.078611,121.393852
新北市林口建成商圈,25.07667,121.389213
新北市林口建成商圈,25.073642,121.39036
新北市林口建成商圈,25.073289,121.390839
新北市林口建成商圈,25.073586,121.390279
新北市林口建成商圈,25.078613,121.393793
新北市林口建成商圈,25.077294,121.38796
新北市林口建成商圈,25.078889,121.390148
新北市林口建成商圈,25.078704,121.390229
新北市林口建成商圈,25.077168,121.387638
新北市林口建成商圈,25.077298,121.387779
新北市林口建成商圈,25.081174,121.388792
新北市林口建成商圈,25.080906,121.38899
新北市林口建成商圈,25.076693,121.386191
新北市林口建成商圈,25.079144,121.386849
新北市林口建成商圈,25.07717,121.387539
新北市林口建成商圈,25.081344,121.38976
新北市林口建成商圈,25.077878,121.38735
新北市林口建成商圈,25.0773,121.387655
新北市林口建成商圈,25.079257,121.386197
新北市林口建成商圈,25.076059,121.393602
新北市林口建成商圈,25.077238,121.386814
新北市林口建成商圈,25.076049,121.393656
新北市林口建成商圈,25.077299,121.387705
新北市林口建成商圈,25.078406,121.384821
新北市林口建成商圈,25.07856,121.384878
新北市林口建成商圈,25.078436,121.385017
新北市林口建成商圈,25.075726,121.385093
新北市林口建成商圈,25.078685,121.392103
新北市林口建成商圈,25.078661,121.392576
新北市林口建成商圈,25.078718,121.39173
新北市林口建成商圈,25.077954,121.393451
新北市林口建成商圈,25.078349,121.387572
新北市林口建成商圈,25.080025,121.388763
新北市林口建成商圈,25.081213,121.389654
新北市林口建成商圈,25.079888,121.385636
新北市林口建成商圈,25.078523,121.385042
新北市林口建成商圈,25.080171,121.385637
新北市林口建成商圈,25.080318,121.385717
新北市林口建成商圈,25.080037,121.388924
新北市林口建成商圈,25.079402,121.388498
新北市林口建成商圈,25.079855,121.385465
新北市林口建成商圈,25.073885,121.389744
新北市林口建成商圈,25.07609,121.393423
新北市林口建成商圈,25.078484,121.392273
新北市林口建成商圈,25.081849,121.388297
新北市林口建成商圈,25.080749,121.389263
新北市林口建成商圈,25.079293,121.386011
新北市林口建成商圈,25.079305,121.385961
新北市林口建成商圈,25.078633,121.393308
新北市林口建成商圈,25.078903,121.390023
新北市林口建成商圈,25.079482,121.386008
新北市林口建成商圈,25.076611,121.387347
新北市林口建成商圈,25.07855,121.391448
新北市林口建成商圈,25.079428,121.386329
新北市林口建成商圈,25.077294,121.387935
新北市林口建成商圈,25.078777,121.391157
新北市林口建成商圈,25.077219,121.387445
新北市林口建成商圈,25.077286,121.386855
新北市林口建成商圈,25.077961,121.393352
新北市林口建成商圈,25.079497,121.385955
新北市林口建成商圈,25.079662,121.388521
新北市林口建成商圈,25.077297,121.387804
新北市林口建成商圈,25.079532,121.388437
新北市林口建成商圈,25.078659,121.39263
新北市林口建成商圈,25.075896,121.385123
新北市林口建成商圈,25.079451,121.388384
新北市林口建成商圈,25.079394,121.386545
新北市林口建成商圈,25.078227,121.387642
新北市林口建成商圈,25.077265,121.387447
新北市林口建成商圈,25.0773,121.38768
新北市林口建成商圈,25.077242,121.387446
新北市永和中興街韓國商圈,25.010871,121.517789
新北市永和中興街韓國商圈,25.011652,121.516548
新北市永和中興街韓國商圈,25.010488,121.518022
新北市永和中興街韓國商圈,25.009321,121.518306
新北市永和中興街韓國商圈,25.012198,121.518747
新北市永和中興街韓國商圈,25.009644,121.518099
新北市永和中興街韓國商圈,25.01198,121.518049
新北市永和中興街韓國商圈,25.012045,121.517964
新北市永和中興街韓國商圈,25.009756,121.51819
新北市永和中興街韓國商圈,25.015427,121.520576
新北市永和中興街韓國商圈,25.012325,121.51915
新北市永和中興街韓國商圈,25.00966,121.518216
新北市永和中興街韓國商圈,25.01055,121.517885
新北市永和中興街韓國商圈,25.010633,121.517986
新北市永和中興街韓國商圈,25.012341,121.518901
新北市永和中興街韓國商圈,25.009595,121.518111
新北市永和中興街韓國商圈,25.00937,121.518294
新北市永和中興街韓國商圈,25.010536,121.518011
新北市永和中興街韓國商圈,25.008684,121.518396
新北市永和中興街韓國商圈,25.008408,121.518545
新北市永和中興街韓國商圈,25.012055,121.518291
新北市永和中興街韓國商圈,25.008752,121.518371
新北市永和中興街韓國商圈,25.011738,121.516262
新北市永和中興街韓國商圈,25.012415,121.519125
新北市永和中興街韓國商圈,25.011841,121.517345
新北市永和中興街韓國商圈,25.011759,121.517091
新北市永和中興街韓國商圈,25.0089,121.518319
新北市永和中興街韓國商圈,25.011673,121.516479
新北市永和中興街韓國商圈,25.011032,121.517733
新北市永和中興街韓國商圈,25.010598,121.517872
新北市永和中興街韓國商圈,25.010933,121.517891
新北市永和中興街韓國商圈,25.010826,121.517927
新北市永和中興街韓國商圈,25.010185,121.518088
新北市永和中興街韓國商圈,25.011611,121.516947
新北市永和中興街韓國商圈,25.010058,121.518116
新北市永和中興街韓國商圈,25.009515,121.518255
新北市永和中興街韓國商圈,25.010823,121.517805
新北市永和中興街韓國商圈,25.010118,121.518103
新北市永和中興街韓國商圈,25.012219,121.518816
新北市永和中興街韓國商圈,25.011613,121.516679
新北市永和中興街韓國商圈,25.012236,121.518867
新北市永和中興街韓國商圈,25.010312,121.51806
新北市永和中興街韓國商圈,25.011707,121.517216
新北市永和中興街韓國商圈,25.01136,121.517723
新北市永和中興街韓國商圈,25.012276,121.518996
新北市永和中興街韓國商圈,25.012256,121.518932
新北市永和中興街韓國商圈,25.012383,121.519028
新北市永和中興街韓國商圈,25.011686,121.51716
新北市永和中興街韓國商圈,25.009804,121.518177
新北市永和中興街韓國商圈,25.008275,121.518857
新北市永和中興街韓國商圈,25.010502,121.517897
新北市永和中興街韓國商圈,25.010252,121.517954
新北市永和中興街韓國商圈,25.009418,121.518281
新北市永和中興街韓國商圈,25.011541,121.51766
新北市永和中興街韓國商圈,25.012307,121.519091
新北市永和中興街韓國商圈,25.011639,121.517027
新北市永和中興街韓國商圈,25.008369,121.518601
新北市永和中興街韓國商圈,25.010981,121.517875
新北市永和中興街韓國商圈,25.011699,121.516394
新北市永和中興街韓國商圈,25.012181,121.518696
新北市永和中興街韓國商圈,25.009825,121.518053
新北市永和中興街韓國商圈,25.011636,121.5166
新北市永和中興街韓國商圈,25.011725,121.517267
新北市永和中興街韓國商圈,25.010359,121.517929
新北市永和中興街韓國商圈,25.010873,121.517912
新北市永和中興街韓國商圈,25.010646,121.517859
新北市永和中興街韓國商圈,25.012324,121.518849
新北市永和中興街韓國商圈,25.008638,121.518413
新北市永和中興街韓國商圈,25.01211,121.518181
新北市永和中興街韓國商圈,25.009611,121.518229
新北市永和中興街韓國商圈,25.009708,121.518203
新北市永和中興街韓國商圈,25.011776,121.517142
新北市永和中興街韓國商圈,25.012442,121.519207
新北市永和中興街韓國商圈,25.012065,121.51803
新北市永和中興街韓國商圈,25.011661,121.517089
新北市永和中興街韓國商圈,25.008971,121.518294
新北市永和中興街韓國商圈,25.009563,121.518242
新北市永和中興街韓國商圈,25.011801,121.517221
新北市永和中興街韓國商圈,25.010234,121.518077
新北市永和中興街韓國商圈,25.011733,121.517011
新北市永和中興街韓國商圈,25.009467,121.518268
新北市永和中興街韓國商圈,25.008861,121.518445
新北市永和中興街韓國商圈,25.012086,121.518102
新北市永和中興街韓國商圈,25.009874,121.518042
新北市永和中興街韓國商圈,25.010918,121.517773
新北市永和中興街韓國商圈,25.008331,121.518657
新北市永和中興街韓國商圈,25.011588,121.517644
新北市石碇觀光商圈,24.99161,121.661498
新北市石碇觀光商圈,24.99158,121.661461
新北市石碇觀光商圈,24.991625,121.661516
新北市石碇觀光商圈,24.987331,121.658752
新北市石碇觀光商圈,24.99164,121.661535
新北市石碇觀光商圈,24.991978,121.658674
新北市石碇觀光商圈,24.991725,121.65864
新北市石碇觀光商圈,24.991724,121.661653
新北市石碇觀光商圈,24.991595,121.66148
新北市石碇觀光商圈,24.991707,121.658638
新北市石碇觀光商圈,24.991412,121.661258
新北市石碇觀光商圈,24.991737,121.661673
新北市石碇觀光商圈,24.991583,121.658613
新北市石碇觀光商圈,24.991565,121.661443
新北市石碇觀光商圈,24.991364,121.661206
新北市石碇觀光商圈,24.991689,121.658636
新北市石碇觀光商圈,24.99185,121.658657
新北市石碇觀光商圈,24.99194,121.658669
新北市石碇觀光商圈,24.992032,121.658681
新北市石碇觀光商圈,24.99043,121.659472
新北市石碇觀光商圈,24.990379,121.65945
新北市石碇觀光商圈,24.99138,121.661223
新北市石碇觀光商圈,24.991823,121.661793
新北市石碇觀光商圈,24.991839,121.661811
新北市石碇觀光商圈,24.990278,121.659407
新北市石碇觀光商圈,24.991965,121.661953
新北市石碇觀光商圈,24.987384,121.658739
新北市石碇觀光商圈,24.988059,121.65863
新北市石碇觀光商圈,24.991437,121.657896
新北市石碇觀光商圈,24.988443,121.658707
新北市石碇觀光商圈,24.991697,121.661614
新北市石碇觀光商圈,24.990228,121.659386
新北市石碇觀光商圈,24.99018,121.659361
新北市石碇觀光商圈,24.991315,121.661154
新北市石碇觀光商圈,24.990531,121.659514
新北市石碇觀光商圈,24.991904,121.658664
新北市石碇觀光商圈,24.991535,121.661406
新北市石碇觀光商圈,24.990329,121.659429
新北市石碇觀光商圈,24.991871,121.661846
新北市石碇觀光商圈,24.991902,121.661882
新北市石碇觀光商圈,24.987707,121.658697
新北市石碇觀光商圈,24.991605,121.661694
新北市石碇觀光商圈,24.991996,121.658676
新北市石碇觀光商圈,24.991331,121.661171
新北市石碇觀光商圈,24.991833,121.658655
新北市石碇觀光商圈,24.987278,121.658767
新北市石碇觀光商圈,24.99171,121.661634
新北市石碇觀光商圈,24.989077,121.658938
新北市石碇觀光商圈,24.988112,121.658641
新北市石碇觀光商圈,24.992014,121.658679
新北市石碇觀光商圈,24.991506,121.661368
新北市石碇觀光商圈,24.987924,121.658714
新北市石碇觀光商圈,24.991777,121.661733
新北市石碇觀光商圈,24.991661,121.661772
新北市石碇觀光商圈,24.991534,121.658609
新北市石碇觀光商圈,24.991886,121.661864
新北市石碇觀光商圈,24.991761,121.658645
新北市石碇觀光商圈,24.991791,121.661753
新北市石碇觀光商圈,24.991779,121.658648
新北市石碇觀光商圈,24.991647,121.661753
新北市石碇觀光商圈,24.991619,121.661714
新北市石碇觀光商圈,24.991918,121.661899
新北市石碇觀光商圈,24.991764,121.661713
新北市石碇觀光商圈,24.99175,121.661693
新北市石碇觀光商圈,24.990581,121.659536
新北市石碇觀光商圈,24.987544,121.658701
新北市石碇觀光商圈,24.987653,121.658698
新北市石碇觀光商圈,24.987816,121.6587
新北市石碇觀光商圈,24.992116,121.658772
新北市石碇觀光商圈,24.991922,121.658667
新北市石碇觀光商圈,24.991886,121.658662
新北市石碇觀光商圈,24.991743,121.658643
新北市石碇觀光商圈,24.991868,121.65866
新北市石碇觀光商圈,24.991591,121.661675
新北市石碇觀光商圈,24.991933,121.661917
新北市石碇觀光商圈,24.991855,121.661828
新北市石碇觀光商圈,24.991396,121.66124
新北市石碇觀光商圈,24.991671,121.658633
新北市石碇觀光商圈,24.98787,121.658707
新北市石碇觀光商圈,24.988495,121.658721
新北市石碇觀光商圈,24.990632,121.659557
新北市石碇觀光商圈,24.991577,121.661655
新北市石碇觀光商圈,24.991633,121.661733
新北市石碇觀光商圈,24.990132,121.659333
新北市石碇觀光商圈,24.991675,121.661792
新北市石碇觀光商圈,24.988653,121.658762
新北市石碇觀光商圈,24.991949,121.661935
新北市石碇觀光商圈,24.99205,121.658683
新北市石碇觀光商圈,24.991797,121.65865
新北市石碇觀光商圈,24.991815,121.658652
新北市石碇觀光商圈,24.992116,121.658752
新北市石碇觀光商圈,24.991428,121.661275
新北市石碇觀光商圈,24.987761,121.658697
新北市石碇觀光商圈,24.98839,121.658693
新北市石碇觀光商圈,24.987489,121.658711
新北市石碇觀光商圈,24.987437,121.658725
新北市石碇觀光商圈,24.987226,121.658783
新北市石碇觀光商圈,24.991348,121.661188
新北市石碇觀光商圈,24.987599,121.658698
新北市石碇觀光商圈,24.990682,121.659579
新北市石碇觀光商圈,24.991684,121.661594
新北市石碇觀光商圈,24.99167,121.661574
新北市石碇觀光商圈,24.991476,121.661331
新北市石碇觀光商圈,24.99152,121.661387
新北市石碇觀光商圈,24.991491,121.661349
新北市石碇觀光商圈,24.991653,121.658631
新北市石碇觀光商圈,24.99048,121.659493
新北市石碇觀光商圈,24.988706,121.658776
新北市石碇觀光商圈,24.988548,121.658734
新北市石碇觀光商圈,24.988601,121.658748
新北市蘆洲區商圈,25.076329,121.48054
新北市蘆洲區商圈,25.076812,121.479446
新北市蘆洲區商圈,25.0764,121.480118
新北市蘆洲區商圈,25.076331,121.480595
新北市蘆洲區商圈,25.078792,121.482708
新北市蘆洲區商圈,25.081779,121.485861
新北市蘆洲區商圈,25.076505,121.479941
新北市蘆洲區商圈,25.076333,121.48065
新北市蘆洲區商圈,25.083671,121.481043
新北市蘆洲區商圈,25.083599,121.481013
新北市蘆洲區商圈,25.083354,121.483194
新北市蘆洲區商圈,25.083404,121.480675
新北市蘆洲區商圈,25.076779,121.480753
新北市蘆洲區商圈,25.076428,121.480073
新北市蘆洲區商圈,25.076562,121.479852
新北市蘆洲區商圈,25.083199,121.480845
新北市蘆洲區商圈,25.083491,121.480967
新北市蘆洲區商圈,25.084542,121.481418
新北市蘆洲區商圈,25.076926,121.479267
新北市蘆洲區商圈,25.076534,121.479897
新北市蘆洲區商圈,25.076367,121.481024
新北市蘆洲區商圈,25.080426,121.480319
新北市蘆洲區商圈,25.077273,121.48345
新北市蘆洲區商圈,25.07659,121.479807
新北市蘆洲區商圈,25.07673,121.480764
新北市蘆洲區商圈,25.084853,121.481576
新北市蘆洲區商圈,25.084396,121.481097
新北市蘆洲區商圈,25.076897,121.479311
新北市蘆洲區商圈,25.080724,121.482587
新北市蘆洲區商圈,25.08074,121.482638
新北市蘆洲區商圈,25.079065,121.482215
新北市蘆洲區商圈,25.076462,121.481984
新北市蘆洲區商圈,25.076536,121.481911
新北市蘆洲區商圈,25.083815,121.483955
新北市蘆洲區商圈,25.083366,121.483054
新北市蘆洲區商圈,25.080382,121.481976
新北市蘆洲區商圈,25.083318,121.482958
新北市蘆洲區商圈,25.08142,121.477731
新北市蘆洲區商圈,25.077936,121.483719
新北市蘆洲區商圈,25.081236,121.477597
新北市蘆洲區商圈,25.076536,121.480808
新北市蘆洲區商圈,25.076287,121.481042
新北市蘆洲區商圈,25.07679,121.480834
新北市蘆洲區商圈,25.079039,121.482262
新北市蘆洲區商圈,25.08475,121.481259
新北市蘆洲區商圈,25.083292,121.480884
新北市蘆洲區商圈,25.084496,121.481397
新北市蘆洲區商圈,25.076487,121.48082
新北市蘆洲區商圈,25.083781,121.484036
新北市蘆洲區商圈,25.077194,121.479298
新北市蘆洲區商圈,25.077232,121.479334
新北市蘆洲區商圈,25.081362,121.477968
新北市蘆洲區商圈,25.076949,121.483262
新北市蘆洲區商圈,25.076779,121.482965
新北市蘆洲區商圈,25.08435,121.481077
新北市蘆洲區商圈,25.076584,121.480797
新北市蘆洲區商圈,25.083757,121.483988
新北市蘆洲區商圈,25.076869,121.479356
新北市蘆洲區商圈,25.083377,121.483242
新北市蘆洲區商圈,25.080426,121.482115
新北市蘆洲區商圈,25.083838,121.484003
新北市蘆洲區商圈,25.078234,121.483721
新北市蘆洲區商圈,25.084954,121.481631
新北市蘆洲區商圈,25.081252,121.477533
新北市蘆洲區商圈,25.076544,121.481965
新北市蘆洲區商圈,25.076827,121.480742
新北市蘆洲區商圈,25.083553,121.480993
新北市蘆洲區商圈,25.0831,121.480803
新北市蘆洲區商圈,25.076633,121.480786
新北市蘆洲區商圈,25.084404,121.481356
新北市蘆洲區商圈,25.084658,121.481215
新北市蘆洲區商圈,25.08176,121.485798
新北市蘆洲區商圈,25.084704,121.481237
新北市蘆洲區商圈,25.079091,121.482169
新北市蘆洲區商圈,25.084588,121.48144
新北市蘆洲區商圈,25.07684,121.4794
新北市蘆洲區商圈,25.081193,121.477764
新北市蘆洲區商圈,25.07826,121.483674
新北市蘆洲區商圈,25.084358,121.481336
新北市蘆洲區商圈,25.076561,121.48208
新北市蘆洲區商圈,25.082994,121.480759
新北市蘆洲區商圈,25.081223,121.47765
新北市蘆洲區商圈,25.083342,121.483006
新北市蘆洲區商圈,25.076682,121.480775
新北市蘆洲區商圈,25.081408,121.477784
新北市蘆洲區商圈,25.076823,121.482991
新北市蘆洲區商圈,25.081157,121.477911
新北市蘆洲區商圈,25.083071,121.480537
新北市蘆洲區商圈,25.080196,121.481216
新北市蘆洲區商圈,25.081081,121.478226
新北市蘆洲區商圈,25.083053,121.480784
新北市蘆洲區商圈,25.077082,121.47919
新北市蘆洲區商圈,25.08445,121.481377
新北市蘆洲區商圈,25.081552,121.477211
新北市蘆洲區商圈,25.081375,121.477915
新北市蘆洲區商圈,25.081206,121.477712
新北市金山商圈,25.221127,121.642998
新北市金山商圈,25.221122,121.642944
新北市金山商圈,25.221199,121.636686
新北市金山商圈,25.218702,121.641711
新北市金山商圈,25.220287,121.636202
新北市金山商圈,25.220652,121.636751
新北市金山商圈,25.223269,121.636157
新北市金山商圈,25.218966,121.641869
新北市金山商圈,25.221526,121.635805
新北市金山商圈,25.221747,121.643183
新北市金山商圈,25.221808,121.643269
新北市金山商圈,25.221127,121.642768
新北市金山商圈,25.221214,121.643332
新北市金山商圈,25.223429,121.636028
新北市金山商圈,25.22052,121.635558
新北市金山商圈,25.219074,121.641877
新北市金山商圈,25.219445,121.641908
新北市金山商圈,25.221507,121.635974
新北市金山商圈,25.220598,121.635485
新北市金山商圈,25.220402,121.635669
新北市金山商圈,25.221839,121.643312
新北市金山商圈,25.220591,121.636659
新北市金山商圈,25.221911,121.643414
新北市金山商圈,25.220547,121.637355
新北市金山商圈,25.219781,121.641811
新北市金山商圈,25.22062,121.63728
新北市金山商圈,25.221284,121.63553
新北市金山商圈,25.219225,121.636989
新北市金山商圈,25.219646,121.6418
新北市金山商圈,25.219109,121.64175
新北市金山商圈,25.219833,121.641942
新北市金山商圈,25.22126,121.635482
新北市金山商圈,25.219341,121.6419
新北市金山商圈,25.219271,121.636826
新北市金山商圈,25.221386,121.635735
新北市金山商圈,25.221459,121.635878
新北市金山商圈,25.221333,121.635433
新北市金山商圈,25.221531,121.636021
新北市金山商圈,25.221483,121.635926
新北市金山商圈,25.221434,121.635831
新北市金山商圈,25.221362,121.635688
新北市金山商圈,25.221338,121.63564
新北市金山商圈,25.22141,121.635783
新北市金山商圈,25.219255,121.63688
新北市金山商圈,25.219507,121.637775
新北市金山商圈,25.21923,121.637258
新北市金山商圈,25.222734,121.636584
新北市金山商圈,25.218912,121.641865
新北市金山商圈,25.221299,121.643482
新北市金山商圈,25.221123,121.642822
新北市金山商圈,25.218804,121.641853
新北市金山商圈,25.218594,121.641702
新北市金山商圈,25.22331,121.636125
新北市金山商圈,25.220682,121.636796
新北市金山商圈,25.221194,121.643283
新北市金山商圈,25.22112,121.642876
新北市金山商圈,25.221717,121.64314
新北市金山商圈,25.221778,121.643226
新北市金山商圈,25.219255,121.637368
新北市金山商圈,25.218839,121.641728
新北市金山商圈,25.219725,121.641932
新北市金山商圈,25.219813,121.636218
新北市金山商圈,25.219775,121.636253
新北市金山商圈,25.221134,121.643052
新北市金山商圈,25.219391,121.637631
新北市金山商圈,25.220677,121.635411
新北市金山商圈,25.219986,121.637899
新北市金山商圈,25.222822,121.636514
新北市金山商圈,25.221143,121.643105
新北市金山商圈,25.220713,121.636842
新北市金山商圈,25.220621,121.636705
新北市金山商圈,25.22053,121.636568
新北市金山商圈,25.220439,121.63643
新北市金山商圈,25.220378,121.636339
新北市金山商圈,25.220138,121.637747
新北市金山商圈,25.221551,121.635855
新北市金山商圈,25.221661,121.636074
新北市金山商圈,25.219643,121.637946
新北市金山商圈,25.219541,121.637818
新北市金山商圈,25.223094,121.636291
新北市金山商圈,25.21924,121.636934
新北市金山商圈,25.221687,121.643097
新北市金山商圈,25.219575,121.63786
新北市金山商圈,25.220253,121.637634
新北市金山商圈,25.221596,121.635944
新北市金山商圈,25.219948,121.637938
新北市金山商圈,25.219745,121.638074
新北市金山商圈,25.219711,121.638031
新北市金山商圈,25.220061,121.637822
新北市金山商圈,25.218696,121.641845
新北市金山商圈,25.219148,121.641883
新北市金山商圈,25.21875,121.641848
新北市金山商圈,25.219203,121.641887
新北市金山商圈,25.221177,121.643232
新北市金山商圈,25.219698,121.636323
新北市金山商圈,25.219932,121.636109
新北市金山商圈,25.21997,121.636073
新北市金山商圈,25.219609,121.637903
新北市金山商圈,25.219677,121.637988
新北市金山商圈,25.22145,121.635657
新北市金山商圈,25.220408,121.636385
新北市金山商圈,25.220246,121.635816
新北市金山商圈,25.219779,121.641937
新北市金山商圈,25.219661,121.641927
新北市金山商圈,25.219553,121.641917
新北市金山商圈,25.219607,121.641922
新北市金山商圈,25.218974,121.641739
新北市金山商圈,25.220324,121.635743
新北市金山商圈,25.220363,121.635706
新北市金山商圈,25.219268,121.637423
新北市金山商圈,25.220023,121.637861
新北市金山商圈,25.219872,121.638015
新北市金山商圈,25.220931,121.636951
新北市金山商圈,25.221122,121.636761
新北市金山商圈,25.22116,121.636724
新北市金山商圈,25.220912,121.63519
新北市金山商圈,25.220833,121.635264
新北市金山商圈,25.220481,121.635595
新北市金山商圈,25.220256,121.636156
新北市金山商圈,25.220317,121.636248
新北市金山商圈,25.22056,121.636613
新北市金山商圈,25.220285,121.635779
新北市金山商圈,25.223006,121.636366
新北市金山商圈,25.219622,121.636393
新北市金山商圈,25.219499,121.641913
新北市金山商圈,25.223047,121.636334
新北市金山商圈,25.220348,121.636293
新北市金山商圈,25.221309,121.635385
新北市金山商圈,25.220969,121.636913
新北市金山商圈,25.221007,121.636875
新北市金山商圈,25.221639,121.636031
新北市金山商圈,25.21991,121.637977
新北市金山商圈,25.220695,121.637202
新北市金山商圈,25.220584,121.637318
新北市金山商圈,25.221288,121.636594
新北市金山商圈,25.219218,121.637203
新北市金山商圈,25.220442,121.635632
新北市金山商圈,25.21902,121.641873
新北市金山商圈,25.22339,121.63606
新北市金山商圈,25.221501,121.635756
新北市金山商圈,25.220559,121.635522
新北市金山商圈,25.219341,121.63669
新北市金山商圈,25.21966,121.636358
新北市金山商圈,25.222694,121.636616
新北市金山商圈,25.220637,121.635448
新北市金山商圈,25.222781,121.636547
新北市金山商圈,25.2205,121.636522
新北市金山商圈,25.220743,121.636888
新北市金山商圈,25.220773,121.636934
新北市金山商圈,25.219243,121.637313
新北市金山商圈,25.220951,121.635154
新北市金山商圈,25.220794,121.635301
新北市金山商圈,25.221324,121.636557
新北市金山商圈,25.219737,121.636288
新北市金山商圈,25.220469,121.636476
新北市金山商圈,25.218648,121.641707
新北市金山商圈,25.223469,121.635996
新北市金山商圈,25.221575,121.635901
新北市金山商圈,25.221476,121.635706
新北市金山商圈,25.220755,121.635338
新北市金山商圈,25.220872,121.635227
新北市金山商圈,25.221263,121.643426
新北市金山商圈,25.221046,121.636837
新北市金山商圈,25.221238,121.643379
新北市金山商圈,25.221084,121.636799
新北市金山商圈,25.221618,121.635987
新北市金山商圈,25.220716,121.635374
新北市金山商圈,25.221941,121.643458
新北市金山商圈,25.219313,121.636737
新北市金山商圈,25.220658,121.637241
新北市金山商圈,25.219321,121.637531
新北市金山商圈,25.220099,121.637784
新北市金山商圈,25.22188,121.643371
新北市鶯歌區陶瓷藝術商圈,24.949394,121.348637
新北市鶯歌區陶瓷藝術商圈,24.955021,121.350478
新北市鶯歌區陶瓷藝術商圈,24.953986,121.34904
新北市鶯歌區陶瓷藝術商圈,24.949517,121.349101
新北市鶯歌區陶瓷藝術商圈,24.953362,121.347239
新北市鶯歌區陶瓷藝術商圈,24.953426,121.349469
新北市鶯歌區陶瓷藝術商圈,24.949558,121.349259
新北市鶯歌區陶瓷藝術商圈,24.955126,121.350658
新北市鶯歌區陶瓷藝術商圈,24.94953,121.349154
新北市鶯歌區陶瓷藝術商圈,24.953026,121.345731
新北市鶯歌區陶瓷藝術商圈,24.954002,121.346412
新北市鶯歌區陶瓷藝術商圈,24.953441,121.35419
新北市鶯歌區陶瓷藝術商圈,24.953424,121.354134
新北市鶯歌區陶瓷藝術商圈,24.952937,121.345736
新北市鶯歌區陶瓷藝術商圈,24.949407,121.348689
新北市鶯歌區陶瓷藝術商圈,24.953248,121.346236
新北市鶯歌區陶瓷藝術商圈,24.954008,121.346644
新北市鶯歌區陶瓷藝術商圈,24.954,121.346358
新北市鶯歌區陶瓷藝術商圈,24.953998,121.346297
新北市鶯歌區陶瓷藝術商圈,24.953098,121.345885
新北市鶯歌區陶瓷藝術商圈,24.953229,121.346186
新北市鶯歌區陶瓷藝術商圈,24.953996,121.346243
新北市鶯歌區陶瓷藝術商圈,24.953096,121.346079
新北市鶯歌區陶瓷藝術商圈,24.953382,121.346668
新北市鶯歌區陶瓷藝術商圈,24.95296,121.345785
新北市鶯歌區陶瓷藝術商圈,24.953415,121.349871
新北市鶯歌區陶瓷藝術商圈,24.949352,121.348471
新北市鶯歌區陶瓷藝術商圈,24.953369,121.347303
新北市鶯歌區陶瓷藝術商圈,24.953338,121.346501
新北市鶯歌區陶瓷藝術商圈,24.953254,121.3465
新北市鶯歌區陶瓷藝術商圈,24.953028,121.34593
新北市鶯歌區陶瓷藝術商圈,24.949571,121.349311
新北市鶯歌區陶瓷藝術商圈,24.953632,121.350406
新北市鶯歌區陶瓷藝術商圈,24.953414,121.347812
新北市鶯歌區陶瓷藝術商圈,24.953394,121.34672
新北市鶯歌區陶瓷藝術商圈,24.953138,121.346179
新北市鶯歌區陶瓷藝術商圈,24.953936,121.349044
新北市鶯歌區陶瓷藝術商圈,24.953687,121.349055
新北市鶯歌區陶瓷藝術商圈,24.949544,121.349206
新北市鶯歌區陶瓷藝術商圈,24.953005,121.345882
新北市鶯歌區陶瓷藝術商圈,24.953117,121.346129
新北市鶯歌區陶瓷藝術商圈,24.952982,121.345833
新北市鶯歌區陶瓷藝術商圈,24.953736,121.349053
新北市鶯歌區陶瓷藝術商圈,24.953375,121.347357
新北市鶯歌區陶瓷藝術商圈,24.949503,121.349049
新北市鶯歌區陶瓷藝術商圈,24.955087,121.35059
新北市鶯歌區陶瓷藝術商圈,24.954951,121.350355
新北市鶯歌區陶瓷藝術商圈,24.94942,121.348742
新北市鶯歌區陶瓷藝術商圈,24.953459,121.354247
新北市鶯歌區陶瓷藝術商圈,24.953554,121.348677
新北市鶯歌區陶瓷藝術商圈,24.953323,121.34645
新北市鶯歌區陶瓷藝術商圈,24.953429,121.349388
新北市鶯歌區陶瓷藝術商圈,24.953209,121.346136
新北市鶯歌區陶瓷藝術商圈,24.95506,121.350545
新北市鶯歌區陶瓷藝術商圈,24.954995,121.350432
新北市鶯歌區陶瓷藝術商圈,24.953177,121.346279
新北市鶯歌區陶瓷藝術商圈,24.95316,121.346019
新北市鶯歌區陶瓷藝術商圈,24.949365,121.348523
新北市鶯歌區陶瓷藝術商圈,24.953074,121.34603
新北市鶯歌區陶瓷藝術商圈,24.954905,121.350277
