period_sort,period_label,iso_date,city,energy_type,capacity_kw
101-00,101年,2012-01-01T00:00:00+08:00,台北市,其他(含水力),0
101-00,101年,2012-01-01T00:00:00+08:00,台北市,太陽光電,172
101-00,101年,2012-01-01T00:00:00+08:00,台北市,風力,0
101-00,101年,2012-01-01T00:00:00+08:00,新北市,其他(含水力),110720
101-00,101年,2012-01-01T00:00:00+08:00,新北市,太陽光電,569
101-00,101年,2012-01-01T00:00:00+08:00,新北市,風力,9960
102-00,102年,2013-01-01T00:00:00+08:00,台北市,其他(含水力),0
102-00,102年,2013-01-01T00:00:00+08:00,台北市,太陽光電,236
102-00,102年,2013-01-01T00:00:00+08:00,台北市,風力,0
102-00,102年,2013-01-01T00:00:00+08:00,新北市,其他(含水力),110720
102-00,102年,2013-01-01T00:00:00+08:00,新北市,太陽光電,870
102-00,102年,2013-01-01T00:00:00+08:00,新北市,風力,9960
103-00,103年,2014-01-01T00:00:00+08:00,台北市,其他(含水力),0
103-00,103年,2014-01-01T00:00:00+08:00,台北市,太陽光電,284
103-00,103年,2014-01-01T00:00:00+08:00,台北市,風力,0
103-00,103年,2014-01-01T00:00:00+08:00,新北市,其他(含水力),110720
103-00,103年,2014-01-01T00:00:00+08:00,新北市,太陽光電,3968
103-00,103年,2014-01-01T00:00:00+08:00,新北市,風力,9960
104-00,104年,2015-01-01T00:00:00+08:00,台北市,其他(含水力),0
104-00,104年,2015-01-01T00:00:00+08:00,台北市,太陽光電,423
104-00,104年,2015-01-01T00:00:00+08:00,台北市,風力,0
104-00,104年,2015-01-01T00:00:00+08:00,新北市,其他(含水力),110720
104-00,104年,2015-01-01T00:00:00+08:00,新北市,太陽光電,6567
104-00,104年,2015-01-01T00:00:00+08:00,新北市,風力,9960
105-00,105年,2016-01-01T00:00:00+08:00,台北市,其他(含水力),0
105-00,105年,2016-01-01T00:00:00+08:00,台北市,太陽光電,468
105-00,105年,2016-01-01T00:00:00+08:00,台北市,風力,0
105-00,105年,2016-01-01T00:00:00+08:00,新北市,其他(含水力),110720
105-00,105年,2016-01-01T00:00:00+08:00,新北市,太陽光電,9984
105-00,105年,2016-01-01T00:00:00+08:00,新北市,風力,9960
106-00,106年,2017-01-01T00:00:00+08:00,台北市,其他(含水力),0
106-00,106年,2017-01-01T00:00:00+08:00,台北市,太陽光電,6029
106-00,106年,2017-01-01T00:00:00+08:00,台北市,風力,0
106-00,106年,2017-01-01T00:00:00+08:00,新北市,其他(含水力),110720
106-00,106年,2017-01-01T00:00:00+08:00,新北市,太陽光電,13586
106-00,106年,2017-01-01T00:00:00+08:00,新北市,風力,9960
107-00,107年,2018-01-01T00:00:00+08:00,台北市,其他(含水力),0
107-00,107年,2018-01-01T00:00:00+08:00,台北市,太陽光電,10902
107-00,107年,2018-01-01T00:00:00+08:00,台北市,風力,0
107-00,107年,2018-01-01T00:00:00+08:00,新北市,其他(含水力),110720
107-00,107年,2018-01-01T00:00:00+08:00,新北市,太陽光電,20231
107-00,107年,2018-01-01T00:00:00+08:00,新北市,風力,9960
108-00,108年,2019-01-01T00:00:00+08:00,台北市,其他(含水力),0
108-00,108年,2019-01-01T00:00:00+08:00,台北市,太陽光電,19386
108-00,108年,2019-01-01T00:00:00+08:00,台北市,風力,0
108-00,108年,2019-01-01T00:00:00+08:00,新北市,其他(含水力),110720
108-00,108年,2019-01-01T00:00:00+08:00,新北市,太陽光電,25606
108-00,108年,2019-01-01T00:00:00+08:00,新北市,風力,9960
109-00,109年,2020-01-01T00:00:00+08:00,台北市,其他(含水力),260
109-00,109年,2020-01-01T00:00:00+08:00,台北市,太陽光電,33674
109-00,109年,2020-01-01T00:00:00+08:00,台北市,風力,0
109-00,109年,2020-01-01T00:00:00+08:00,新北市,其他(含水力),110720
109-00,109年,2020-01-01T00:00:00+08:00,新北市,太陽光電,49434
109-00,109年,2020-01-01T00:00:00+08:00,新北市,風力,14660
110-00,110年,2021-01-01T00:00:00+08:00,台北市,其他(含水力),260
110-00,110年,2021-01-01T00:00:00+08:00,台北市,太陽光電,40515
110-00,110年,2021-01-01T00:00:00+08:00,台北市,風力,0
110-00,110年,2021-01-01T00:00:00+08:00,新北市,其他(含水力),110720
110-00,110年,2021-01-01T00:00:00+08:00,新北市,太陽光電,70907
110-00,110年,2021-01-01T00:00:00+08:00,新北市,風力,13340
111-00,111年,2022-01-01T00:00:00+08:00,台北市,其他(含水力),260
111-00,111年,2022-01-01T00:00:00+08:00,台北市,太陽光電,65175
111-00,111年,2022-01-01T00:00:00+08:00,台北市,風力,0
111-00,111年,2022-01-01T00:00:00+08:00,新北市,其他(含水力),110720
111-00,111年,2022-01-01T00:00:00+08:00,新北市,太陽光電,129453
111-00,111年,2022-01-01T00:00:00+08:00,新北市,風力,13340
112-00,112年,2023-01-01T00:00:00+08:00,台北市,其他(含水力),260
112-00,112年,2023-01-01T00:00:00+08:00,台北市,太陽光電,75080
112-00,112年,2023-01-01T00:00:00+08:00,台北市,風力,0
112-00,112年,2023-01-01T00:00:00+08:00,新北市,其他(含水力),111720
112-00,112年,2023-01-01T00:00:00+08:00,新北市,太陽光電,159402
112-00,112年,2023-01-01T00:00:00+08:00,新北市,風力,13340
113-00,113年,2024-01-01T00:00:00+08:00,台北市,其他(含水力),260
113-00,113年,2024-01-01T00:00:00+08:00,台北市,太陽光電,80242
113-00,113年,2024-01-01T00:00:00+08:00,台北市,風力,0
113-00,113年,2024-01-01T00:00:00+08:00,新北市,其他(含水力),111920
113-00,113年,2024-01-01T00:00:00+08:00,新北市,太陽光電,184135
113-00,113年,2024-01-01T00:00:00+08:00,新北市,風力,13340
114-00,114年,2025-01-01T00:00:00+08:00,台北市,其他(含水力),260
114-00,114年,2025-01-01T00:00:00+08:00,台北市,太陽光電,83445
114-00,114年,2025-01-01T00:00:00+08:00,台北市,風力,0
114-00,114年,2025-01-01T00:00:00+08:00,新北市,其他(含水力),111970
114-00,114年,2025-01-01T00:00:00+08:00,新北市,太陽光電,198720
114-00,114年,2025-01-01T00:00:00+08:00,新北市,風力,13340
115-02,115年 2月,2026-02-01T00:00:00+08:00,台北市,其他(含水力),260
115-02,115年 2月,2026-02-01T00:00:00+08:00,台北市,太陽光電,83862
115-02,115年 2月,2026-02-01T00:00:00+08:00,台北市,風力,0
115-02,115年 2月,2026-02-01T00:00:00+08:00,新北市,其他(含水力),111970
115-02,115年 2月,2026-02-01T00:00:00+08:00,新北市,太陽光電,202752
115-02,115年 2月,2026-02-01T00:00:00+08:00,新北市,風力,13340
